person,noise_type,intensity,ok,similarity,extract_failed
Abdullah_Gul,gaussian,0.00000000,1,1.00000012,0
Abdullah_Gul,gaussian,0.02000000,1,0.99033523,0
Abdullah_Gul,gaussian,0.05000000,1,0.96160507,0
Abdullah_Gul,gaussian,0.10000000,1,0.92131424,0
Abdullah_Gul,gaussian,0.20000000,0,nan,1
Abdullah_Gul,gaussian,0.30000000,0,nan,1
Abdullah_Gul,brightness,1.00000000,1,1.00000012,0
Abdullah_Gul,brightness,0.90000000,1,0.99945265,0
Abdullah_Gul,brightness,0.80000000,1,0.99844551,0
Abdullah_Gul,brightness,0.65000000,1,0.99592400,0
Abdullah_Gul,brightness,0.50000000,1,0.99300104,0
Abdullah_Gul,brightness,0.35000000,1,0.98624802,0
Abdullah_Gul,rotation,0.00000000,1,1.00000012,0
Abdullah_Gul,rotation,3.00000000,1,0.99891621,0
Abdullah_Gul,rotation,6.00000000,1,0.99696416,0
Abdullah_Gul,rotation,10.00000000,1,0.99440348,0
Abdullah_Gul,rotation,15.00000000,1,0.99544907,0
Abdullah_Gul,rotation,20.00000000,1,0.99262524,0
Abdullah_Gul,blur,0.00000000,1,0.99696177,0
Abdullah_Gul,blur,1.00000000,1,0.99653542,0
Abdullah_Gul,blur,2.00000000,1,0.97437209,0
Abdullah_Gul,blur,3.00000000,1,0.91523182,0
Abdullah_Gul,blur,4.00000000,0,0.82638901,0
Abdullah_Gul,blur,5.00000000,1,0.73694479,0
Abdullah_Gul,occlusion,0.00000000,1,0.99940574,0
Abdullah_Gul,occlusion,0.10000000,0,0.46792048,0
Abdullah_Gul,occlusion,0.15000000,0,nan,1
Abdullah_Gul,occlusion,0.20000000,0,nan,1
Abdullah_Gul,occlusion,0.25000000,0,nan,1
Abdullah_Gul,occlusion,0.30000000,0,nan,1
Adrien_Brody,gaussian,0.00000000,1,0.99999994,0
Adrien_Brody,gaussian,0.02000000,1,0.98954111,0
Adrien_Brody,gaussian,0.05000000,1,0.96441680,0
Adrien_Brody,gaussian,0.10000000,1,0.88440323,0
Adrien_Brody,gaussian,0.20000000,0,nan,1
Adrien_Brody,gaussian,0.30000000,0,nan,1
Adrien_Brody,brightness,1.00000000,1,0.99999994,0
Adrien_Brody,brightness,0.90000000,1,0.99945450,0
Adrien_Brody,brightness,0.80000000,1,0.99823952,0
Adrien_Brody,brightness,0.65000000,1,0.99568391,0
Adrien_Brody,brightness,0.50000000,1,0.99247271,0
Adrien_Brody,brightness,0.35000000,1,0.98556554,0
Adrien_Brody,rotation,0.00000000,1,0.99999994,0
Adrien_Brody,rotation,3.00000000,1,0.99810350,0
Adrien_Brody,rotation,6.00000000,1,0.99718666,0
Adrien_Brody,rotation,10.00000000,1,0.99379420,0
Adrien_Brody,rotation,15.00000000,1,0.99287254,0
Adrien_Brody,rotation,20.00000000,1,0.99122095,0
Adrien_Brody,blur,0.00000000,1,0.99529880,0
Adrien_Brody,blur,1.00000000,1,0.99446911,0
Adrien_Brody,blur,2.00000000,1,0.96991098,0
Adrien_Brody,blur,3.00000000,1,0.92148954,0
Adrien_Brody,blur,4.00000000,0,0.81641251,0
Adrien_Brody,blur,5.00000000,0,0.71126151,0
Adrien_Brody,occlusion,0.00000000,1,0.99870491,0
Adrien_Brody,occlusion,0.10000000,0,0.30845535,0
Adrien_Brody,occlusion,0.15000000,0,nan,1
Adrien_Brody,occlusion,0.20000000,0,nan,1
Adrien_Brody,occlusion,0.25000000,0,nan,1
Adrien_Brody,occlusion,0.30000000,0,nan,1
Ahmed_Chalabi,gaussian,0.00000000,1,1.00000000,0
Ahmed_Chalabi,gaussian,0.02000000,1,0.98432505,0
Ahmed_Chalabi,gaussian,0.05000000,1,0.93594670,0
Ahmed_Chalabi,gaussian,0.10000000,1,0.85214669,0
Ahmed_Chalabi,gaussian,0.20000000,0,nan,1
Ahmed_Chalabi,gaussian,0.30000000,0,nan,1
Ahmed_Chalabi,brightness,1.00000000,1,1.00000000,0
Ahmed_Chalabi,brightness,0.90000000,1,0.99902785,0
Ahmed_Chalabi,brightness,0.80000000,1,0.99742508,0
Ahmed_Chalabi,brightness,0.65000000,1,0.99483585,0
Ahmed_Chalabi,brightness,0.50000000,1,0.99071658,0
Ahmed_Chalabi,brightness,0.35000000,1,0.98434794,0
Ahmed_Chalabi,rotation,0.00000000,1,1.00000000,0
Ahmed_Chalabi,rotation,3.00000000,1,0.99436975,0
Ahmed_Chalabi,rotation,6.00000000,1,0.99387497,0
Ahmed_Chalabi,rotation,10.00000000,1,0.99479437,0
Ahmed_Chalabi,rotation,15.00000000,1,0.99453956,0
Ahmed_Chalabi,rotation,20.00000000,1,0.99535960,0
Ahmed_Chalabi,blur,0.00000000,1,0.99148053,0
Ahmed_Chalabi,blur,1.00000000,1,0.98960817,0
Ahmed_Chalabi,blur,2.00000000,1,0.93935192,0
Ahmed_Chalabi,blur,3.00000000,1,0.84906173,0
Ahmed_Chalabi,blur,4.00000000,0,0.73729587,0
Ahmed_Chalabi,blur,5.00000000,0,0.61019444,0
Ahmed_Chalabi,occlusion,0.00000000,1,0.99881160,0
Ahmed_Chalabi,occlusion,0.10000000,0,nan,1
Ahmed_Chalabi,occlusion,0.15000000,0,nan,1
Ahmed_Chalabi,occlusion,0.20000000,0,nan,1
Ahmed_Chalabi,occlusion,0.25000000,0,nan,1
Ahmed_Chalabi,occlusion,0.30000000,0,nan,1
Ai_Sugiyama,gaussian,0.00000000,1,1.00000000,0
Ai_Sugiyama,gaussian,0.02000000,1,0.98759335,0
Ai_Sugiyama,gaussian,0.05000000,1,0.94905978,0
Ai_Sugiyama,gaussian,0.10000000,1,0.88433993,0
Ai_Sugiyama,gaussian,0.20000000,0,nan,1
Ai_Sugiyama,gaussian,0.30000000,0,nan,1
Ai_Sugiyama,brightness,1.00000000,1,1.00000000,0
Ai_Sugiyama,brightness,0.90000000,1,0.99943548,0
Ai_Sugiyama,brightness,0.80000000,1,0.99838352,0
Ai_Sugiyama,brightness,0.65000000,1,0.99509490,0
Ai_Sugiyama,brightness,0.50000000,1,0.99063814,0
Ai_Sugiyama,brightness,0.35000000,1,0.98252791,0
Ai_Sugiyama,rotation,0.00000000,1,1.00000000,0
Ai_Sugiyama,rotation,3.00000000,1,0.99790961,0
Ai_Sugiyama,rotation,6.00000000,1,0.99767470,0
Ai_Sugiyama,rotation,10.00000000,1,0.99719566,0
Ai_Sugiyama,rotation,15.00000000,1,0.99722624,0
Ai_Sugiyama,rotation,20.00000000,1,0.99233562,0
Ai_Sugiyama,blur,0.00000000,1,0.99700570,0
Ai_Sugiyama,blur,1.00000000,1,0.99636942,0
Ai_Sugiyama,blur,2.00000000,1,0.97817689,0
Ai_Sugiyama,blur,3.00000000,1,0.93580937,0
Ai_Sugiyama,blur,4.00000000,1,0.84394968,0
Ai_Sugiyama,blur,5.00000000,0,0.74036002,0
Ai_Sugiyama,occlusion,0.00000000,1,0.99811959,0
Ai_Sugiyama,occlusion,0.10000000,0,0.26044306,0
Ai_Sugiyama,occlusion,0.15000000,0,nan,1
Ai_Sugiyama,occlusion,0.20000000,0,nan,1
Ai_Sugiyama,occlusion,0.25000000,0,nan,1
Ai_Sugiyama,occlusion,0.30000000,0,nan,1
Al_Gore,gaussian,0.00000000,1,1.00000012,0
Al_Gore,gaussian,0.02000000,1,0.98516661,0
Al_Gore,gaussian,0.05000000,1,0.91865587,0
Al_Gore,gaussian,0.10000000,0,0.83802974,0
Al_Gore,gaussian,0.20000000,0,nan,1
Al_Gore,gaussian,0.30000000,0,nan,1
Al_Gore,brightness,1.00000000,1,1.00000012,0
Al_Gore,brightness,0.90000000,1,0.99935806,0
Al_Gore,brightness,0.80000000,1,0.99815607,0
Al_Gore,brightness,0.65000000,1,0.99549282,0
Al_Gore,brightness,0.50000000,1,0.99130750,0
Al_Gore,brightness,0.35000000,1,0.98513204,0
Al_Gore,rotation,0.00000000,1,1.00000012,0
Al_Gore,rotation,3.00000000,1,0.99786168,0
Al_Gore,rotation,6.00000000,1,0.99715948,0
Al_Gore,rotation,10.00000000,1,0.99645716,0
Al_Gore,rotation,15.00000000,1,0.99626493,0
Al_Gore,rotation,20.00000000,1,0.98953164,0
Al_Gore,blur,0.00000000,1,0.99774647,0
Al_Gore,blur,1.00000000,1,0.99732959,0
Al_Gore,blur,2.00000000,1,0.97424370,0
Al_Gore,blur,3.00000000,1,0.91583097,0
Al_Gore,blur,4.00000000,0,0.81935120,0
Al_Gore,blur,5.00000000,0,0.69929647,0
Al_Gore,occlusion,0.00000000,1,0.99961412,0
Al_Gore,occlusion,0.10000000,0,nan,1
Al_Gore,occlusion,0.15000000,0,nan,1
Al_Gore,occlusion,0.20000000,0,nan,1
Al_Gore,occlusion,0.25000000,0,nan,1
Al_Gore,occlusion,0.30000000,0,nan,1
Al_Sharpton,gaussian,0.00000000,1,1.00000000,0
Al_Sharpton,gaussian,0.02000000,1,0.98475611,0
Al_Sharpton,gaussian,0.05000000,1,0.94321561,0
Al_Sharpton,gaussian,0.10000000,1,0.83614981,0
Al_Sharpton,gaussian,0.20000000,0,nan,1
Al_Sharpton,gaussian,0.30000000,0,nan,1
Al_Sharpton,brightness,1.00000000,1,1.00000000,0
Al_Sharpton,brightness,0.90000000,1,0.99925548,0
Al_Sharpton,brightness,0.80000000,1,0.99775982,0
Al_Sharpton,brightness,0.65000000,1,0.99391216,0
Al_Sharpton,brightness,0.50000000,1,0.98897475,0
Al_Sharpton,brightness,0.35000000,1,0.97560966,0
Al_Sharpton,rotation,0.00000000,1,1.00000000,0
Al_Sharpton,rotation,3.00000000,1,0.99583411,0
Al_Sharpton,rotation,6.00000000,1,0.99361682,0
Al_Sharpton,rotation,10.00000000,1,0.98954678,0
Al_Sharpton,rotation,15.00000000,1,0.98572040,0
Al_Sharpton,rotation,20.00000000,1,0.98041636,0
Al_Sharpton,blur,0.00000000,1,0.99307632,0
Al_Sharpton,blur,1.00000000,1,0.99174249,0
Al_Sharpton,blur,2.00000000,1,0.95804822,0
Al_Sharpton,blur,3.00000000,1,0.88618219,0
Al_Sharpton,blur,4.00000000,1,0.78131545,0
Al_Sharpton,blur,5.00000000,1,0.69510704,0
Al_Sharpton,occlusion,0.00000000,1,0.99929571,0
Al_Sharpton,occlusion,0.10000000,0,0.33301610,0
Al_Sharpton,occlusion,0.15000000,0,nan,1
Al_Sharpton,occlusion,0.20000000,0,nan,1
Al_Sharpton,occlusion,0.25000000,0,nan,1
Al_Sharpton,occlusion,0.30000000,0,nan,1
Alan_Greenspan,gaussian,0.00000000,1,1.00000024,0
Alan_Greenspan,gaussian,0.02000000,1,0.98738080,0
Alan_Greenspan,gaussian,0.05000000,1,0.94561702,0
Alan_Greenspan,gaussian,0.10000000,1,0.86768776,0
Alan_Greenspan,gaussian,0.20000000,0,nan,1
Alan_Greenspan,gaussian,0.30000000,0,nan,1
Alan_Greenspan,brightness,1.00000000,1,1.00000024,0
Alan_Greenspan,brightness,0.90000000,1,0.99934328,0
Alan_Greenspan,brightness,0.80000000,1,0.99818826,0
Alan_Greenspan,brightness,0.65000000,1,0.99360442,0
Alan_Greenspan,brightness,0.50000000,1,0.98743689,0
Alan_Greenspan,brightness,0.35000000,1,0.97713542,0
Alan_Greenspan,rotation,0.00000000,1,1.00000024,0
Alan_Greenspan,rotation,3.00000000,1,0.99479353,0
Alan_Greenspan,rotation,6.00000000,1,0.99462438,0
Alan_Greenspan,rotation,10.00000000,1,0.99160683,0
Alan_Greenspan,rotation,15.00000000,1,0.98982966,0
Alan_Greenspan,rotation,20.00000000,1,0.98602819,0
Alan_Greenspan,blur,0.00000000,1,0.98442924,0
Alan_Greenspan,blur,1.00000000,1,0.98180705,0
Alan_Greenspan,blur,2.00000000,1,0.92195344,0
Alan_Greenspan,blur,3.00000000,1,0.80436277,0
Alan_Greenspan,blur,4.00000000,0,0.64891851,0
Alan_Greenspan,blur,5.00000000,0,0.57772428,0
Alan_Greenspan,occlusion,0.00000000,1,0.99972272,0
Alan_Greenspan,occlusion,0.10000000,0,-0.03979158,0
Alan_Greenspan,occlusion,0.15000000,0,nan,1
Alan_Greenspan,occlusion,0.20000000,0,nan,1
Alan_Greenspan,occlusion,0.25000000,0,nan,1
Alan_Greenspan,occlusion,0.30000000,0,nan,1
Alastair_Campbell,gaussian,0.00000000,1,1.00000000,0
Alastair_Campbell,gaussian,0.02000000,1,0.98866826,0
Alastair_Campbell,gaussian,0.05000000,1,0.92052937,0
Alastair_Campbell,gaussian,0.10000000,1,0.86727637,0
Alastair_Campbell,gaussian,0.20000000,0,nan,1
Alastair_Campbell,gaussian,0.30000000,0,nan,1
Alastair_Campbell,brightness,1.00000000,1,1.00000000,0
Alastair_Campbell,brightness,0.90000000,1,0.99920964,0
Alastair_Campbell,brightness,0.80000000,1,0.99803329,0
Alastair_Campbell,brightness,0.65000000,1,0.99430811,0
Alastair_Campbell,brightness,0.50000000,1,0.98822993,0
Alastair_Campbell,brightness,0.35000000,1,0.97910178,0
Alastair_Campbell,rotation,0.00000000,1,1.00000000,0
Alastair_Campbell,rotation,3.00000000,1,0.99706382,0
Alastair_Campbell,rotation,6.00000000,1,0.99741322,0
Alastair_Campbell,rotation,10.00000000,1,0.99563259,0
Alastair_Campbell,rotation,15.00000000,1,0.99362665,0
Alastair_Campbell,rotation,20.00000000,1,0.98795223,0
Alastair_Campbell,blur,0.00000000,1,0.99479097,0
Alastair_Campbell,blur,1.00000000,1,0.99390739,0
Alastair_Campbell,blur,2.00000000,1,0.96059030,0
Alastair_Campbell,blur,3.00000000,1,0.88822293,0
Alastair_Campbell,blur,4.00000000,1,0.77524984,0
Alastair_Campbell,blur,5.00000000,1,0.66383648,0
Alastair_Campbell,occlusion,0.00000000,1,0.99918264,0
Alastair_Campbell,occlusion,0.10000000,0,nan,1
Alastair_Campbell,occlusion,0.15000000,0,nan,1
Alastair_Campbell,occlusion,0.20000000,0,nan,1
Alastair_Campbell,occlusion,0.25000000,0,nan,1
Alastair_Campbell,occlusion,0.30000000,0,nan,1
Albert_Costa,gaussian,0.00000000,1,0.99999994,0
Albert_Costa,gaussian,0.02000000,1,0.99100381,0
Albert_Costa,gaussian,0.05000000,1,0.95499873,0
Albert_Costa,gaussian,0.10000000,1,0.86721110,0
Albert_Costa,gaussian,0.20000000,0,nan,1
Albert_Costa,gaussian,0.30000000,0,nan,1
Albert_Costa,brightness,1.00000000,1,0.99999994,0
Albert_Costa,brightness,0.90000000,1,0.99939048,0
Albert_Costa,brightness,0.80000000,1,0.99825412,0
Albert_Costa,brightness,0.65000000,1,0.99451017,0
Albert_Costa,brightness,0.50000000,1,0.98599756,0
Albert_Costa,brightness,0.35000000,1,0.96888912,0
Albert_Costa,rotation,0.00000000,1,0.99999994,0
Albert_Costa,rotation,3.00000000,1,0.99748367,0
Albert_Costa,rotation,6.00000000,1,0.99690235,0
Albert_Costa,rotation,10.00000000,1,0.99538922,0
Albert_Costa,rotation,15.00000000,1,0.99321949,0
Albert_Costa,rotation,20.00000000,1,0.98849738,0
Albert_Costa,blur,0.00000000,1,0.99638259,0
Albert_Costa,blur,1.00000000,1,0.99545753,0
Albert_Costa,blur,2.00000000,1,0.97132790,0
Albert_Costa,blur,3.00000000,1,0.91651452,0
Albert_Costa,blur,4.00000000,1,0.82508057,0
Albert_Costa,blur,5.00000000,1,0.71235949,0
Albert_Costa,occlusion,0.00000000,1,0.99860114,0
Albert_Costa,occlusion,0.10000000,0,0.40670332,0
Albert_Costa,occlusion,0.15000000,0,nan,1
Albert_Costa,occlusion,0.20000000,0,nan,1
Albert_Costa,occlusion,0.25000000,0,nan,1
Albert_Costa,occlusion,0.30000000,0,nan,1
Alejandro_Toledo,gaussian,0.00000000,1,1.00000000,0
Alejandro_Toledo,gaussian,0.02000000,1,0.98524350,0
Alejandro_Toledo,gaussian,0.05000000,1,0.92777336,0
Alejandro_Toledo,gaussian,0.10000000,1,0.80184937,0
Alejandro_Toledo,gaussian,0.20000000,0,nan,1
Alejandro_Toledo,gaussian,0.30000000,0,nan,1
Alejandro_Toledo,brightness,1.00000000,1,1.00000000,0
Alejandro_Toledo,brightness,0.90000000,1,0.99932700,0
Alejandro_Toledo,brightness,0.80000000,1,0.99798405,0
Alejandro_Toledo,brightness,0.65000000,1,0.99355561,0
Alejandro_Toledo,brightness,0.50000000,1,0.98944902,0
Alejandro_Toledo,brightness,0.35000000,1,0.97858030,0
Alejandro_Toledo,rotation,0.00000000,1,1.00000000,0
Alejandro_Toledo,rotation,3.00000000,1,0.99736339,0
Alejandro_Toledo,rotation,6.00000000,1,0.99553412,0
Alejandro_Toledo,rotation,10.00000000,1,0.99602193,0
Alejandro_Toledo,rotation,15.00000000,1,0.99490941,0
Alejandro_Toledo,rotation,20.00000000,1,0.98786020,0
Alejandro_Toledo,blur,0.00000000,1,0.99467611,0
Alejandro_Toledo,blur,1.00000000,1,0.99373174,0
Alejandro_Toledo,blur,2.00000000,1,0.94609821,0
Alejandro_Toledo,blur,3.00000000,1,0.82503694,0
Alejandro_Toledo,blur,4.00000000,1,0.61884165,0
Alejandro_Toledo,blur,5.00000000,1,0.50920671,0
Alejandro_Toledo,occlusion,0.00000000,1,0.99741143,0
Alejandro_Toledo,occlusion,0.10000000,0,0.46972510,0
Alejandro_Toledo,occlusion,0.15000000,0,nan,1
Alejandro_Toledo,occlusion,0.20000000,0,nan,1
Alejandro_Toledo,occlusion,0.25000000,0,nan,1
Alejandro_Toledo,occlusion,0.30000000,0,nan,1
Ali_Naimi,gaussian,0.00000000,1,1.00000000,0
Ali_Naimi,gaussian,0.02000000,1,0.99054205,0
Ali_Naimi,gaussian,0.05000000,1,0.95362687,0
Ali_Naimi,gaussian,0.10000000,1,0.81926852,0
Ali_Naimi,gaussian,0.20000000,0,nan,1
Ali_Naimi,gaussian,0.30000000,0,nan,1
Ali_Naimi,brightness,1.00000000,1,1.00000000,0
Ali_Naimi,brightness,0.90000000,1,0.99940020,0
Ali_Naimi,brightness,0.80000000,1,0.99807382,0
Ali_Naimi,brightness,0.65000000,1,0.99482679,0
Ali_Naimi,brightness,0.50000000,1,0.98817492,0
Ali_Naimi,brightness,0.35000000,1,0.97903287,0
Ali_Naimi,rotation,0.00000000,1,1.00000000,0
Ali_Naimi,rotation,3.00000000,1,0.99610925,0
Ali_Naimi,rotation,6.00000000,1,0.99439013,0
Ali_Naimi,rotation,10.00000000,1,0.98760128,0
Ali_Naimi,rotation,15.00000000,1,0.97919178,0
Ali_Naimi,rotation,20.00000000,1,0.97031397,0
Ali_Naimi,blur,0.00000000,1,0.99287379,0
Ali_Naimi,blur,1.00000000,1,0.99208260,0
Ali_Naimi,blur,2.00000000,1,0.94830239,0
Ali_Naimi,blur,3.00000000,1,0.84753323,0
Ali_Naimi,blur,4.00000000,1,0.76422065,0
Ali_Naimi,blur,5.00000000,1,0.64917183,0
Ali_Naimi,occlusion,0.00000000,1,0.99935168,0
Ali_Naimi,occlusion,0.10000000,0,nan,1
Ali_Naimi,occlusion,0.15000000,0,nan,1
Ali_Naimi,occlusion,0.20000000,0,nan,1
Ali_Naimi,occlusion,0.25000000,0,nan,1
Ali_Naimi,occlusion,0.30000000,0,nan,1
Allyson_Felix,gaussian,0.00000000,1,1.00000000,0
Allyson_Felix,gaussian,0.02000000,1,0.98282009,0
Allyson_Felix,gaussian,0.05000000,1,0.93965125,0
Allyson_Felix,gaussian,0.10000000,1,0.86496639,0
Allyson_Felix,gaussian,0.20000000,0,nan,1
Allyson_Felix,gaussian,0.30000000,0,nan,1
Allyson_Felix,brightness,1.00000000,1,1.00000000,0
Allyson_Felix,brightness,0.90000000,1,0.99931240,0
Allyson_Felix,brightness,0.80000000,1,0.99859017,0
Allyson_Felix,brightness,0.65000000,1,0.99560189,0
Allyson_Felix,brightness,0.50000000,1,0.99019587,0
Allyson_Felix,brightness,0.35000000,1,0.98054022,0
Allyson_Felix,rotation,0.00000000,1,1.00000000,0
Allyson_Felix,rotation,3.00000000,1,0.99625456,0
Allyson_Felix,rotation,6.00000000,1,0.99653155,0
Allyson_Felix,rotation,10.00000000,1,0.99356306,0
Allyson_Felix,rotation,15.00000000,1,0.98944414,0
Allyson_Felix,rotation,20.00000000,1,0.99164450,0
Allyson_Felix,blur,0.00000000,1,0.99181914,0
Allyson_Felix,blur,1.00000000,1,0.99038994,0
Allyson_Felix,blur,2.00000000,0,0.94211936,0
Allyson_Felix,blur,3.00000000,0,0.86627263,0
Allyson_Felix,blur,4.00000000,0,0.76976526,0
Allyson_Felix,blur,5.00000000,0,0.65528196,0
Allyson_Felix,occlusion,0.00000000,1,0.99583483,0
Allyson_Felix,occlusion,0.10000000,0,0.23230214,0
Allyson_Felix,occlusion,0.15000000,0,nan,1
Allyson_Felix,occlusion,0.20000000,0,nan,1
Allyson_Felix,occlusion,0.25000000,0,nan,1
Allyson_Felix,occlusion,0.30000000,0,nan,1
Alvaro_Uribe,gaussian,0.00000000,1,0.99999988,0
Alvaro_Uribe,gaussian,0.02000000,1,0.98854685,0
Alvaro_Uribe,gaussian,0.05000000,1,0.94944966,0
Alvaro_Uribe,gaussian,0.10000000,1,0.85116386,0
Alvaro_Uribe,gaussian,0.20000000,0,nan,1
Alvaro_Uribe,gaussian,0.30000000,0,nan,1
Alvaro_Uribe,brightness,1.00000000,1,0.99999988,0
Alvaro_Uribe,brightness,0.90000000,1,0.99889642,0
Alvaro_Uribe,brightness,0.80000000,1,0.99651831,0
Alvaro_Uribe,brightness,0.65000000,1,0.99227309,0
Alvaro_Uribe,brightness,0.50000000,1,0.98467445,0
Alvaro_Uribe,brightness,0.35000000,1,0.97658920,0
Alvaro_Uribe,rotation,0.00000000,1,0.99999988,0
Alvaro_Uribe,rotation,3.00000000,1,0.99607158,0
Alvaro_Uribe,rotation,6.00000000,1,0.99659669,0
Alvaro_Uribe,rotation,10.00000000,1,0.99641162,0
Alvaro_Uribe,rotation,15.00000000,1,0.98543972,0
Alvaro_Uribe,rotation,20.00000000,1,0.97944999,0
Alvaro_Uribe,blur,0.00000000,1,0.98778570,0
Alvaro_Uribe,blur,1.00000000,1,0.98538697,0
Alvaro_Uribe,blur,2.00000000,1,0.92262530,0
Alvaro_Uribe,blur,3.00000000,1,0.83450425,0
Alvaro_Uribe,blur,4.00000000,1,0.77030563,0
Alvaro_Uribe,blur,5.00000000,0,0.66273481,0
Alvaro_Uribe,occlusion,0.00000000,1,0.99839830,0
Alvaro_Uribe,occlusion,0.10000000,0,0.35631523,0
Alvaro_Uribe,occlusion,0.15000000,0,nan,1
Alvaro_Uribe,occlusion,0.20000000,0,nan,1
Alvaro_Uribe,occlusion,0.25000000,0,nan,1
Alvaro_Uribe,occlusion,0.30000000,0,nan,1
Amelia_Vega,gaussian,0.00000000,1,1.00000000,0
Amelia_Vega,gaussian,0.02000000,1,0.98740411,0
Amelia_Vega,gaussian,0.05000000,1,0.91881317,0
Amelia_Vega,gaussian,0.10000000,1,0.80812109,0
Amelia_Vega,gaussian,0.20000000,0,nan,1
Amelia_Vega,gaussian,0.30000000,0,nan,1
Amelia_Vega,brightness,1.00000000,1,1.00000000,0
Amelia_Vega,brightness,0.90000000,1,0.99837244,0
Amelia_Vega,brightness,0.80000000,1,0.99540782,0
Amelia_Vega,brightness,0.65000000,1,0.98973751,0
Amelia_Vega,brightness,0.50000000,1,0.98081958,0
Amelia_Vega,brightness,0.35000000,1,0.96328509,0
Amelia_Vega,rotation,0.00000000,1,1.00000000,0
Amelia_Vega,rotation,3.00000000,1,0.99756962,0
Amelia_Vega,rotation,6.00000000,1,0.99515641,0
Amelia_Vega,rotation,10.00000000,1,0.99221039,0
Amelia_Vega,rotation,15.00000000,1,0.98875415,0
Amelia_Vega,rotation,20.00000000,1,0.98810935,0
Amelia_Vega,blur,0.00000000,1,0.99636042,0
Amelia_Vega,blur,1.00000000,1,0.99577153,0
Amelia_Vega,blur,2.00000000,1,0.97147191,0
Amelia_Vega,blur,3.00000000,1,0.91218215,0
Amelia_Vega,blur,4.00000000,1,0.81571788,0
Amelia_Vega,blur,5.00000000,0,0.70797503,0
Amelia_Vega,occlusion,0.00000000,1,0.99903244,0
Amelia_Vega,occlusion,0.10000000,0,0.29235089,0
Amelia_Vega,occlusion,0.15000000,0,nan,1
Amelia_Vega,occlusion,0.20000000,0,nan,1
Amelia_Vega,occlusion,0.25000000,0,nan,1
Amelia_Vega,occlusion,0.30000000,0,nan,1
Amelie_Mauresmo,gaussian,0.00000000,1,0.99999988,0
Amelie_Mauresmo,gaussian,0.02000000,1,0.98034775,0
Amelie_Mauresmo,gaussian,0.05000000,1,0.92218506,0
Amelie_Mauresmo,gaussian,0.10000000,1,0.85792255,0
Amelie_Mauresmo,gaussian,0.20000000,0,nan,1
Amelie_Mauresmo,gaussian,0.30000000,0,nan,1
Amelie_Mauresmo,brightness,1.00000000,1,0.99999988,0
Amelie_Mauresmo,brightness,0.90000000,1,0.99868685,0
Amelie_Mauresmo,brightness,0.80000000,1,0.99696892,0
Amelie_Mauresmo,brightness,0.65000000,1,0.99460393,0
Amelie_Mauresmo,brightness,0.50000000,1,0.98766321,0
Amelie_Mauresmo,brightness,0.35000000,1,0.97557950,0
Amelie_Mauresmo,rotation,0.00000000,1,0.99999988,0
Amelie_Mauresmo,rotation,3.00000000,1,0.99674726,0
Amelie_Mauresmo,rotation,6.00000000,1,0.99529707,0
Amelie_Mauresmo,rotation,10.00000000,1,0.99277747,0
Amelie_Mauresmo,rotation,15.00000000,1,0.98851919,0
Amelie_Mauresmo,rotation,20.00000000,1,0.98430192,0
Amelie_Mauresmo,blur,0.00000000,1,0.99135524,0
Amelie_Mauresmo,blur,1.00000000,1,0.99007434,0
Amelie_Mauresmo,blur,2.00000000,1,0.94713318,0
Amelie_Mauresmo,blur,3.00000000,1,0.85904372,0
Amelie_Mauresmo,blur,4.00000000,1,0.75646633,0
Amelie_Mauresmo,blur,5.00000000,1,0.68058169,0
Amelie_Mauresmo,occlusion,0.00000000,1,0.99836522,0
Amelie_Mauresmo,occlusion,0.10000000,0,0.09119317,0
Amelie_Mauresmo,occlusion,0.15000000,0,nan,1
Amelie_Mauresmo,occlusion,0.20000000,0,nan,1
Amelie_Mauresmo,occlusion,0.25000000,0,nan,1
Amelie_Mauresmo,occlusion,0.30000000,0,nan,1
Ana_Guevara,gaussian,0.00000000,1,1.00000000,0
Ana_Guevara,gaussian,0.02000000,1,0.98345709,0
Ana_Guevara,gaussian,0.05000000,1,0.93385863,0
Ana_Guevara,gaussian,0.10000000,1,0.82907337,0
Ana_Guevara,gaussian,0.20000000,0,nan,1
Ana_Guevara,gaussian,0.30000000,0,nan,1
Ana_Guevara,brightness,1.00000000,1,1.00000000,0
Ana_Guevara,brightness,0.90000000,1,0.99929243,0
Ana_Guevara,brightness,0.80000000,1,0.99825191,0
Ana_Guevara,brightness,0.65000000,1,0.99526191,0
Ana_Guevara,brightness,0.50000000,1,0.99107194,0
Ana_Guevara,brightness,0.35000000,1,0.98268330,0
Ana_Guevara,rotation,0.00000000,1,1.00000000,0
Ana_Guevara,rotation,3.00000000,1,0.99680543,0
Ana_Guevara,rotation,6.00000000,1,0.99584270,0
Ana_Guevara,rotation,10.00000000,1,0.99417865,0
Ana_Guevara,rotation,15.00000000,1,0.99348074,0
Ana_Guevara,rotation,20.00000000,1,0.99322844,0
Ana_Guevara,blur,0.00000000,1,0.99182683,0
Ana_Guevara,blur,1.00000000,1,0.99069333,0
Ana_Guevara,blur,2.00000000,1,0.93313134,0
Ana_Guevara,blur,3.00000000,0,0.83153951,0
Ana_Guevara,blur,4.00000000,0,0.74412847,0
Ana_Guevara,blur,5.00000000,0,0.66653997,0
Ana_Guevara,occlusion,0.00000000,1,0.99783605,0
Ana_Guevara,occlusion,0.10000000,0,0.38916916,0
Ana_Guevara,occlusion,0.15000000,0,nan,1
Ana_Guevara,occlusion,0.20000000,0,nan,1
Ana_Guevara,occlusion,0.25000000,0,nan,1
Ana_Guevara,occlusion,0.30000000,0,nan,1
Ana_Palacio,gaussian,0.00000000,1,1.00000000,0
Ana_Palacio,gaussian,0.02000000,1,0.98266095,0
Ana_Palacio,gaussian,0.05000000,1,0.94831473,0
Ana_Palacio,gaussian,0.10000000,1,0.86242360,0
Ana_Palacio,gaussian,0.20000000,1,0.73329175,0
Ana_Palacio,gaussian,0.30000000,0,nan,1
Ana_Palacio,brightness,1.00000000,1,1.00000000,0
Ana_Palacio,brightness,0.90000000,1,0.99903989,0
Ana_Palacio,brightness,0.80000000,1,0.99743289,0
Ana_Palacio,brightness,0.65000000,1,0.99315971,0
Ana_Palacio,brightness,0.50000000,1,0.98775268,0
Ana_Palacio,brightness,0.35000000,1,0.97668129,0
Ana_Palacio,rotation,0.00000000,1,1.00000000,0
Ana_Palacio,rotation,3.00000000,1,0.99662447,0
Ana_Palacio,rotation,6.00000000,1,0.99654448,0
Ana_Palacio,rotation,10.00000000,1,0.99496877,0
Ana_Palacio,rotation,15.00000000,1,0.99181819,0
Ana_Palacio,rotation,20.00000000,1,0.98782516,0
Ana_Palacio,blur,0.00000000,1,0.99405843,0
Ana_Palacio,blur,1.00000000,1,0.99303412,0
Ana_Palacio,blur,2.00000000,1,0.95231146,0
Ana_Palacio,blur,3.00000000,1,0.88776541,0
Ana_Palacio,blur,4.00000000,1,0.81735981,0
Ana_Palacio,blur,5.00000000,1,0.68993938,0
Ana_Palacio,occlusion,0.00000000,1,0.99673474,0
Ana_Palacio,occlusion,0.10000000,0,0.26656073,0
Ana_Palacio,occlusion,0.15000000,0,nan,1
Ana_Palacio,occlusion,0.20000000,0,nan,1
Ana_Palacio,occlusion,0.25000000,0,nan,1
Ana_Palacio,occlusion,0.30000000,0,nan,1
Andre_Agassi,gaussian,0.00000000,1,0.99999988,0
Andre_Agassi,gaussian,0.02000000,1,0.98953253,0
Andre_Agassi,gaussian,0.05000000,1,0.94465357,0
Andre_Agassi,gaussian,0.10000000,1,0.86409158,0
Andre_Agassi,gaussian,0.20000000,0,nan,1
Andre_Agassi,gaussian,0.30000000,0,nan,1
Andre_Agassi,brightness,1.00000000,1,0.99999988,0
Andre_Agassi,brightness,0.90000000,1,0.99936044,0
Andre_Agassi,brightness,0.80000000,1,0.99803662,0
Andre_Agassi,brightness,0.65000000,1,0.99283910,0
Andre_Agassi,brightness,0.50000000,1,0.98671973,0
Andre_Agassi,brightness,0.35000000,1,0.97692859,0
Andre_Agassi,rotation,0.00000000,1,0.99999988,0
Andre_Agassi,rotation,3.00000000,1,0.99797302,0
Andre_Agassi,rotation,6.00000000,1,0.99834216,0
Andre_Agassi,rotation,10.00000000,1,0.99767488,0
Andre_Agassi,rotation,15.00000000,1,0.99481809,0
Andre_Agassi,rotation,20.00000000,1,0.99180400,0
Andre_Agassi,blur,0.00000000,1,0.99664462,0
Andre_Agassi,blur,1.00000000,1,0.99586636,0
Andre_Agassi,blur,2.00000000,1,0.96499765,0
Andre_Agassi,blur,3.00000000,1,0.85889709,0
Andre_Agassi,blur,4.00000000,0,0.71003282,0
Andre_Agassi,blur,5.00000000,1,0.56467390,0
Andre_Agassi,occlusion,0.00000000,1,0.99912089,0
Andre_Agassi,occlusion,0.10000000,0,nan,1
Andre_Agassi,occlusion,0.15000000,0,nan,1
Andre_Agassi,occlusion,0.20000000,0,nan,1
Andre_Agassi,occlusion,0.25000000,0,nan,1
Andre_Agassi,occlusion,0.30000000,0,nan,1
Andy_Roddick,gaussian,0.00000000,1,1.00000000,0
Andy_Roddick,gaussian,0.02000000,1,0.98290670,0
Andy_Roddick,gaussian,0.05000000,1,0.92411774,0
Andy_Roddick,gaussian,0.10000000,1,0.82630795,0
Andy_Roddick,gaussian,0.20000000,0,nan,1
Andy_Roddick,gaussian,0.30000000,0,nan,1
Andy_Roddick,brightness,1.00000000,1,1.00000000,0
Andy_Roddick,brightness,0.90000000,1,0.99847221,0
Andy_Roddick,brightness,0.80000000,1,0.99602258,0
Andy_Roddick,brightness,0.65000000,1,0.99050397,0
Andy_Roddick,brightness,0.50000000,1,0.98071086,0
Andy_Roddick,brightness,0.35000000,1,0.96594048,0
Andy_Roddick,rotation,0.00000000,1,1.00000000,0
Andy_Roddick,rotation,3.00000000,1,0.99690962,0
Andy_Roddick,rotation,6.00000000,1,0.99616969,0
Andy_Roddick,rotation,10.00000000,1,0.99537545,0
Andy_Roddick,rotation,15.00000000,1,0.99277794,0
Andy_Roddick,rotation,20.00000000,1,0.99485528,0
Andy_Roddick,blur,0.00000000,1,0.99058294,0
Andy_Roddick,blur,1.00000000,1,0.98873675,0
Andy_Roddick,blur,2.00000000,1,0.93746018,0
Andy_Roddick,blur,3.00000000,1,0.85786307,0
Andy_Roddick,blur,4.00000000,1,0.73315632,0
Andy_Roddick,blur,5.00000000,0,0.55542260,0
Andy_Roddick,occlusion,0.00000000,1,0.99839991,0
Andy_Roddick,occlusion,0.10000000,0,nan,1
Andy_Roddick,occlusion,0.15000000,0,-0.01411563,0
Andy_Roddick,occlusion,0.20000000,0,-0.02509383,0
Andy_Roddick,occlusion,0.25000000,0,nan,1
Andy_Roddick,occlusion,0.30000000,0,nan,1
Angela_Bassett,gaussian,0.00000000,1,0.99999994,0
Angela_Bassett,gaussian,0.02000000,1,0.98573214,0
Angela_Bassett,gaussian,0.05000000,1,0.94557917,0
Angela_Bassett,gaussian,0.10000000,1,0.89417160,0
Angela_Bassett,gaussian,0.20000000,0,nan,1
Angela_Bassett,gaussian,0.30000000,0,nan,1
Angela_Bassett,brightness,1.00000000,1,0.99999994,0
Angela_Bassett,brightness,0.90000000,1,0.99944317,0
Angela_Bassett,brightness,0.80000000,1,0.99840528,0
Angela_Bassett,brightness,0.65000000,1,0.99648303,0
Angela_Bassett,brightness,0.50000000,1,0.99235189,0
Angela_Bassett,brightness,0.35000000,1,0.98500109,0
Angela_Bassett,rotation,0.00000000,1,0.99999994,0
Angela_Bassett,rotation,3.00000000,1,0.99778557,0
Angela_Bassett,rotation,6.00000000,1,0.99572456,0
Angela_Bassett,rotation,10.00000000,1,0.99503386,0
Angela_Bassett,rotation,15.00000000,1,0.99538791,0
Angela_Bassett,rotation,20.00000000,1,0.99440408,0
Angela_Bassett,blur,0.00000000,1,0.99408334,0
Angela_Bassett,blur,1.00000000,1,0.99310660,0
Angela_Bassett,blur,2.00000000,1,0.94731921,0
Angela_Bassett,blur,3.00000000,1,0.85558534,0
Angela_Bassett,blur,4.00000000,1,0.74411595,0
Angela_Bassett,blur,5.00000000,0,0.63628465,0
Angela_Bassett,occlusion,0.00000000,1,0.99795234,0
Angela_Bassett,occlusion,0.10000000,0,0.17793252,0
Angela_Bassett,occlusion,0.15000000,0,nan,1
Angela_Bassett,occlusion,0.20000000,0,nan,1
Angela_Bassett,occlusion,0.25000000,0,nan,1
Angela_Bassett,occlusion,0.30000000,0,nan,1
Angela_Merkel,gaussian,0.00000000,1,0.99999988,0
Angela_Merkel,gaussian,0.02000000,1,0.98292911,0
Angela_Merkel,gaussian,0.05000000,1,0.90488476,0
Angela_Merkel,gaussian,0.10000000,0,0.75087911,0
Angela_Merkel,gaussian,0.20000000,0,nan,1
Angela_Merkel,gaussian,0.30000000,0,nan,1
Angela_Merkel,brightness,1.00000000,1,0.99999988,0
Angela_Merkel,brightness,0.90000000,1,0.99884301,0
Angela_Merkel,brightness,0.80000000,1,0.99678516,0
Angela_Merkel,brightness,0.65000000,1,0.99264801,0
Angela_Merkel,brightness,0.50000000,1,0.98742330,0
Angela_Merkel,brightness,0.35000000,1,0.97602963,0
Angela_Merkel,rotation,0.00000000,1,0.99999988,0
Angela_Merkel,rotation,3.00000000,1,0.99577063,0
Angela_Merkel,rotation,6.00000000,1,0.99510318,0
Angela_Merkel,rotation,10.00000000,1,0.99584115,0
Angela_Merkel,rotation,15.00000000,1,0.99414062,0
Angela_Merkel,rotation,20.00000000,1,0.98867470,0
Angela_Merkel,blur,0.00000000,1,0.98707455,0
Angela_Merkel,blur,1.00000000,1,0.98524010,0
Angela_Merkel,blur,2.00000000,1,0.92358583,0
Angela_Merkel,blur,3.00000000,1,0.81832314,0
Angela_Merkel,blur,4.00000000,1,0.67456663,0
Angela_Merkel,blur,5.00000000,1,0.56535339,0
Angela_Merkel,occlusion,0.00000000,1,0.99850571,0
Angela_Merkel,occlusion,0.10000000,0,0.05305238,0
Angela_Merkel,occlusion,0.15000000,0,nan,1
Angela_Merkel,occlusion,0.20000000,0,nan,1
Angela_Merkel,occlusion,0.25000000,0,nan,1
Angela_Merkel,occlusion,0.30000000,0,nan,1
Angelina_Jolie,gaussian,0.00000000,1,1.00000000,0
Angelina_Jolie,gaussian,0.02000000,1,0.98258197,0
Angelina_Jolie,gaussian,0.05000000,1,0.92268789,0
Angelina_Jolie,gaussian,0.10000000,1,0.78131807,0
Angelina_Jolie,gaussian,0.20000000,0,nan,1
Angelina_Jolie,gaussian,0.30000000,0,nan,1
Angelina_Jolie,brightness,1.00000000,1,1.00000000,0
Angelina_Jolie,brightness,0.90000000,1,0.99896580,0
Angelina_Jolie,brightness,0.80000000,1,0.99834710,0
Angelina_Jolie,brightness,0.65000000,1,0.99573171,0
Angelina_Jolie,brightness,0.50000000,1,0.99086237,0
Angelina_Jolie,brightness,0.35000000,1,0.97973609,0
Angelina_Jolie,rotation,0.00000000,1,1.00000000,0
Angelina_Jolie,rotation,3.00000000,1,0.99796236,0
Angelina_Jolie,rotation,6.00000000,1,0.99572206,0
Angelina_Jolie,rotation,10.00000000,1,0.99468350,0
Angelina_Jolie,rotation,15.00000000,1,0.99454331,0
Angelina_Jolie,rotation,20.00000000,1,0.99245501,0
Angelina_Jolie,blur,0.00000000,1,0.99161285,0
Angelina_Jolie,blur,1.00000000,1,0.98982739,0
Angelina_Jolie,blur,2.00000000,1,0.93517327,0
Angelina_Jolie,blur,3.00000000,1,0.83294576,0
Angelina_Jolie,blur,4.00000000,0,0.69941282,0
Angelina_Jolie,blur,5.00000000,0,0.59329879,0
Angelina_Jolie,occlusion,0.00000000,1,0.99845606,0
Angelina_Jolie,occlusion,0.10000000,0,0.24670896,0
Angelina_Jolie,occlusion,0.15000000,0,nan,1
Angelina_Jolie,occlusion,0.20000000,0,nan,1
Angelina_Jolie,occlusion,0.25000000,0,nan,1
Angelina_Jolie,occlusion,0.30000000,0,nan,1
Ann_Veneman,gaussian,0.00000000,1,0.99999994,0
Ann_Veneman,gaussian,0.02000000,1,0.99182391,0
Ann_Veneman,gaussian,0.05000000,1,0.96067286,0
Ann_Veneman,gaussian,0.10000000,1,0.87910903,0
Ann_Veneman,gaussian,0.20000000,0,nan,1
Ann_Veneman,gaussian,0.30000000,0,nan,1
Ann_Veneman,brightness,1.00000000,1,0.99999994,0
Ann_Veneman,brightness,0.90000000,1,0.99921393,0
Ann_Veneman,brightness,0.80000000,1,0.99744844,0
Ann_Veneman,brightness,0.65000000,1,0.99424839,0
Ann_Veneman,brightness,0.50000000,1,0.98873025,0
Ann_Veneman,brightness,0.35000000,1,0.98139441,0
Ann_Veneman,rotation,0.00000000,1,0.99999994,0
Ann_Veneman,rotation,3.00000000,1,0.99725920,0
Ann_Veneman,rotation,6.00000000,1,0.99695623,0
Ann_Veneman,rotation,10.00000000,1,0.99594200,0
Ann_Veneman,rotation,15.00000000,1,0.98971868,0
Ann_Veneman,rotation,20.00000000,1,0.97894931,0
Ann_Veneman,blur,0.00000000,1,0.99410212,0
Ann_Veneman,blur,1.00000000,1,0.99287188,0
Ann_Veneman,blur,2.00000000,1,0.94625837,0
Ann_Veneman,blur,3.00000000,1,0.86968231,0
Ann_Veneman,blur,4.00000000,1,0.77665722,0
Ann_Veneman,blur,5.00000000,0,0.65146029,0
Ann_Veneman,occlusion,0.00000000,1,0.99902487,0
Ann_Veneman,occlusion,0.10000000,0,0.22278342,0
Ann_Veneman,occlusion,0.15000000,0,nan,1
Ann_Veneman,occlusion,0.20000000,0,nan,1
Ann_Veneman,occlusion,0.25000000,0,nan,1
Ann_Veneman,occlusion,0.30000000,0,nan,1
Anna_Kournikova,gaussian,0.00000000,1,0.99999988,0
Anna_Kournikova,gaussian,0.02000000,1,0.98310447,0
Anna_Kournikova,gaussian,0.05000000,1,0.94541579,0
Anna_Kournikova,gaussian,0.10000000,0,0.80453634,0
Anna_Kournikova,gaussian,0.20000000,0,nan,1
Anna_Kournikova,gaussian,0.30000000,0,nan,1
Anna_Kournikova,brightness,1.00000000,1,0.99999988,0
Anna_Kournikova,brightness,0.90000000,1,0.99869180,0
Anna_Kournikova,brightness,0.80000000,1,0.99650371,0
Anna_Kournikova,brightness,0.65000000,1,0.99298906,0
Anna_Kournikova,brightness,0.50000000,1,0.98665690,0
Anna_Kournikova,brightness,0.35000000,1,0.97373080,0
Anna_Kournikova,rotation,0.00000000,1,0.99999988,0
Anna_Kournikova,rotation,3.00000000,1,0.99558514,0
Anna_Kournikova,rotation,6.00000000,1,0.99065024,0
Anna_Kournikova,rotation,10.00000000,1,0.99410987,0
Anna_Kournikova,rotation,15.00000000,1,0.98514521,0
Anna_Kournikova,rotation,20.00000000,1,0.98432219,0
Anna_Kournikova,blur,0.00000000,1,0.99556822,0
Anna_Kournikova,blur,1.00000000,1,0.99461174,0
Anna_Kournikova,blur,2.00000000,1,0.96733987,0
Anna_Kournikova,blur,3.00000000,1,0.90942049,0
Anna_Kournikova,blur,4.00000000,0,nan,1
Anna_Kournikova,blur,5.00000000,0,nan,1
Anna_Kournikova,occlusion,0.00000000,1,0.99906921,0
Anna_Kournikova,occlusion,0.10000000,0,nan,1
Anna_Kournikova,occlusion,0.15000000,0,nan,1
Anna_Kournikova,occlusion,0.20000000,0,nan,1
Anna_Kournikova,occlusion,0.25000000,0,nan,1
Anna_Kournikova,occlusion,0.30000000,0,nan,1
Antonio_Banderas,gaussian,0.00000000,1,1.00000000,0
Antonio_Banderas,gaussian,0.02000000,1,0.98483109,0
Antonio_Banderas,gaussian,0.05000000,1,0.91781664,0
Antonio_Banderas,gaussian,0.10000000,1,0.85147345,0
Antonio_Banderas,gaussian,0.20000000,0,nan,1
Antonio_Banderas,gaussian,0.30000000,0,nan,1
Antonio_Banderas,brightness,1.00000000,1,1.00000000,0
Antonio_Banderas,brightness,0.90000000,1,0.99878621,0
Antonio_Banderas,brightness,0.80000000,1,0.99640024,0
Antonio_Banderas,brightness,0.65000000,1,0.99044740,0
Antonio_Banderas,brightness,0.50000000,1,0.98488963,0
Antonio_Banderas,brightness,0.35000000,1,0.97335804,0
Antonio_Banderas,rotation,0.00000000,1,1.00000000,0
Antonio_Banderas,rotation,3.00000000,1,0.99642354,0
Antonio_Banderas,rotation,6.00000000,1,0.99527097,0
Antonio_Banderas,rotation,10.00000000,1,0.99184465,0
Antonio_Banderas,rotation,15.00000000,1,0.99249136,0
Antonio_Banderas,rotation,20.00000000,1,0.98963547,0
Antonio_Banderas,blur,0.00000000,1,0.99195135,0
Antonio_Banderas,blur,1.00000000,1,0.98969829,0
Antonio_Banderas,blur,2.00000000,1,0.94305217,0
Antonio_Banderas,blur,3.00000000,1,0.83639777,0
Antonio_Banderas,blur,4.00000000,0,0.73680609,0
Antonio_Banderas,blur,5.00000000,0,0.65287900,0
Antonio_Banderas,occlusion,0.00000000,1,0.99673676,0
Antonio_Banderas,occlusion,0.10000000,0,-0.02224668,0
Antonio_Banderas,occlusion,0.15000000,0,-0.02441596,0
Antonio_Banderas,occlusion,0.20000000,0,-0.02721676,0
Antonio_Banderas,occlusion,0.25000000,0,-0.02770030,0
Antonio_Banderas,occlusion,0.30000000,0,-0.02667318,0
Antonio_Palocci,gaussian,0.00000000,1,1.00000000,0
Antonio_Palocci,gaussian,0.02000000,1,0.98763061,0
Antonio_Palocci,gaussian,0.05000000,1,0.95840859,0
Antonio_Palocci,gaussian,0.10000000,1,0.87456381,0
Antonio_Palocci,gaussian,0.20000000,1,0.74120772,0
Antonio_Palocci,gaussian,0.30000000,0,nan,1
Antonio_Palocci,brightness,1.00000000,1,1.00000000,0
Antonio_Palocci,brightness,0.90000000,1,0.99940675,0
Antonio_Palocci,brightness,0.80000000,1,0.99835318,0
Antonio_Palocci,brightness,0.65000000,1,0.99598342,0
Antonio_Palocci,brightness,0.50000000,1,0.99168783,0
Antonio_Palocci,brightness,0.35000000,1,0.98539609,0
Antonio_Palocci,rotation,0.00000000,1,1.00000000,0
Antonio_Palocci,rotation,3.00000000,1,0.99643511,0
Antonio_Palocci,rotation,6.00000000,1,0.99606270,0
Antonio_Palocci,rotation,10.00000000,1,0.99510062,0
Antonio_Palocci,rotation,15.00000000,1,0.99554795,0
Antonio_Palocci,rotation,20.00000000,1,0.99545878,0
Antonio_Palocci,blur,0.00000000,1,0.99367523,0
Antonio_Palocci,blur,1.00000000,1,0.99220687,0
Antonio_Palocci,blur,2.00000000,1,0.96326739,0
Antonio_Palocci,blur,3.00000000,1,0.93064487,0
Antonio_Palocci,blur,4.00000000,1,0.86977649,0
Antonio_Palocci,blur,5.00000000,1,0.78211343,0
Antonio_Palocci,occlusion,0.00000000,1,0.99865830,0
Antonio_Palocci,occlusion,0.10000000,0,0.55472273,0
Antonio_Palocci,occlusion,0.15000000,0,0.16152453,0
Antonio_Palocci,occlusion,0.20000000,0,nan,1
Antonio_Palocci,occlusion,0.25000000,0,nan,1
Antonio_Palocci,occlusion,0.30000000,0,nan,1
Ari_Fleischer,gaussian,0.00000000,1,1.00000000,0
Ari_Fleischer,gaussian,0.02000000,1,0.98638445,0
Ari_Fleischer,gaussian,0.05000000,1,0.95361578,0
Ari_Fleischer,gaussian,0.10000000,1,0.89148551,0
Ari_Fleischer,gaussian,0.20000000,0,nan,1
Ari_Fleischer,gaussian,0.30000000,0,nan,1
Ari_Fleischer,brightness,1.00000000,1,1.00000000,0
Ari_Fleischer,brightness,0.90000000,1,0.99917173,0
Ari_Fleischer,brightness,0.80000000,1,0.99792862,0
Ari_Fleischer,brightness,0.65000000,1,0.99452341,0
Ari_Fleischer,brightness,0.50000000,1,0.98652279,0
Ari_Fleischer,brightness,0.35000000,1,0.97862160,0
Ari_Fleischer,rotation,0.00000000,1,1.00000000,0
Ari_Fleischer,rotation,3.00000000,1,0.99606669,0
Ari_Fleischer,rotation,6.00000000,1,0.99711066,0
Ari_Fleischer,rotation,10.00000000,1,0.99726152,0
Ari_Fleischer,rotation,15.00000000,1,0.99595213,0
Ari_Fleischer,rotation,20.00000000,1,0.99212670,0
Ari_Fleischer,blur,0.00000000,1,0.99141371,0
Ari_Fleischer,blur,1.00000000,1,0.98985201,0
Ari_Fleischer,blur,2.00000000,1,0.94704133,0
Ari_Fleischer,blur,3.00000000,1,0.85276908,0
Ari_Fleischer,blur,4.00000000,0,0.72044742,0
Ari_Fleischer,blur,5.00000000,0,0.64289683,0
Ari_Fleischer,occlusion,0.00000000,1,0.99868560,0
Ari_Fleischer,occlusion,0.10000000,0,0.33987480,0
Ari_Fleischer,occlusion,0.15000000,0,nan,1
Ari_Fleischer,occlusion,0.20000000,0,nan,1
Ari_Fleischer,occlusion,0.25000000,0,nan,1
Ari_Fleischer,occlusion,0.30000000,0,nan,1
Ariel_Sharon,gaussian,0.00000000,1,1.00000000,0
Ariel_Sharon,gaussian,0.02000000,1,0.98736435,0
Ariel_Sharon,gaussian,0.05000000,1,0.94928294,0
Ariel_Sharon,gaussian,0.10000000,1,0.85760343,0
Ariel_Sharon,gaussian,0.20000000,0,nan,1
Ariel_Sharon,gaussian,0.30000000,0,nan,1
Ariel_Sharon,brightness,1.00000000,1,1.00000000,0
Ariel_Sharon,brightness,0.90000000,1,0.99927109,0
Ariel_Sharon,brightness,0.80000000,1,0.99802035,0
Ariel_Sharon,brightness,0.65000000,1,0.99381065,0
Ariel_Sharon,brightness,0.50000000,1,0.98755240,0
Ariel_Sharon,brightness,0.35000000,1,0.97863495,0
Ariel_Sharon,rotation,0.00000000,1,1.00000000,0
Ariel_Sharon,rotation,3.00000000,1,0.99833894,0
Ariel_Sharon,rotation,6.00000000,1,0.99758101,0
Ariel_Sharon,rotation,10.00000000,1,0.99657261,0
Ariel_Sharon,rotation,15.00000000,1,0.99389148,0
Ariel_Sharon,rotation,20.00000000,1,0.98785138,0
Ariel_Sharon,blur,0.00000000,1,0.99663007,0
Ariel_Sharon,blur,1.00000000,1,0.99608862,0
Ariel_Sharon,blur,2.00000000,1,0.97356784,0
Ariel_Sharon,blur,3.00000000,1,0.92250973,0
Ariel_Sharon,blur,4.00000000,1,0.82510692,0
Ariel_Sharon,blur,5.00000000,0,0.71229744,0
Ariel_Sharon,occlusion,0.00000000,1,0.99872267,0
Ariel_Sharon,occlusion,0.10000000,0,0.45190281,0
Ariel_Sharon,occlusion,0.15000000,0,nan,1
Ariel_Sharon,occlusion,0.20000000,0,nan,1
Ariel_Sharon,occlusion,0.25000000,0,nan,1
Ariel_Sharon,occlusion,0.30000000,0,nan,1
Arminio_Fraga,gaussian,0.00000000,0,1.00000012,0
Arminio_Fraga,gaussian,0.02000000,0,0.95162523,0
Arminio_Fraga,gaussian,0.05000000,0,0.81073284,0
Arminio_Fraga,gaussian,0.10000000,0,0.71289510,0
Arminio_Fraga,gaussian,0.20000000,0,nan,1
Arminio_Fraga,gaussian,0.30000000,0,nan,1
Arminio_Fraga,brightness,1.00000000,0,1.00000012,0
Arminio_Fraga,brightness,0.90000000,0,0.99863672,0
Arminio_Fraga,brightness,0.80000000,0,0.99602795,0
Arminio_Fraga,brightness,0.65000000,0,0.99016678,0
Arminio_Fraga,brightness,0.50000000,0,0.97527349,0
Arminio_Fraga,brightness,0.35000000,0,0.95589674,0
Arminio_Fraga,rotation,0.00000000,0,1.00000012,0
Arminio_Fraga,rotation,3.00000000,0,0.09564139,0
Arminio_Fraga,rotation,6.00000000,0,0.99310714,0
Arminio_Fraga,rotation,10.00000000,0,0.99580127,0
Arminio_Fraga,rotation,15.00000000,0,0.99150556,0
Arminio_Fraga,rotation,20.00000000,0,-0.02469065,0
Arminio_Fraga,blur,0.00000000,0,0.97156626,0
Arminio_Fraga,blur,1.00000000,0,0.96708173,0
Arminio_Fraga,blur,2.00000000,0,0.85633475,0
Arminio_Fraga,blur,3.00000000,0,0.69828594,0
Arminio_Fraga,blur,4.00000000,0,0.55706322,0
Arminio_Fraga,blur,5.00000000,0,0.39773452,0
Arminio_Fraga,occlusion,0.00000000,0,0.99999738,0
Arminio_Fraga,occlusion,0.10000000,0,0.99973017,0
Arminio_Fraga,occlusion,0.15000000,0,0.99976611,0
Arminio_Fraga,occlusion,0.20000000,0,0.99964774,0
Arminio_Fraga,occlusion,0.25000000,0,0.99372655,0
Arminio_Fraga,occlusion,0.30000000,0,0.94294870,0
Arnold_Schwarzenegger,gaussian,0.00000000,1,1.00000000,0
Arnold_Schwarzenegger,gaussian,0.02000000,1,0.98558754,0
Arnold_Schwarzenegger,gaussian,0.05000000,1,0.96510017,0
Arnold_Schwarzenegger,gaussian,0.10000000,1,0.92560023,0
Arnold_Schwarzenegger,gaussian,0.20000000,0,nan,1
Arnold_Schwarzenegger,gaussian,0.30000000,0,nan,1
Arnold_Schwarzenegger,brightness,1.00000000,1,1.00000000,0
Arnold_Schwarzenegger,brightness,0.90000000,1,0.99908972,0
Arnold_Schwarzenegger,brightness,0.80000000,1,0.99781322,0
Arnold_Schwarzenegger,brightness,0.65000000,1,0.99439454,0
Arnold_Schwarzenegger,brightness,0.50000000,1,0.98820901,0
Arnold_Schwarzenegger,brightness,0.35000000,1,0.98078126,0
Arnold_Schwarzenegger,rotation,0.00000000,1,1.00000000,0
Arnold_Schwarzenegger,rotation,3.00000000,1,0.99218619,0
Arnold_Schwarzenegger,rotation,6.00000000,1,0.98810679,0
Arnold_Schwarzenegger,rotation,10.00000000,1,0.98532683,0
Arnold_Schwarzenegger,rotation,15.00000000,1,0.98652053,0
Arnold_Schwarzenegger,rotation,20.00000000,1,0.97983825,0
Arnold_Schwarzenegger,blur,0.00000000,1,0.99472243,0
Arnold_Schwarzenegger,blur,1.00000000,1,0.99358475,0
Arnold_Schwarzenegger,blur,2.00000000,1,0.98138595,0
Arnold_Schwarzenegger,blur,3.00000000,1,0.95151234,0
Arnold_Schwarzenegger,blur,4.00000000,1,0.90615743,0
Arnold_Schwarzenegger,blur,5.00000000,1,0.86214364,0
Arnold_Schwarzenegger,occlusion,0.00000000,1,0.99901831,0
Arnold_Schwarzenegger,occlusion,0.10000000,0,nan,1
Arnold_Schwarzenegger,occlusion,0.15000000,0,nan,1
Arnold_Schwarzenegger,occlusion,0.20000000,0,nan,1
Arnold_Schwarzenegger,occlusion,0.25000000,0,nan,1
Arnold_Schwarzenegger,occlusion,0.30000000,0,nan,1
Arnoldo_Aleman,gaussian,0.00000000,1,0.99999988,0
Arnoldo_Aleman,gaussian,0.02000000,1,0.98763144,0
Arnoldo_Aleman,gaussian,0.05000000,1,0.94915915,0
Arnoldo_Aleman,gaussian,0.10000000,1,0.88032430,0
Arnoldo_Aleman,gaussian,0.20000000,0,nan,1
Arnoldo_Aleman,gaussian,0.30000000,0,nan,1
Arnoldo_Aleman,brightness,1.00000000,1,0.99999988,0
Arnoldo_Aleman,brightness,0.90000000,1,0.99947536,0
Arnoldo_Aleman,brightness,0.80000000,1,0.99835449,0
Arnoldo_Aleman,brightness,0.65000000,1,0.99543858,0
Arnoldo_Aleman,brightness,0.50000000,1,0.99110639,0
Arnoldo_Aleman,brightness,0.35000000,1,0.98438334,0
Arnoldo_Aleman,rotation,0.00000000,1,0.99999988,0
Arnoldo_Aleman,rotation,3.00000000,1,0.99628699,0
Arnoldo_Aleman,rotation,6.00000000,1,0.99522638,0
Arnoldo_Aleman,rotation,10.00000000,1,0.99443889,0
Arnoldo_Aleman,rotation,15.00000000,1,0.99484706,0
Arnoldo_Aleman,rotation,20.00000000,1,0.99429929,0
Arnoldo_Aleman,blur,0.00000000,1,0.99601579,0
Arnoldo_Aleman,blur,1.00000000,1,0.99571049,0
Arnoldo_Aleman,blur,2.00000000,1,0.97089517,0
Arnoldo_Aleman,blur,3.00000000,1,0.91761875,0
Arnoldo_Aleman,blur,4.00000000,1,0.81900024,0
Arnoldo_Aleman,blur,5.00000000,1,0.71703613,0
Arnoldo_Aleman,occlusion,0.00000000,1,0.99920952,0
Arnoldo_Aleman,occlusion,0.10000000,0,0.05721792,0
Arnoldo_Aleman,occlusion,0.15000000,0,0.05838525,0
Arnoldo_Aleman,occlusion,0.20000000,0,0.05763586,0
Arnoldo_Aleman,occlusion,0.25000000,0,0.06078444,0
Arnoldo_Aleman,occlusion,0.30000000,0,0.05222264,0
Ashanti,gaussian,0.00000000,1,1.00000000,0
Ashanti,gaussian,0.02000000,1,0.98643029,0
Ashanti,gaussian,0.05000000,1,0.92903012,0
Ashanti,gaussian,0.10000000,0,0.84582305,0
Ashanti,gaussian,0.20000000,0,nan,1
Ashanti,gaussian,0.30000000,0,nan,1
Ashanti,brightness,1.00000000,1,1.00000000,0
Ashanti,brightness,0.90000000,1,0.99926555,0
Ashanti,brightness,0.80000000,1,0.99736774,0
Ashanti,brightness,0.65000000,1,0.99282980,0
Ashanti,brightness,0.50000000,1,0.98850036,0
Ashanti,brightness,0.35000000,1,0.97825563,0
Ashanti,rotation,0.00000000,1,1.00000000,0
Ashanti,rotation,3.00000000,1,0.99533820,0
Ashanti,rotation,6.00000000,1,0.99520558,0
Ashanti,rotation,10.00000000,1,0.99528974,0
Ashanti,rotation,15.00000000,1,0.99459279,0
Ashanti,rotation,20.00000000,1,0.98970884,0
Ashanti,blur,0.00000000,1,0.99220896,0
Ashanti,blur,1.00000000,1,0.99089789,0
Ashanti,blur,2.00000000,1,0.94864231,0
Ashanti,blur,3.00000000,0,0.88036609,0
Ashanti,blur,4.00000000,0,0.77345848,0
Ashanti,blur,5.00000000,0,0.66083705,0
Ashanti,occlusion,0.00000000,1,0.99799228,0
Ashanti,occlusion,0.10000000,0,0.14453694,0
Ashanti,occlusion,0.15000000,0,nan,1
Ashanti,occlusion,0.20000000,0,nan,1
Ashanti,occlusion,0.25000000,0,nan,1
Ashanti,occlusion,0.30000000,0,nan,1
Atal_Bihari_Vajpayee,gaussian,0.00000000,1,1.00000000,0
Atal_Bihari_Vajpayee,gaussian,0.02000000,1,0.98097545,0
Atal_Bihari_Vajpayee,gaussian,0.05000000,1,0.91602570,0
Atal_Bihari_Vajpayee,gaussian,0.10000000,1,0.85419959,0
Atal_Bihari_Vajpayee,gaussian,0.20000000,0,nan,1
Atal_Bihari_Vajpayee,gaussian,0.30000000,0,nan,1
Atal_Bihari_Vajpayee,brightness,1.00000000,1,1.00000000,0
Atal_Bihari_Vajpayee,brightness,0.90000000,1,0.99935365,0
Atal_Bihari_Vajpayee,brightness,0.80000000,1,0.99779677,0
Atal_Bihari_Vajpayee,brightness,0.65000000,1,0.99541235,0
Atal_Bihari_Vajpayee,brightness,0.50000000,1,0.98905599,0
Atal_Bihari_Vajpayee,brightness,0.35000000,1,0.97545397,0
Atal_Bihari_Vajpayee,rotation,0.00000000,1,1.00000000,0
Atal_Bihari_Vajpayee,rotation,3.00000000,1,0.99710423,0
Atal_Bihari_Vajpayee,rotation,6.00000000,1,0.99672508,0
Atal_Bihari_Vajpayee,rotation,10.00000000,1,0.99592829,0
Atal_Bihari_Vajpayee,rotation,15.00000000,1,0.99636120,0
Atal_Bihari_Vajpayee,rotation,20.00000000,1,0.99212557,0
Atal_Bihari_Vajpayee,blur,0.00000000,1,0.99366808,0
Atal_Bihari_Vajpayee,blur,1.00000000,1,0.99267501,0
Atal_Bihari_Vajpayee,blur,2.00000000,1,0.93172169,0
Atal_Bihari_Vajpayee,blur,3.00000000,1,0.85000235,0
Atal_Bihari_Vajpayee,blur,4.00000000,1,0.78919315,0
Atal_Bihari_Vajpayee,blur,5.00000000,1,0.70906079,0
Atal_Bihari_Vajpayee,occlusion,0.00000000,1,0.99658942,0
Atal_Bihari_Vajpayee,occlusion,0.10000000,0,nan,1
Atal_Bihari_Vajpayee,occlusion,0.15000000,0,nan,1
Atal_Bihari_Vajpayee,occlusion,0.20000000,0,nan,1
Atal_Bihari_Vajpayee,occlusion,0.25000000,0,nan,1
Atal_Bihari_Vajpayee,occlusion,0.30000000,0,nan,1
Ben_Affleck,gaussian,0.00000000,1,1.00000000,0
Ben_Affleck,gaussian,0.02000000,1,0.98350024,0
Ben_Affleck,gaussian,0.05000000,1,0.94358134,0
Ben_Affleck,gaussian,0.10000000,1,0.88199133,0
Ben_Affleck,gaussian,0.20000000,0,nan,1
Ben_Affleck,gaussian,0.30000000,0,nan,1
Ben_Affleck,brightness,1.00000000,1,1.00000000,0
Ben_Affleck,brightness,0.90000000,1,0.99922806,0
Ben_Affleck,brightness,0.80000000,1,0.99772841,0
Ben_Affleck,brightness,0.65000000,1,0.99471831,0
Ben_Affleck,brightness,0.50000000,1,0.98929799,0
Ben_Affleck,brightness,0.35000000,1,0.98049372,0
Ben_Affleck,rotation,0.00000000,1,1.00000000,0
Ben_Affleck,rotation,3.00000000,1,0.99786246,0
Ben_Affleck,rotation,6.00000000,1,0.99815869,0
Ben_Affleck,rotation,10.00000000,1,0.99812973,0
Ben_Affleck,rotation,15.00000000,1,0.99725819,0
Ben_Affleck,rotation,20.00000000,1,0.99243200,0
Ben_Affleck,blur,0.00000000,1,0.99542379,0
Ben_Affleck,blur,1.00000000,1,0.99459559,0
Ben_Affleck,blur,2.00000000,1,0.96234608,0
Ben_Affleck,blur,3.00000000,1,0.89686787,0
Ben_Affleck,blur,4.00000000,0,0.77535713,0
Ben_Affleck,blur,5.00000000,0,0.65698481,0
Ben_Affleck,occlusion,0.00000000,1,0.99811840,0
Ben_Affleck,occlusion,0.10000000,0,nan,1
Ben_Affleck,occlusion,0.15000000,0,nan,1
Ben_Affleck,occlusion,0.20000000,0,nan,1
Ben_Affleck,occlusion,0.25000000,0,nan,1
Ben_Affleck,occlusion,0.30000000,0,nan,1
Benazir_Bhutto,gaussian,0.00000000,1,1.00000000,0
Benazir_Bhutto,gaussian,0.02000000,1,0.98158234,0
Benazir_Bhutto,gaussian,0.05000000,1,0.92668152,0
Benazir_Bhutto,gaussian,0.10000000,1,0.82564092,0
Benazir_Bhutto,gaussian,0.20000000,0,nan,1
Benazir_Bhutto,gaussian,0.30000000,0,nan,1
Benazir_Bhutto,brightness,1.00000000,1,1.00000000,0
Benazir_Bhutto,brightness,0.90000000,1,0.99939919,0
Benazir_Bhutto,brightness,0.80000000,1,0.99852216,0
Benazir_Bhutto,brightness,0.65000000,1,0.99468607,0
Benazir_Bhutto,brightness,0.50000000,1,0.98735797,0
Benazir_Bhutto,brightness,0.35000000,1,0.97595817,0
Benazir_Bhutto,rotation,0.00000000,1,1.00000000,0
Benazir_Bhutto,rotation,3.00000000,1,0.99729228,0
Benazir_Bhutto,rotation,6.00000000,1,0.99563676,0
Benazir_Bhutto,rotation,10.00000000,1,0.99279028,0
Benazir_Bhutto,rotation,15.00000000,1,0.99390608,0
Benazir_Bhutto,rotation,20.00000000,1,0.99404687,0
Benazir_Bhutto,blur,0.00000000,1,0.99289602,0
Benazir_Bhutto,blur,1.00000000,1,0.99178070,0
Benazir_Bhutto,blur,2.00000000,1,0.94192374,0
Benazir_Bhutto,blur,3.00000000,1,0.85580063,0
Benazir_Bhutto,blur,4.00000000,1,0.73954439,0
Benazir_Bhutto,blur,5.00000000,0,0.61731601,0
Benazir_Bhutto,occlusion,0.00000000,1,0.99930227,0
Benazir_Bhutto,occlusion,0.10000000,0,0.35003513,0
Benazir_Bhutto,occlusion,0.15000000,0,nan,1
Benazir_Bhutto,occlusion,0.20000000,0,nan,1
Benazir_Bhutto,occlusion,0.25000000,0,nan,1
Benazir_Bhutto,occlusion,0.30000000,0,nan,1
Benjamin_Netanyahu,gaussian,0.00000000,1,1.00000000,0
Benjamin_Netanyahu,gaussian,0.02000000,1,0.99185616,0
Benjamin_Netanyahu,gaussian,0.05000000,1,0.95251322,0
Benjamin_Netanyahu,gaussian,0.10000000,1,0.89441711,0
Benjamin_Netanyahu,gaussian,0.20000000,0,nan,1
Benjamin_Netanyahu,gaussian,0.30000000,0,nan,1
Benjamin_Netanyahu,brightness,1.00000000,1,1.00000000,0
Benjamin_Netanyahu,brightness,0.90000000,1,0.99944985,0
Benjamin_Netanyahu,brightness,0.80000000,1,0.99833333,0
Benjamin_Netanyahu,brightness,0.65000000,1,0.99542010,0
Benjamin_Netanyahu,brightness,0.50000000,1,0.99041212,0
Benjamin_Netanyahu,brightness,0.35000000,1,0.98197275,0
Benjamin_Netanyahu,rotation,0.00000000,1,1.00000000,0
Benjamin_Netanyahu,rotation,3.00000000,1,0.99766803,0
Benjamin_Netanyahu,rotation,6.00000000,1,0.99731040,0
Benjamin_Netanyahu,rotation,10.00000000,1,0.99602062,0
Benjamin_Netanyahu,rotation,15.00000000,1,0.99041045,0
Benjamin_Netanyahu,rotation,20.00000000,1,0.98417717,0
Benjamin_Netanyahu,blur,0.00000000,1,0.99518788,0
Benjamin_Netanyahu,blur,1.00000000,1,0.99445331,0
Benjamin_Netanyahu,blur,2.00000000,1,0.96476829,0
Benjamin_Netanyahu,blur,3.00000000,1,0.90857542,0
Benjamin_Netanyahu,blur,4.00000000,1,0.82995272,0
Benjamin_Netanyahu,blur,5.00000000,0,0.74347454,0
Benjamin_Netanyahu,occlusion,0.00000000,1,0.99848926,0
Benjamin_Netanyahu,occlusion,0.10000000,0,0.45527303,0
Benjamin_Netanyahu,occlusion,0.15000000,0,0.05111942,0
Benjamin_Netanyahu,occlusion,0.20000000,0,0.05268846,0
Benjamin_Netanyahu,occlusion,0.25000000,0,0.05428543,0
Benjamin_Netanyahu,occlusion,0.30000000,0,0.06000771,0
Bernard_Law,gaussian,0.00000000,1,0.99999994,0
Bernard_Law,gaussian,0.02000000,1,0.98964542,0
Bernard_Law,gaussian,0.05000000,1,0.95501053,0
Bernard_Law,gaussian,0.10000000,1,0.85984123,0
Bernard_Law,gaussian,0.20000000,0,nan,1
Bernard_Law,gaussian,0.30000000,0,nan,1
Bernard_Law,brightness,1.00000000,1,0.99999994,0
Bernard_Law,brightness,0.90000000,1,0.99929202,0
Bernard_Law,brightness,0.80000000,1,0.99819672,0
Bernard_Law,brightness,0.65000000,1,0.99490702,0
Bernard_Law,brightness,0.50000000,1,0.98887998,0
Bernard_Law,brightness,0.35000000,1,0.97966683,0
Bernard_Law,rotation,0.00000000,1,0.99999994,0
Bernard_Law,rotation,3.00000000,1,0.99654388,0
Bernard_Law,rotation,6.00000000,1,0.99369526,0
Bernard_Law,rotation,10.00000000,1,0.99044478,0
Bernard_Law,rotation,15.00000000,1,0.97932386,0
Bernard_Law,rotation,20.00000000,1,0.96774203,0
Bernard_Law,blur,0.00000000,1,0.99427247,0
Bernard_Law,blur,1.00000000,1,0.99309587,0
Bernard_Law,blur,2.00000000,1,0.95383084,0
Bernard_Law,blur,3.00000000,1,0.86697936,0
Bernard_Law,blur,4.00000000,0,0.75679851,0
Bernard_Law,blur,5.00000000,0,0.62047368,0
Bernard_Law,occlusion,0.00000000,1,0.99982178,0
Bernard_Law,occlusion,0.10000000,0,nan,1
Bernard_Law,occlusion,0.15000000,0,nan,1
Bernard_Law,occlusion,0.20000000,0,nan,1
Bernard_Law,occlusion,0.25000000,0,nan,1
Bernard_Law,occlusion,0.30000000,0,nan,1
Bertie_Ahern,gaussian,0.00000000,1,0.99999988,0
Bertie_Ahern,gaussian,0.02000000,1,0.98607057,0
Bertie_Ahern,gaussian,0.05000000,1,0.94417614,0
Bertie_Ahern,gaussian,0.10000000,1,0.87877715,0
Bertie_Ahern,gaussian,0.20000000,0,nan,1
Bertie_Ahern,gaussian,0.30000000,0,nan,1
Bertie_Ahern,brightness,1.00000000,1,0.99999988,0
Bertie_Ahern,brightness,0.90000000,1,0.99909782,0
Bertie_Ahern,brightness,0.80000000,1,0.99753022,0
Bertie_Ahern,brightness,0.65000000,1,0.99364734,0
Bertie_Ahern,brightness,0.50000000,1,0.98479217,0
Bertie_Ahern,brightness,0.35000000,1,0.96161449,0
Bertie_Ahern,rotation,0.00000000,1,0.99999988,0
Bertie_Ahern,rotation,3.00000000,1,0.99569529,0
Bertie_Ahern,rotation,6.00000000,1,0.99573731,0
Bertie_Ahern,rotation,10.00000000,1,0.99434155,0
Bertie_Ahern,rotation,15.00000000,1,0.99106419,0
Bertie_Ahern,rotation,20.00000000,1,0.98986834,0
Bertie_Ahern,blur,0.00000000,1,0.99116123,0
Bertie_Ahern,blur,1.00000000,1,0.98928893,0
Bertie_Ahern,blur,2.00000000,1,0.94949776,0
Bertie_Ahern,blur,3.00000000,1,0.88956213,0
Bertie_Ahern,blur,4.00000000,1,0.80540782,0
Bertie_Ahern,blur,5.00000000,1,0.73098511,0
Bertie_Ahern,occlusion,0.00000000,1,0.99913627,0
Bertie_Ahern,occlusion,0.10000000,0,0.34681433,0
Bertie_Ahern,occlusion,0.15000000,0,nan,1
Bertie_Ahern,occlusion,0.20000000,0,nan,1
Bertie_Ahern,occlusion,0.25000000,0,nan,1
Bertie_Ahern,occlusion,0.30000000,0,nan,1
Bill_Clinton,gaussian,0.00000000,1,1.00000000,0
Bill_Clinton,gaussian,0.02000000,1,0.98954457,0
Bill_Clinton,gaussian,0.05000000,1,0.94580591,0
Bill_Clinton,gaussian,0.10000000,1,0.86046946,0
Bill_Clinton,gaussian,0.20000000,0,nan,1
Bill_Clinton,gaussian,0.30000000,0,nan,1
Bill_Clinton,brightness,1.00000000,1,1.00000000,0
Bill_Clinton,brightness,0.90000000,1,0.99939656,0
Bill_Clinton,brightness,0.80000000,1,0.99840081,0
Bill_Clinton,brightness,0.65000000,1,0.99591923,0
Bill_Clinton,brightness,0.50000000,1,0.98838174,0
Bill_Clinton,brightness,0.35000000,1,0.97883379,0
Bill_Clinton,rotation,0.00000000,1,1.00000000,0
Bill_Clinton,rotation,3.00000000,1,0.99763286,0
Bill_Clinton,rotation,6.00000000,1,0.99722290,0
Bill_Clinton,rotation,10.00000000,1,0.99731368,0
Bill_Clinton,rotation,15.00000000,1,0.99548054,0
Bill_Clinton,rotation,20.00000000,1,0.99416113,0
Bill_Clinton,blur,0.00000000,1,0.99679530,0
Bill_Clinton,blur,1.00000000,1,0.99594331,0
Bill_Clinton,blur,2.00000000,1,0.97449023,0
Bill_Clinton,blur,3.00000000,1,0.91424441,0
Bill_Clinton,blur,4.00000000,1,0.84556609,0
Bill_Clinton,blur,5.00000000,1,0.75381780,0
Bill_Clinton,occlusion,0.00000000,1,0.99858195,0
Bill_Clinton,occlusion,0.10000000,0,0.55867052,0
Bill_Clinton,occlusion,0.15000000,0,nan,1
Bill_Clinton,occlusion,0.20000000,0,nan,1
Bill_Clinton,occlusion,0.25000000,0,nan,1
Bill_Clinton,occlusion,0.30000000,0,nan,1
Bill_Frist,gaussian,0.00000000,1,1.00000000,0
Bill_Frist,gaussian,0.02000000,1,0.98766768,0
Bill_Frist,gaussian,0.05000000,1,0.96152782,0
Bill_Frist,gaussian,0.10000000,1,0.90564346,0
Bill_Frist,gaussian,0.20000000,0,nan,1
Bill_Frist,gaussian,0.30000000,0,nan,1
Bill_Frist,brightness,1.00000000,1,1.00000000,0
Bill_Frist,brightness,0.90000000,1,0.99891979,0
Bill_Frist,brightness,0.80000000,1,0.99680936,0
Bill_Frist,brightness,0.65000000,1,0.99388731,0
Bill_Frist,brightness,0.50000000,1,0.98866814,0
Bill_Frist,brightness,0.35000000,1,0.98092866,0
Bill_Frist,rotation,0.00000000,1,1.00000000,0
Bill_Frist,rotation,3.00000000,1,0.99733126,0
Bill_Frist,rotation,6.00000000,1,0.99647367,0
Bill_Frist,rotation,10.00000000,1,0.99507165,0
Bill_Frist,rotation,15.00000000,1,0.99464333,0
Bill_Frist,rotation,20.00000000,1,0.99215168,0
Bill_Frist,blur,0.00000000,1,0.99564469,0
Bill_Frist,blur,1.00000000,1,0.99465203,0
Bill_Frist,blur,2.00000000,1,0.96889699,0
Bill_Frist,blur,3.00000000,1,0.89699548,0
Bill_Frist,blur,4.00000000,1,0.79754454,0
Bill_Frist,blur,5.00000000,1,0.68424571,0
Bill_Frist,occlusion,0.00000000,1,0.99865377,0
Bill_Frist,occlusion,0.10000000,0,0.49973515,0
Bill_Frist,occlusion,0.15000000,0,nan,1
Bill_Frist,occlusion,0.20000000,0,nan,1
Bill_Frist,occlusion,0.25000000,0,nan,1
Bill_Frist,occlusion,0.30000000,0,nan,1
Bill_Gates,gaussian,0.00000000,1,1.00000012,0
Bill_Gates,gaussian,0.02000000,1,0.98771751,0
Bill_Gates,gaussian,0.05000000,1,0.93337178,0
Bill_Gates,gaussian,0.10000000,0,0.83480477,0
Bill_Gates,gaussian,0.20000000,0,nan,1
Bill_Gates,gaussian,0.30000000,0,nan,1
Bill_Gates,brightness,1.00000000,1,1.00000012,0
Bill_Gates,brightness,0.90000000,1,0.99905282,0
Bill_Gates,brightness,0.80000000,1,0.99733627,0
Bill_Gates,brightness,0.65000000,1,0.99258161,0
Bill_Gates,brightness,0.50000000,1,0.98401374,0
Bill_Gates,brightness,0.35000000,1,0.96880406,0
Bill_Gates,rotation,0.00000000,1,1.00000012,0
Bill_Gates,rotation,3.00000000,1,0.99677461,0
Bill_Gates,rotation,6.00000000,1,0.99554032,0
Bill_Gates,rotation,10.00000000,1,0.99481142,0
Bill_Gates,rotation,15.00000000,1,0.99222863,0
Bill_Gates,rotation,20.00000000,1,0.99069238,0
Bill_Gates,blur,0.00000000,1,0.99191439,0
Bill_Gates,blur,1.00000000,1,0.99105388,0
Bill_Gates,blur,2.00000000,1,0.95814097,0
Bill_Gates,blur,3.00000000,1,0.86896729,0
Bill_Gates,blur,4.00000000,0,0.75665498,0
Bill_Gates,blur,5.00000000,0,0.66145587,0
Bill_Gates,occlusion,0.00000000,1,0.98915482,0
Bill_Gates,occlusion,0.10000000,0,nan,1
Bill_Gates,occlusion,0.15000000,0,nan,1
Bill_Gates,occlusion,0.20000000,0,nan,1
Bill_Gates,occlusion,0.25000000,0,nan,1
Bill_Gates,occlusion,0.30000000,0,nan,1
Bill_Graham,gaussian,0.00000000,1,1.00000000,0
Bill_Graham,gaussian,0.02000000,1,0.98893231,0
Bill_Graham,gaussian,0.05000000,1,0.95189989,0
Bill_Graham,gaussian,0.10000000,1,0.87440515,0
Bill_Graham,gaussian,0.20000000,0,nan,1
Bill_Graham,gaussian,0.30000000,0,nan,1
Bill_Graham,brightness,1.00000000,1,1.00000000,0
Bill_Graham,brightness,0.90000000,1,0.99817878,0
Bill_Graham,brightness,0.80000000,1,0.99537987,0
Bill_Graham,brightness,0.65000000,1,0.98912728,0
Bill_Graham,brightness,0.50000000,1,0.98052216,0
Bill_Graham,brightness,0.35000000,1,0.96854174,0
Bill_Graham,rotation,0.00000000,1,1.00000000,0
Bill_Graham,rotation,3.00000000,1,0.99689680,0
Bill_Graham,rotation,6.00000000,1,0.99810141,0
Bill_Graham,rotation,10.00000000,1,0.99593055,0
Bill_Graham,rotation,15.00000000,1,0.99532318,0
Bill_Graham,rotation,20.00000000,1,0.99077773,0
Bill_Graham,blur,0.00000000,1,0.98990846,0
Bill_Graham,blur,1.00000000,1,0.98807728,0
Bill_Graham,blur,2.00000000,1,0.94662762,0
Bill_Graham,blur,3.00000000,1,0.88673472,0
Bill_Graham,blur,4.00000000,1,0.80332029,0
Bill_Graham,blur,5.00000000,0,0.69578421,0
Bill_Graham,occlusion,0.00000000,1,0.99839103,0
Bill_Graham,occlusion,0.10000000,0,nan,1
Bill_Graham,occlusion,0.15000000,0,nan,1
Bill_Graham,occlusion,0.20000000,0,nan,1
Bill_Graham,occlusion,0.25000000,0,nan,1
Bill_Graham,occlusion,0.30000000,0,nan,1
Bill_McBride,gaussian,0.00000000,1,1.00000012,0
Bill_McBride,gaussian,0.02000000,1,0.99236691,0
Bill_McBride,gaussian,0.05000000,1,0.95621681,0
Bill_McBride,gaussian,0.10000000,1,0.89296770,0
Bill_McBride,gaussian,0.20000000,0,nan,1
Bill_McBride,gaussian,0.30000000,0,nan,1
Bill_McBride,brightness,1.00000000,1,1.00000012,0
Bill_McBride,brightness,0.90000000,1,0.99951828,0
Bill_McBride,brightness,0.80000000,1,0.99856210,0
Bill_McBride,brightness,0.65000000,1,0.99638313,0
Bill_McBride,brightness,0.50000000,1,0.99205160,0
Bill_McBride,brightness,0.35000000,1,0.98583484,0
Bill_McBride,rotation,0.00000000,1,1.00000012,0
Bill_McBride,rotation,3.00000000,1,0.99674821,0
Bill_McBride,rotation,6.00000000,1,0.99634784,0
Bill_McBride,rotation,10.00000000,1,0.99726903,0
Bill_McBride,rotation,15.00000000,1,0.99439514,0
Bill_McBride,rotation,20.00000000,1,0.99121290,0
Bill_McBride,blur,0.00000000,1,0.99538743,0
Bill_McBride,blur,1.00000000,1,0.99421692,0
Bill_McBride,blur,2.00000000,1,0.96963418,0
Bill_McBride,blur,3.00000000,1,0.90698195,0
Bill_McBride,blur,4.00000000,1,0.82109094,0
Bill_McBride,blur,5.00000000,1,0.74654865,0
Bill_McBride,occlusion,0.00000000,1,0.99896407,0
Bill_McBride,occlusion,0.10000000,0,0.37022927,0
Bill_McBride,occlusion,0.15000000,0,nan,1
Bill_McBride,occlusion,0.20000000,0,nan,1
Bill_McBride,occlusion,0.25000000,0,nan,1
Bill_McBride,occlusion,0.30000000,0,nan,1
Bill_Simon,gaussian,0.00000000,1,1.00000000,0
Bill_Simon,gaussian,0.02000000,1,0.98957127,0
Bill_Simon,gaussian,0.05000000,1,0.97013736,0
Bill_Simon,gaussian,0.10000000,1,0.92128772,0
Bill_Simon,gaussian,0.20000000,0,nan,1
Bill_Simon,gaussian,0.30000000,0,nan,1
Bill_Simon,brightness,1.00000000,1,1.00000000,0
Bill_Simon,brightness,0.90000000,1,0.99963784,0
Bill_Simon,brightness,0.80000000,1,0.99866843,0
Bill_Simon,brightness,0.65000000,1,0.99539471,0
Bill_Simon,brightness,0.50000000,1,0.98956692,0
Bill_Simon,brightness,0.35000000,1,0.98153961,0
Bill_Simon,rotation,0.00000000,1,1.00000000,0
Bill_Simon,rotation,3.00000000,1,0.99389756,0
Bill_Simon,rotation,6.00000000,1,0.99325114,0
Bill_Simon,rotation,10.00000000,1,0.99387693,0
Bill_Simon,rotation,15.00000000,1,0.99335378,0
Bill_Simon,rotation,20.00000000,1,0.98826182,0
Bill_Simon,blur,0.00000000,1,0.99362510,0
Bill_Simon,blur,1.00000000,1,0.99229777,0
Bill_Simon,blur,2.00000000,1,0.96058047,0
Bill_Simon,blur,3.00000000,1,0.91025448,0
Bill_Simon,blur,4.00000000,1,0.80974770,0
Bill_Simon,blur,5.00000000,1,0.72738457,0
Bill_Simon,occlusion,0.00000000,1,0.99493885,0
Bill_Simon,occlusion,0.10000000,0,0.45982197,0
Bill_Simon,occlusion,0.15000000,0,0.17999732,0
Bill_Simon,occlusion,0.20000000,0,nan,1
Bill_Simon,occlusion,0.25000000,0,nan,1
Bill_Simon,occlusion,0.30000000,0,nan,1
Billy_Crystal,gaussian,0.00000000,1,1.00000000,0
Billy_Crystal,gaussian,0.02000000,1,0.99024487,0
Billy_Crystal,gaussian,0.05000000,1,0.95777845,0
Billy_Crystal,gaussian,0.10000000,1,0.85385889,0
Billy_Crystal,gaussian,0.20000000,0,nan,1
Billy_Crystal,gaussian,0.30000000,0,nan,1
Billy_Crystal,brightness,1.00000000,1,1.00000000,0
Billy_Crystal,brightness,0.90000000,1,0.99945068,0
Billy_Crystal,brightness,0.80000000,1,0.99817812,0
Billy_Crystal,brightness,0.65000000,1,0.99499214,0
Billy_Crystal,brightness,0.50000000,1,0.98613197,0
Billy_Crystal,brightness,0.35000000,1,0.97308016,0
Billy_Crystal,rotation,0.00000000,1,1.00000000,0
Billy_Crystal,rotation,3.00000000,1,0.99414939,0
Billy_Crystal,rotation,6.00000000,1,0.99191451,0
Billy_Crystal,rotation,10.00000000,1,0.99426180,0
Billy_Crystal,rotation,15.00000000,1,0.99402773,0
Billy_Crystal,rotation,20.00000000,1,0.99614400,0
Billy_Crystal,blur,0.00000000,1,0.99081695,0
Billy_Crystal,blur,1.00000000,1,0.98903883,0
Billy_Crystal,blur,2.00000000,1,0.90221351,0
Billy_Crystal,blur,3.00000000,1,0.79550368,0
Billy_Crystal,blur,4.00000000,0,0.70352292,0
Billy_Crystal,blur,5.00000000,0,0.64381719,0
Billy_Crystal,occlusion,0.00000000,1,0.99900651,0
Billy_Crystal,occlusion,0.10000000,0,0.26163715,0
Billy_Crystal,occlusion,0.15000000,0,nan,1
Billy_Crystal,occlusion,0.20000000,0,nan,1
Billy_Crystal,occlusion,0.25000000,0,nan,1
Billy_Crystal,occlusion,0.30000000,0,nan,1
Binyamin_Ben-Eliezer,gaussian,0.00000000,1,1.00000000,0
Binyamin_Ben-Eliezer,gaussian,0.02000000,1,0.98975182,0
Binyamin_Ben-Eliezer,gaussian,0.05000000,1,0.95904529,0
Binyamin_Ben-Eliezer,gaussian,0.10000000,1,0.89721721,0
Binyamin_Ben-Eliezer,gaussian,0.20000000,0,nan,1
Binyamin_Ben-Eliezer,gaussian,0.30000000,0,nan,1
Binyamin_Ben-Eliezer,brightness,1.00000000,1,1.00000000,0
Binyamin_Ben-Eliezer,brightness,0.90000000,1,0.99910372,0
Binyamin_Ben-Eliezer,brightness,0.80000000,1,0.99768466,0
Binyamin_Ben-Eliezer,brightness,0.65000000,1,0.99546754,0
Binyamin_Ben-Eliezer,brightness,0.50000000,1,0.99056000,0
Binyamin_Ben-Eliezer,brightness,0.35000000,1,0.98469526,0
Binyamin_Ben-Eliezer,rotation,0.00000000,1,1.00000000,0
Binyamin_Ben-Eliezer,rotation,3.00000000,1,0.99595338,0
Binyamin_Ben-Eliezer,rotation,6.00000000,1,0.99458760,0
Binyamin_Ben-Eliezer,rotation,10.00000000,1,0.99546248,0
Binyamin_Ben-Eliezer,rotation,15.00000000,1,0.99329495,0
Binyamin_Ben-Eliezer,rotation,20.00000000,1,0.98410881,0
Binyamin_Ben-Eliezer,blur,0.00000000,1,0.99636149,0
Binyamin_Ben-Eliezer,blur,1.00000000,1,0.99591690,0
Binyamin_Ben-Eliezer,blur,2.00000000,1,0.97508848,0
Binyamin_Ben-Eliezer,blur,3.00000000,1,0.92928970,0
Binyamin_Ben-Eliezer,blur,4.00000000,1,0.86919558,0
Binyamin_Ben-Eliezer,blur,5.00000000,1,0.79501760,0
Binyamin_Ben-Eliezer,occlusion,0.00000000,1,0.99945641,0
Binyamin_Ben-Eliezer,occlusion,0.10000000,0,0.39169082,0
Binyamin_Ben-Eliezer,occlusion,0.15000000,0,0.03956633,0
Binyamin_Ben-Eliezer,occlusion,0.20000000,0,0.04128537,0
Binyamin_Ben-Eliezer,occlusion,0.25000000,0,0.05691433,0
Binyamin_Ben-Eliezer,occlusion,0.30000000,0,nan,1
Bob_Graham,gaussian,0.00000000,1,1.00000012,0
Bob_Graham,gaussian,0.02000000,1,0.98894757,0
Bob_Graham,gaussian,0.05000000,1,0.95202065,0
Bob_Graham,gaussian,0.10000000,1,0.87113130,0
Bob_Graham,gaussian,0.20000000,0,nan,1
Bob_Graham,gaussian,0.30000000,0,nan,1
Bob_Graham,brightness,1.00000000,1,1.00000012,0
Bob_Graham,brightness,0.90000000,1,0.99946558,0
Bob_Graham,brightness,0.80000000,1,0.99835956,0
Bob_Graham,brightness,0.65000000,1,0.99557841,0
Bob_Graham,brightness,0.50000000,1,0.99165207,0
Bob_Graham,brightness,0.35000000,1,0.98365360,0
Bob_Graham,rotation,0.00000000,1,1.00000012,0
Bob_Graham,rotation,3.00000000,1,0.99818629,0
Bob_Graham,rotation,6.00000000,1,0.99744534,0
Bob_Graham,rotation,10.00000000,1,0.99562502,0
Bob_Graham,rotation,15.00000000,1,0.99512148,0
Bob_Graham,rotation,20.00000000,1,0.99107265,0
Bob_Graham,blur,0.00000000,1,0.99630845,0
Bob_Graham,blur,1.00000000,1,0.99553144,0
Bob_Graham,blur,2.00000000,1,0.96830225,0
Bob_Graham,blur,3.00000000,1,0.90256596,0
Bob_Graham,blur,4.00000000,1,0.81923133,0
Bob_Graham,blur,5.00000000,1,0.71920598,0
Bob_Graham,occlusion,0.00000000,1,0.99882817,0
Bob_Graham,occlusion,0.10000000,0,0.08018318,0
Bob_Graham,occlusion,0.15000000,0,0.08052397,0
Bob_Graham,occlusion,0.20000000,0,0.08149593,0
Bob_Graham,occlusion,0.25000000,0,0.07986088,0
Bob_Graham,occlusion,0.30000000,0,0.08065791,0
Bob_Hope,gaussian,0.00000000,1,1.00000000,0
Bob_Hope,gaussian,0.02000000,1,0.98214537,0
Bob_Hope,gaussian,0.05000000,1,0.94549388,0
Bob_Hope,gaussian,0.10000000,0,0.85640776,0
Bob_Hope,gaussian,0.20000000,0,nan,1
Bob_Hope,gaussian,0.30000000,0,nan,1
Bob_Hope,brightness,1.00000000,1,1.00000000,0
Bob_Hope,brightness,0.90000000,1,0.99799430,0
Bob_Hope,brightness,0.80000000,1,0.99496102,0
Bob_Hope,brightness,0.65000000,1,0.98768294,0
Bob_Hope,brightness,0.50000000,1,0.97857034,0
Bob_Hope,brightness,0.35000000,1,0.97120035,0
Bob_Hope,rotation,0.00000000,1,1.00000000,0
Bob_Hope,rotation,3.00000000,1,0.99696106,0
Bob_Hope,rotation,6.00000000,1,0.99263775,0
Bob_Hope,rotation,10.00000000,1,0.98783088,0
Bob_Hope,rotation,15.00000000,1,0.98231435,0
Bob_Hope,rotation,20.00000000,1,0.98259956,0
Bob_Hope,blur,0.00000000,1,0.99621618,0
Bob_Hope,blur,1.00000000,1,0.99538672,0
Bob_Hope,blur,2.00000000,1,0.97458035,0
Bob_Hope,blur,3.00000000,1,0.92334330,0
Bob_Hope,blur,4.00000000,1,0.85891938,0
Bob_Hope,blur,5.00000000,0,0.77197218,0
Bob_Hope,occlusion,0.00000000,1,0.99858701,0
Bob_Hope,occlusion,0.10000000,0,nan,1
Bob_Hope,occlusion,0.15000000,0,nan,1
Bob_Hope,occlusion,0.20000000,0,nan,1
Bob_Hope,occlusion,0.25000000,0,nan,1
Bob_Hope,occlusion,0.30000000,0,nan,1
Bob_Stoops,gaussian,0.00000000,1,0.99999988,0
Bob_Stoops,gaussian,0.02000000,1,0.97995293,0
Bob_Stoops,gaussian,0.05000000,1,0.92482722,0
Bob_Stoops,gaussian,0.10000000,0,0.76769865,0
Bob_Stoops,gaussian,0.20000000,0,nan,1
Bob_Stoops,gaussian,0.30000000,0,nan,1
Bob_Stoops,brightness,1.00000000,1,0.99999988,0
Bob_Stoops,brightness,0.90000000,1,0.99931061,0
Bob_Stoops,brightness,0.80000000,1,0.99776751,0
Bob_Stoops,brightness,0.65000000,1,0.99229515,0
Bob_Stoops,brightness,0.50000000,1,0.98664629,0
Bob_Stoops,brightness,0.35000000,1,0.97685152,0
Bob_Stoops,rotation,0.00000000,1,0.99999988,0
Bob_Stoops,rotation,3.00000000,1,0.99718165,0
Bob_Stoops,rotation,6.00000000,1,0.99636137,0
Bob_Stoops,rotation,10.00000000,1,0.99528146,0
Bob_Stoops,rotation,15.00000000,1,0.98966193,0
Bob_Stoops,rotation,20.00000000,1,0.98892617,0
Bob_Stoops,blur,0.00000000,1,0.99265748,0
Bob_Stoops,blur,1.00000000,1,0.99145174,0
Bob_Stoops,blur,2.00000000,1,0.95011401,0
Bob_Stoops,blur,3.00000000,1,0.87100750,0
Bob_Stoops,blur,4.00000000,1,0.77279973,0
Bob_Stoops,blur,5.00000000,0,0.62222040,0
Bob_Stoops,occlusion,0.00000000,1,0.99831945,0
Bob_Stoops,occlusion,0.10000000,0,0.31174374,0
Bob_Stoops,occlusion,0.15000000,0,nan,1
Bob_Stoops,occlusion,0.20000000,0,nan,1
Bob_Stoops,occlusion,0.25000000,0,nan,1
Bob_Stoops,occlusion,0.30000000,0,nan,1
Boris_Becker,gaussian,0.00000000,1,0.99999988,0
Boris_Becker,gaussian,0.02000000,1,0.98939967,0
Boris_Becker,gaussian,0.05000000,1,0.93751031,0
Boris_Becker,gaussian,0.10000000,1,0.85490316,0
Boris_Becker,gaussian,0.20000000,0,nan,1
Boris_Becker,gaussian,0.30000000,0,nan,1
Boris_Becker,brightness,1.00000000,1,0.99999988,0
Boris_Becker,brightness,0.90000000,1,0.99934846,0
Boris_Becker,brightness,0.80000000,1,0.99781394,0
Boris_Becker,brightness,0.65000000,1,0.99416256,0
Boris_Becker,brightness,0.50000000,1,0.98867702,0
Boris_Becker,brightness,0.35000000,1,0.97665566,0
Boris_Becker,rotation,0.00000000,1,0.99999988,0
Boris_Becker,rotation,3.00000000,1,0.99796504,0
Boris_Becker,rotation,6.00000000,1,0.99641299,0
Boris_Becker,rotation,10.00000000,1,0.99263817,0
Boris_Becker,rotation,15.00000000,1,0.98938757,0
Boris_Becker,rotation,20.00000000,1,0.98311639,0
Boris_Becker,blur,0.00000000,1,0.99343944,0
Boris_Becker,blur,1.00000000,1,0.99198556,0
Boris_Becker,blur,2.00000000,1,0.95924342,0
Boris_Becker,blur,3.00000000,1,0.89692438,0
Boris_Becker,blur,4.00000000,1,0.79323423,0
Boris_Becker,blur,5.00000000,0,0.71661341,0
Boris_Becker,occlusion,0.00000000,1,0.99954855,0
Boris_Becker,occlusion,0.10000000,0,0.02593280,0
Boris_Becker,occlusion,0.15000000,0,0.02717667,0
Boris_Becker,occlusion,0.20000000,0,0.02621998,0
Boris_Becker,occlusion,0.25000000,0,0.01602542,0
Boris_Becker,occlusion,0.30000000,0,0.00050137,0
Brad_Johnson,gaussian,0.00000000,1,0.99999994,0
Brad_Johnson,gaussian,0.02000000,1,0.98287833,0
Brad_Johnson,gaussian,0.05000000,1,0.94773501,0
Brad_Johnson,gaussian,0.10000000,0,0.85217637,0
Brad_Johnson,gaussian,0.20000000,0,nan,1
Brad_Johnson,gaussian,0.30000000,0,nan,1
Brad_Johnson,brightness,1.00000000,1,0.99999994,0
Brad_Johnson,brightness,0.90000000,1,0.99936014,0
Brad_Johnson,brightness,0.80000000,1,0.99821198,0
Brad_Johnson,brightness,0.65000000,1,0.99544978,0
Brad_Johnson,brightness,0.50000000,1,0.98987734,0
Brad_Johnson,brightness,0.35000000,1,0.97827095,0
Brad_Johnson,rotation,0.00000000,1,0.99999994,0
Brad_Johnson,rotation,3.00000000,1,0.99837232,0
Brad_Johnson,rotation,6.00000000,1,0.99802387,0
Brad_Johnson,rotation,10.00000000,1,0.99562371,0
Brad_Johnson,rotation,15.00000000,1,0.99310899,0
Brad_Johnson,rotation,20.00000000,1,0.99027061,0
Brad_Johnson,blur,0.00000000,1,0.99615514,0
Brad_Johnson,blur,1.00000000,1,0.99559045,0
Brad_Johnson,blur,2.00000000,1,0.97176278,0
Brad_Johnson,blur,3.00000000,1,0.92286456,0
Brad_Johnson,blur,4.00000000,1,0.84782290,0
Brad_Johnson,blur,5.00000000,1,0.75499880,0
Brad_Johnson,occlusion,0.00000000,1,0.99903250,0
Brad_Johnson,occlusion,0.10000000,0,0.33859769,0
Brad_Johnson,occlusion,0.15000000,0,nan,1
Brad_Johnson,occlusion,0.20000000,0,nan,1
Brad_Johnson,occlusion,0.25000000,0,nan,1
Brad_Johnson,occlusion,0.30000000,0,nan,1
Britney_Spears,gaussian,0.00000000,1,1.00000000,0
Britney_Spears,gaussian,0.02000000,1,0.98239982,0
Britney_Spears,gaussian,0.05000000,1,0.91830766,0
Britney_Spears,gaussian,0.10000000,1,0.79147339,0
Britney_Spears,gaussian,0.20000000,0,nan,1
Britney_Spears,gaussian,0.30000000,0,nan,1
Britney_Spears,brightness,1.00000000,1,1.00000000,0
Britney_Spears,brightness,0.90000000,1,0.99894142,0
Britney_Spears,brightness,0.80000000,1,0.99645168,0
Britney_Spears,brightness,0.65000000,1,0.98872906,0
Britney_Spears,brightness,0.50000000,1,0.97968817,0
Britney_Spears,brightness,0.35000000,1,0.96629608,0
Britney_Spears,rotation,0.00000000,1,1.00000000,0
Britney_Spears,rotation,3.00000000,1,0.99657625,0
Britney_Spears,rotation,6.00000000,1,0.99624622,0
Britney_Spears,rotation,10.00000000,1,0.99497259,0
Britney_Spears,rotation,15.00000000,1,0.98827899,0
Britney_Spears,rotation,20.00000000,1,0.98122489,0
Britney_Spears,blur,0.00000000,1,0.99435359,0
Britney_Spears,blur,1.00000000,1,0.99285835,0
Britney_Spears,blur,2.00000000,1,0.95688921,0
Britney_Spears,blur,3.00000000,1,0.87562716,0
Britney_Spears,blur,4.00000000,1,0.74113190,0
Britney_Spears,blur,5.00000000,1,0.61097759,0
Britney_Spears,occlusion,0.00000000,1,0.99568409,0
Britney_Spears,occlusion,0.10000000,0,0.30570972,0
Britney_Spears,occlusion,0.15000000,0,nan,1
Britney_Spears,occlusion,0.20000000,0,nan,1
Britney_Spears,occlusion,0.25000000,0,nan,1
Britney_Spears,occlusion,0.30000000,0,nan,1
Bulent_Ecevit,gaussian,0.00000000,1,1.00000000,0
Bulent_Ecevit,gaussian,0.02000000,1,0.99351394,0
Bulent_Ecevit,gaussian,0.05000000,1,0.96744645,0
Bulent_Ecevit,gaussian,0.10000000,1,0.92458022,0
Bulent_Ecevit,gaussian,0.20000000,0,nan,1
Bulent_Ecevit,gaussian,0.30000000,0,nan,1
Bulent_Ecevit,brightness,1.00000000,1,1.00000000,0
Bulent_Ecevit,brightness,0.90000000,1,0.99953860,0
Bulent_Ecevit,brightness,0.80000000,1,0.99862778,0
Bulent_Ecevit,brightness,0.65000000,1,0.99561334,0
Bulent_Ecevit,brightness,0.50000000,1,0.99147153,0
Bulent_Ecevit,brightness,0.35000000,1,0.98343712,0
Bulent_Ecevit,rotation,0.00000000,1,1.00000000,0
Bulent_Ecevit,rotation,3.00000000,1,0.99783289,0
Bulent_Ecevit,rotation,6.00000000,1,0.99741781,0
Bulent_Ecevit,rotation,10.00000000,1,0.99473625,0
Bulent_Ecevit,rotation,15.00000000,1,0.99158227,0
Bulent_Ecevit,rotation,20.00000000,1,0.99378920,0
Bulent_Ecevit,blur,0.00000000,1,0.99594063,0
Bulent_Ecevit,blur,1.00000000,1,0.99488664,0
Bulent_Ecevit,blur,2.00000000,1,0.97013414,0
Bulent_Ecevit,blur,3.00000000,1,0.91469556,0
Bulent_Ecevit,blur,4.00000000,1,0.86068326,0
Bulent_Ecevit,blur,5.00000000,1,0.80849409,0
Bulent_Ecevit,occlusion,0.00000000,1,0.99924660,0
Bulent_Ecevit,occlusion,0.10000000,0,0.23743415,0
Bulent_Ecevit,occlusion,0.15000000,0,nan,1
Bulent_Ecevit,occlusion,0.20000000,0,nan,1
Bulent_Ecevit,occlusion,0.25000000,0,nan,1
Bulent_Ecevit,occlusion,0.30000000,0,nan,1
Calista_Flockhart,gaussian,0.00000000,1,1.00000000,0
Calista_Flockhart,gaussian,0.02000000,1,0.98515433,0
Calista_Flockhart,gaussian,0.05000000,1,0.94852370,0
Calista_Flockhart,gaussian,0.10000000,1,0.78421128,0
Calista_Flockhart,gaussian,0.20000000,0,nan,1
Calista_Flockhart,gaussian,0.30000000,0,nan,1
Calista_Flockhart,brightness,1.00000000,1,1.00000000,0
Calista_Flockhart,brightness,0.90000000,1,0.99890828,0
Calista_Flockhart,brightness,0.80000000,1,0.99773163,0
Calista_Flockhart,brightness,0.65000000,1,0.99400830,0
Calista_Flockhart,brightness,0.50000000,1,0.98592705,0
Calista_Flockhart,brightness,0.35000000,1,0.97458524,0
Calista_Flockhart,rotation,0.00000000,1,1.00000000,0
Calista_Flockhart,rotation,3.00000000,1,0.99365306,0
Calista_Flockhart,rotation,6.00000000,1,0.98739135,0
Calista_Flockhart,rotation,10.00000000,1,0.98127580,0
Calista_Flockhart,rotation,15.00000000,1,0.97984016,0
Calista_Flockhart,rotation,20.00000000,1,0.97564006,0
Calista_Flockhart,blur,0.00000000,1,0.99000514,0
Calista_Flockhart,blur,1.00000000,1,0.98860794,0
Calista_Flockhart,blur,2.00000000,1,0.94930041,0
Calista_Flockhart,blur,3.00000000,1,0.84964132,0
Calista_Flockhart,blur,4.00000000,1,0.71347749,0
Calista_Flockhart,blur,5.00000000,0,0.59928763,0
Calista_Flockhart,occlusion,0.00000000,1,0.99746466,0
Calista_Flockhart,occlusion,0.10000000,0,0.23602365,0
Calista_Flockhart,occlusion,0.15000000,0,nan,1
Calista_Flockhart,occlusion,0.20000000,0,nan,1
Calista_Flockhart,occlusion,0.25000000,0,nan,1
Calista_Flockhart,occlusion,0.30000000,0,nan,1
Cameron_Diaz,gaussian,0.00000000,1,0.99999994,0
Cameron_Diaz,gaussian,0.02000000,1,0.98923224,0
Cameron_Diaz,gaussian,0.05000000,1,0.94052756,0
Cameron_Diaz,gaussian,0.10000000,1,0.90132153,0
Cameron_Diaz,gaussian,0.20000000,0,nan,1
Cameron_Diaz,gaussian,0.30000000,0,nan,1
Cameron_Diaz,brightness,1.00000000,1,0.99999994,0
Cameron_Diaz,brightness,0.90000000,1,0.99941689,0
Cameron_Diaz,brightness,0.80000000,1,0.99810094,0
Cameron_Diaz,brightness,0.65000000,1,0.99550027,0
Cameron_Diaz,brightness,0.50000000,1,0.99030316,0
Cameron_Diaz,brightness,0.35000000,1,0.98123419,0
Cameron_Diaz,rotation,0.00000000,1,0.99999994,0
Cameron_Diaz,rotation,3.00000000,1,0.99386394,0
Cameron_Diaz,rotation,6.00000000,1,0.99325645,0
Cameron_Diaz,rotation,10.00000000,1,0.98841673,0
Cameron_Diaz,rotation,15.00000000,1,0.98496008,0
Cameron_Diaz,rotation,20.00000000,1,0.98567736,0
Cameron_Diaz,blur,0.00000000,1,0.99510431,0
Cameron_Diaz,blur,1.00000000,1,0.99425936,0
Cameron_Diaz,blur,2.00000000,1,0.97178036,0
Cameron_Diaz,blur,3.00000000,1,0.91221273,0
Cameron_Diaz,blur,4.00000000,0,0.80210763,0
Cameron_Diaz,blur,5.00000000,0,0.67782730,0
Cameron_Diaz,occlusion,0.00000000,1,0.99887681,0
Cameron_Diaz,occlusion,0.10000000,0,0.33240694,0
Cameron_Diaz,occlusion,0.15000000,0,nan,1
Cameron_Diaz,occlusion,0.20000000,0,nan,1
Cameron_Diaz,occlusion,0.25000000,0,nan,1
Cameron_Diaz,occlusion,0.30000000,0,nan,1
Carla_Del_Ponte,gaussian,0.00000000,1,0.99999988,0
Carla_Del_Ponte,gaussian,0.02000000,1,0.98892105,0
Carla_Del_Ponte,gaussian,0.05000000,1,0.93727231,0
Carla_Del_Ponte,gaussian,0.10000000,1,0.86860955,0
Carla_Del_Ponte,gaussian,0.20000000,0,nan,1
Carla_Del_Ponte,gaussian,0.30000000,0,nan,1
Carla_Del_Ponte,brightness,1.00000000,1,0.99999988,0
Carla_Del_Ponte,brightness,0.90000000,1,0.99912369,0
Carla_Del_Ponte,brightness,0.80000000,1,0.99728745,0
Carla_Del_Ponte,brightness,0.65000000,1,0.99382985,0
Carla_Del_Ponte,brightness,0.50000000,1,0.98846018,0
Carla_Del_Ponte,brightness,0.35000000,1,0.98052293,0
Carla_Del_Ponte,rotation,0.00000000,1,0.99999988,0
Carla_Del_Ponte,rotation,3.00000000,1,0.99733186,0
Carla_Del_Ponte,rotation,6.00000000,1,0.99775147,0
Carla_Del_Ponte,rotation,10.00000000,1,0.99769402,0
Carla_Del_Ponte,rotation,15.00000000,1,0.99583668,0
Carla_Del_Ponte,rotation,20.00000000,1,0.99393803,0
Carla_Del_Ponte,blur,0.00000000,1,0.99472815,0
Carla_Del_Ponte,blur,1.00000000,1,0.99366570,0
Carla_Del_Ponte,blur,2.00000000,1,0.96387982,0
Carla_Del_Ponte,blur,3.00000000,1,0.91051841,0
Carla_Del_Ponte,blur,4.00000000,0,0.78787792,0
Carla_Del_Ponte,blur,5.00000000,0,0.69012856,0
Carla_Del_Ponte,occlusion,0.00000000,1,0.99883044,0
Carla_Del_Ponte,occlusion,0.10000000,0,0.44792992,0
Carla_Del_Ponte,occlusion,0.15000000,0,nan,1
Carla_Del_Ponte,occlusion,0.20000000,0,nan,1
Carla_Del_Ponte,occlusion,0.25000000,0,nan,1
Carla_Del_Ponte,occlusion,0.30000000,0,nan,1
Carlos_Menem,gaussian,0.00000000,1,0.99999982,0
Carlos_Menem,gaussian,0.02000000,1,0.99114972,0
Carlos_Menem,gaussian,0.05000000,1,0.95950818,0
Carlos_Menem,gaussian,0.10000000,1,0.87887245,0
Carlos_Menem,gaussian,0.20000000,0,nan,1
Carlos_Menem,gaussian,0.30000000,0,nan,1
Carlos_Menem,brightness,1.00000000,1,0.99999982,0
Carlos_Menem,brightness,0.90000000,1,0.99948514,0
Carlos_Menem,brightness,0.80000000,1,0.99843049,0
Carlos_Menem,brightness,0.65000000,1,0.99547750,0
Carlos_Menem,brightness,0.50000000,1,0.98959196,0
Carlos_Menem,brightness,0.35000000,1,0.98138171,0
Carlos_Menem,rotation,0.00000000,1,0.99999982,0
Carlos_Menem,rotation,3.00000000,1,0.99763310,0
Carlos_Menem,rotation,6.00000000,1,0.99653411,0
Carlos_Menem,rotation,10.00000000,1,0.99532962,0
Carlos_Menem,rotation,15.00000000,1,0.99814808,0
Carlos_Menem,rotation,20.00000000,1,0.99594736,0
Carlos_Menem,blur,0.00000000,1,0.99531269,0
Carlos_Menem,blur,1.00000000,1,0.99427664,0
Carlos_Menem,blur,2.00000000,1,0.95113474,0
Carlos_Menem,blur,3.00000000,1,0.86566669,0
Carlos_Menem,blur,4.00000000,1,0.73394573,0
Carlos_Menem,blur,5.00000000,0,0.64003551,0
Carlos_Menem,occlusion,0.00000000,1,0.99951452,0
Carlos_Menem,occlusion,0.10000000,0,0.42832708,0
Carlos_Menem,occlusion,0.15000000,0,nan,1
Carlos_Menem,occlusion,0.20000000,0,nan,1
Carlos_Menem,occlusion,0.25000000,0,nan,1
Carlos_Menem,occlusion,0.30000000,0,nan,1
Carlos_Moya,gaussian,0.00000000,1,1.00000012,0
Carlos_Moya,gaussian,0.02000000,1,0.98571169,0
Carlos_Moya,gaussian,0.05000000,1,0.93064153,0
Carlos_Moya,gaussian,0.10000000,1,0.84799808,0
Carlos_Moya,gaussian,0.20000000,0,nan,1
Carlos_Moya,gaussian,0.30000000,0,nan,1
Carlos_Moya,brightness,1.00000000,1,1.00000012,0
Carlos_Moya,brightness,0.90000000,1,0.99943519,0
Carlos_Moya,brightness,0.80000000,1,0.99841040,0
Carlos_Moya,brightness,0.65000000,1,0.99516165,0
Carlos_Moya,brightness,0.50000000,1,0.99029851,0
Carlos_Moya,brightness,0.35000000,1,0.98025471,0
Carlos_Moya,rotation,0.00000000,1,1.00000012,0
Carlos_Moya,rotation,3.00000000,1,0.99721301,0
Carlos_Moya,rotation,6.00000000,1,0.99751878,0
Carlos_Moya,rotation,10.00000000,1,0.99685812,0
Carlos_Moya,rotation,15.00000000,1,0.99642110,0
Carlos_Moya,rotation,20.00000000,1,0.99456632,0
Carlos_Moya,blur,0.00000000,1,0.99658334,0
Carlos_Moya,blur,1.00000000,1,0.99560422,0
Carlos_Moya,blur,2.00000000,1,0.96810746,0
Carlos_Moya,blur,3.00000000,1,0.90054035,0
Carlos_Moya,blur,4.00000000,1,0.82674265,0
Carlos_Moya,blur,5.00000000,0,0.72785491,0
Carlos_Moya,occlusion,0.00000000,1,0.99889386,0
Carlos_Moya,occlusion,0.10000000,0,0.21975240,0
Carlos_Moya,occlusion,0.15000000,0,0.07191394,0
Carlos_Moya,occlusion,0.20000000,0,0.03273305,0
Carlos_Moya,occlusion,0.25000000,0,nan,1
Carlos_Moya,occlusion,0.30000000,0,nan,1
Carmen_Electra,gaussian,0.00000000,1,1.00000000,0
Carmen_Electra,gaussian,0.02000000,1,0.98802638,0
Carmen_Electra,gaussian,0.05000000,1,0.94050086,0
Carmen_Electra,gaussian,0.10000000,1,0.86456680,0
Carmen_Electra,gaussian,0.20000000,0,nan,1
Carmen_Electra,gaussian,0.30000000,0,nan,1
Carmen_Electra,brightness,1.00000000,1,1.00000000,0
Carmen_Electra,brightness,0.90000000,1,0.99842322,0
Carmen_Electra,brightness,0.80000000,1,0.99570060,0
Carmen_Electra,brightness,0.65000000,1,0.98998386,0
Carmen_Electra,brightness,0.50000000,1,0.98337936,0
Carmen_Electra,brightness,0.35000000,1,0.97083914,0
Carmen_Electra,rotation,0.00000000,1,1.00000000,0
Carmen_Electra,rotation,3.00000000,1,0.99805772,0
Carmen_Electra,rotation,6.00000000,1,0.99739873,0
Carmen_Electra,rotation,10.00000000,1,0.99823779,0
Carmen_Electra,rotation,15.00000000,1,0.99364114,0
Carmen_Electra,rotation,20.00000000,1,0.98184061,0
Carmen_Electra,blur,0.00000000,1,0.99537611,0
Carmen_Electra,blur,1.00000000,1,0.99457574,0
Carmen_Electra,blur,2.00000000,1,0.95714521,0
Carmen_Electra,blur,3.00000000,1,0.87734163,0
Carmen_Electra,blur,4.00000000,1,0.77887344,0
Carmen_Electra,blur,5.00000000,1,0.67819506,0
Carmen_Electra,occlusion,0.00000000,1,0.99918228,0
Carmen_Electra,occlusion,0.10000000,0,0.24627720,0
Carmen_Electra,occlusion,0.15000000,0,nan,1
Carmen_Electra,occlusion,0.20000000,0,nan,1
Carmen_Electra,occlusion,0.25000000,0,nan,1
Carmen_Electra,occlusion,0.30000000,0,nan,1
Carrie-Anne_Moss,gaussian,0.00000000,1,1.00000000,0
Carrie-Anne_Moss,gaussian,0.02000000,1,0.98580575,0
Carrie-Anne_Moss,gaussian,0.05000000,1,0.92064434,0
Carrie-Anne_Moss,gaussian,0.10000000,1,0.83580637,0
Carrie-Anne_Moss,gaussian,0.20000000,0,nan,1
Carrie-Anne_Moss,gaussian,0.30000000,0,nan,1
Carrie-Anne_Moss,brightness,1.00000000,1,1.00000000,0
Carrie-Anne_Moss,brightness,0.90000000,1,0.99935883,0
Carrie-Anne_Moss,brightness,0.80000000,1,0.99798048,0
Carrie-Anne_Moss,brightness,0.65000000,1,0.99437368,0
Carrie-Anne_Moss,brightness,0.50000000,1,0.98592097,0
Carrie-Anne_Moss,brightness,0.35000000,1,0.98005819,0
Carrie-Anne_Moss,rotation,0.00000000,1,1.00000000,0
Carrie-Anne_Moss,rotation,3.00000000,1,0.99732983,0
Carrie-Anne_Moss,rotation,6.00000000,1,0.99437040,0
Carrie-Anne_Moss,rotation,10.00000000,1,0.99341887,0
Carrie-Anne_Moss,rotation,15.00000000,1,0.99310303,0
Carrie-Anne_Moss,rotation,20.00000000,1,0.98798621,0
Carrie-Anne_Moss,blur,0.00000000,1,0.99546874,0
Carrie-Anne_Moss,blur,1.00000000,1,0.99466699,0
Carrie-Anne_Moss,blur,2.00000000,1,0.96190423,0
Carrie-Anne_Moss,blur,3.00000000,1,0.88256800,0
Carrie-Anne_Moss,blur,4.00000000,1,0.78332806,0
Carrie-Anne_Moss,blur,5.00000000,0,0.69006455,0
Carrie-Anne_Moss,occlusion,0.00000000,1,0.99875557,0
Carrie-Anne_Moss,occlusion,0.10000000,0,0.24484041,0
Carrie-Anne_Moss,occlusion,0.15000000,0,nan,1
Carrie-Anne_Moss,occlusion,0.20000000,0,nan,1
Carrie-Anne_Moss,occlusion,0.25000000,0,nan,1
Carrie-Anne_Moss,occlusion,0.30000000,0,nan,1
Catherine_Deneuve,gaussian,0.00000000,1,1.00000000,0
Catherine_Deneuve,gaussian,0.02000000,1,0.98268920,0
Catherine_Deneuve,gaussian,0.05000000,1,0.93455040,0
Catherine_Deneuve,gaussian,0.10000000,1,0.80879015,0
Catherine_Deneuve,gaussian,0.20000000,0,nan,1
Catherine_Deneuve,gaussian,0.30000000,0,nan,1
Catherine_Deneuve,brightness,1.00000000,1,1.00000000,0
Catherine_Deneuve,brightness,0.90000000,1,0.99935293,0
Catherine_Deneuve,brightness,0.80000000,1,0.99791241,0
Catherine_Deneuve,brightness,0.65000000,1,0.99451649,0
Catherine_Deneuve,brightness,0.50000000,1,0.98836720,0
Catherine_Deneuve,brightness,0.35000000,1,0.97595108,0
Catherine_Deneuve,rotation,0.00000000,1,1.00000000,0
Catherine_Deneuve,rotation,3.00000000,1,0.99758673,0
Catherine_Deneuve,rotation,6.00000000,1,0.99692476,0
Catherine_Deneuve,rotation,10.00000000,1,0.99600554,0
Catherine_Deneuve,rotation,15.00000000,1,0.99351311,0
Catherine_Deneuve,rotation,20.00000000,1,0.99218506,0
Catherine_Deneuve,blur,0.00000000,1,0.99535751,0
Catherine_Deneuve,blur,1.00000000,1,0.99436891,0
Catherine_Deneuve,blur,2.00000000,1,0.95952737,0
Catherine_Deneuve,blur,3.00000000,1,0.88472366,0
Catherine_Deneuve,blur,4.00000000,1,0.76699448,0
Catherine_Deneuve,blur,5.00000000,1,0.63687027,0
Catherine_Deneuve,occlusion,0.00000000,1,0.99919891,0
Catherine_Deneuve,occlusion,0.10000000,0,nan,1
Catherine_Deneuve,occlusion,0.15000000,0,nan,1
Catherine_Deneuve,occlusion,0.20000000,0,nan,1
Catherine_Deneuve,occlusion,0.25000000,0,nan,1
Catherine_Deneuve,occlusion,0.30000000,0,nan,1
Catherine_Zeta-Jones,gaussian,0.00000000,1,1.00000000,0
Catherine_Zeta-Jones,gaussian,0.02000000,1,0.98907626,0
Catherine_Zeta-Jones,gaussian,0.05000000,1,0.96063769,0
Catherine_Zeta-Jones,gaussian,0.10000000,1,0.89775467,0
Catherine_Zeta-Jones,gaussian,0.20000000,0,nan,1
Catherine_Zeta-Jones,gaussian,0.30000000,0,nan,1
Catherine_Zeta-Jones,brightness,1.00000000,1,1.00000000,0
Catherine_Zeta-Jones,brightness,0.90000000,1,0.99939919,0
Catherine_Zeta-Jones,brightness,0.80000000,1,0.99832594,0
Catherine_Zeta-Jones,brightness,0.65000000,1,0.99551404,0
Catherine_Zeta-Jones,brightness,0.50000000,1,0.99154353,0
Catherine_Zeta-Jones,brightness,0.35000000,1,0.98322475,0
Catherine_Zeta-Jones,rotation,0.00000000,1,1.00000000,0
Catherine_Zeta-Jones,rotation,3.00000000,1,0.99721199,0
Catherine_Zeta-Jones,rotation,6.00000000,1,0.99698734,0
Catherine_Zeta-Jones,rotation,10.00000000,1,0.99743885,0
Catherine_Zeta-Jones,rotation,15.00000000,1,0.99462700,0
Catherine_Zeta-Jones,rotation,20.00000000,1,0.99261534,0
Catherine_Zeta-Jones,blur,0.00000000,1,0.99726146,0
Catherine_Zeta-Jones,blur,1.00000000,1,0.99684346,0
Catherine_Zeta-Jones,blur,2.00000000,1,0.97715545,0
Catherine_Zeta-Jones,blur,3.00000000,1,0.92001021,0
Catherine_Zeta-Jones,blur,4.00000000,1,0.84737349,0
Catherine_Zeta-Jones,blur,5.00000000,1,0.75061023,0
Catherine_Zeta-Jones,occlusion,0.00000000,1,0.99727225,0
Catherine_Zeta-Jones,occlusion,0.10000000,0,0.42874289,0
Catherine_Zeta-Jones,occlusion,0.15000000,0,nan,1
Catherine_Zeta-Jones,occlusion,0.20000000,0,nan,1
Catherine_Zeta-Jones,occlusion,0.25000000,0,nan,1
Catherine_Zeta-Jones,occlusion,0.30000000,0,nan,1
Celine_Dion,gaussian,0.00000000,1,1.00000000,0
Celine_Dion,gaussian,0.02000000,1,0.98925221,0
Celine_Dion,gaussian,0.05000000,1,0.94148958,0
Celine_Dion,gaussian,0.10000000,1,0.84988123,0
Celine_Dion,gaussian,0.20000000,0,nan,1
Celine_Dion,gaussian,0.30000000,0,nan,1
Celine_Dion,brightness,1.00000000,1,1.00000000,0
Celine_Dion,brightness,0.90000000,1,0.99922007,0
Celine_Dion,brightness,0.80000000,1,0.99771905,0
Celine_Dion,brightness,0.65000000,1,0.99464333,0
Celine_Dion,brightness,0.50000000,1,0.98937696,0
Celine_Dion,brightness,0.35000000,1,0.98284757,0
Celine_Dion,rotation,0.00000000,1,1.00000000,0
Celine_Dion,rotation,3.00000000,1,0.99695849,0
Celine_Dion,rotation,6.00000000,1,0.99634838,0
Celine_Dion,rotation,10.00000000,1,0.99637556,0
Celine_Dion,rotation,15.00000000,1,0.99369448,0
Celine_Dion,rotation,20.00000000,1,0.98513341,0
Celine_Dion,blur,0.00000000,1,0.99248469,0
Celine_Dion,blur,1.00000000,1,0.99075139,0
Celine_Dion,blur,2.00000000,1,0.93297166,0
Celine_Dion,blur,3.00000000,1,0.79864800,0
Celine_Dion,blur,4.00000000,0,0.69979525,0
Celine_Dion,blur,5.00000000,0,0.62123692,0
Celine_Dion,occlusion,0.00000000,1,0.99908036,0
Celine_Dion,occlusion,0.10000000,0,0.25155362,0
Celine_Dion,occlusion,0.15000000,0,nan,1
Celine_Dion,occlusion,0.20000000,0,nan,1
Celine_Dion,occlusion,0.25000000,0,nan,1
Celine_Dion,occlusion,0.30000000,0,nan,1
Cesar_Gaviria,gaussian,0.00000000,1,0.99999988,0
Cesar_Gaviria,gaussian,0.02000000,1,0.99005079,0
Cesar_Gaviria,gaussian,0.05000000,1,0.95687449,0
Cesar_Gaviria,gaussian,0.10000000,1,0.89000547,0
Cesar_Gaviria,gaussian,0.20000000,0,nan,1
Cesar_Gaviria,gaussian,0.30000000,0,nan,1
Cesar_Gaviria,brightness,1.00000000,1,0.99999988,0
Cesar_Gaviria,brightness,0.90000000,1,0.99881327,0
Cesar_Gaviria,brightness,0.80000000,1,0.99680841,0
Cesar_Gaviria,brightness,0.65000000,1,0.99315852,0
Cesar_Gaviria,brightness,0.50000000,1,0.98611313,0
Cesar_Gaviria,brightness,0.35000000,1,0.97821033,0
Cesar_Gaviria,rotation,0.00000000,1,0.99999988,0
Cesar_Gaviria,rotation,3.00000000,1,0.99730766,0
Cesar_Gaviria,rotation,6.00000000,1,0.99614269,0
Cesar_Gaviria,rotation,10.00000000,1,0.99465245,0
Cesar_Gaviria,rotation,15.00000000,1,0.99063915,0
Cesar_Gaviria,rotation,20.00000000,1,0.98858345,0
Cesar_Gaviria,blur,0.00000000,1,0.99202394,0
Cesar_Gaviria,blur,1.00000000,1,0.99060035,0
Cesar_Gaviria,blur,2.00000000,1,0.95369160,0
Cesar_Gaviria,blur,3.00000000,0,0.86364269,0
Cesar_Gaviria,blur,4.00000000,0,0.76553202,0
Cesar_Gaviria,blur,5.00000000,0,0.67191190,0
Cesar_Gaviria,occlusion,0.00000000,1,0.99810088,0
Cesar_Gaviria,occlusion,0.10000000,0,0.25467235,0
Cesar_Gaviria,occlusion,0.15000000,0,nan,1
Cesar_Gaviria,occlusion,0.20000000,0,nan,1
Cesar_Gaviria,occlusion,0.25000000,0,nan,1
Cesar_Gaviria,occlusion,0.30000000,0,nan,1
Chanda_Rubin,gaussian,0.00000000,1,1.00000000,0
Chanda_Rubin,gaussian,0.02000000,1,0.99021864,0
Chanda_Rubin,gaussian,0.05000000,1,0.95938390,0
Chanda_Rubin,gaussian,0.10000000,1,0.91668552,0
Chanda_Rubin,gaussian,0.20000000,0,nan,1
Chanda_Rubin,gaussian,0.30000000,0,nan,1
Chanda_Rubin,brightness,1.00000000,1,1.00000000,0
Chanda_Rubin,brightness,0.90000000,1,0.99970484,0
Chanda_Rubin,brightness,0.80000000,1,0.99899387,0
Chanda_Rubin,brightness,0.65000000,1,0.99549663,0
Chanda_Rubin,brightness,0.50000000,1,0.99057561,0
Chanda_Rubin,brightness,0.35000000,1,0.97966129,0
Chanda_Rubin,rotation,0.00000000,1,1.00000000,0
Chanda_Rubin,rotation,3.00000000,1,0.99819177,0
Chanda_Rubin,rotation,6.00000000,1,0.99618691,0
Chanda_Rubin,rotation,10.00000000,1,0.99739945,0
Chanda_Rubin,rotation,15.00000000,1,0.99626553,0
Chanda_Rubin,rotation,20.00000000,1,0.99790549,0
Chanda_Rubin,blur,0.00000000,1,0.99632347,0
Chanda_Rubin,blur,1.00000000,1,0.99546558,0
Chanda_Rubin,blur,2.00000000,1,0.97587502,0
Chanda_Rubin,blur,3.00000000,1,0.92625254,0
Chanda_Rubin,blur,4.00000000,1,0.86525524,0
Chanda_Rubin,blur,5.00000000,1,0.79279351,0
Chanda_Rubin,occlusion,0.00000000,1,0.99865621,0
Chanda_Rubin,occlusion,0.10000000,0,nan,1
Chanda_Rubin,occlusion,0.15000000,0,nan,1
Chanda_Rubin,occlusion,0.20000000,0,nan,1
Chanda_Rubin,occlusion,0.25000000,0,nan,1
Chanda_Rubin,occlusion,0.30000000,0,nan,1
Charles_Moose,gaussian,0.00000000,1,1.00000000,0
Charles_Moose,gaussian,0.02000000,1,0.98519492,0
Charles_Moose,gaussian,0.05000000,1,0.95090365,0
Charles_Moose,gaussian,0.10000000,1,0.86383915,0
Charles_Moose,gaussian,0.20000000,0,nan,1
Charles_Moose,gaussian,0.30000000,0,nan,1
Charles_Moose,brightness,1.00000000,1,1.00000000,0
Charles_Moose,brightness,0.90000000,1,0.99955481,0
Charles_Moose,brightness,0.80000000,1,0.99860120,0
Charles_Moose,brightness,0.65000000,1,0.99632502,0
Charles_Moose,brightness,0.50000000,1,0.99291432,0
Charles_Moose,brightness,0.35000000,1,0.98683238,0
Charles_Moose,rotation,0.00000000,1,1.00000000,0
Charles_Moose,rotation,3.00000000,1,0.99798387,0
Charles_Moose,rotation,6.00000000,1,0.99703503,0
Charles_Moose,rotation,10.00000000,1,0.99812764,0
Charles_Moose,rotation,15.00000000,1,0.99796909,0
Charles_Moose,rotation,20.00000000,1,0.99467337,0
Charles_Moose,blur,0.00000000,1,0.99655455,0
Charles_Moose,blur,1.00000000,1,0.99577677,0
Charles_Moose,blur,2.00000000,1,0.97193694,0
Charles_Moose,blur,3.00000000,1,0.92067987,0
Charles_Moose,blur,4.00000000,1,0.82268244,0
Charles_Moose,blur,5.00000000,1,0.67052579,0
Charles_Moose,occlusion,0.00000000,1,0.99919319,0
Charles_Moose,occlusion,0.10000000,0,0.43367130,0
Charles_Moose,occlusion,0.15000000,0,0.29397014,0
Charles_Moose,occlusion,0.20000000,0,nan,1
Charles_Moose,occlusion,0.25000000,0,nan,1
Charles_Moose,occlusion,0.30000000,0,nan,1
Charles_Taylor,gaussian,0.00000000,1,0.99999988,0
Charles_Taylor,gaussian,0.02000000,1,0.99062347,0
Charles_Taylor,gaussian,0.05000000,1,0.95628971,0
Charles_Taylor,gaussian,0.10000000,1,0.87536651,0
Charles_Taylor,gaussian,0.20000000,0,nan,1
Charles_Taylor,gaussian,0.30000000,0,nan,1
Charles_Taylor,brightness,1.00000000,1,0.99999988,0
Charles_Taylor,brightness,0.90000000,1,0.99910241,0
Charles_Taylor,brightness,0.80000000,1,0.99726629,0
Charles_Taylor,brightness,0.65000000,1,0.99373031,0
Charles_Taylor,brightness,0.50000000,1,0.98694837,0
Charles_Taylor,brightness,0.35000000,1,0.97300452,0
Charles_Taylor,rotation,0.00000000,1,0.99999988,0
Charles_Taylor,rotation,3.00000000,1,0.99624515,0
Charles_Taylor,rotation,6.00000000,1,0.99635363,0
Charles_Taylor,rotation,10.00000000,1,0.99393547,0
Charles_Taylor,rotation,15.00000000,1,0.99481934,0
Charles_Taylor,rotation,20.00000000,1,0.99466145,0
Charles_Taylor,blur,0.00000000,1,0.99063379,0
Charles_Taylor,blur,1.00000000,1,0.98939484,0
Charles_Taylor,blur,2.00000000,1,0.95030797,0
Charles_Taylor,blur,3.00000000,1,0.88058162,0
Charles_Taylor,blur,4.00000000,1,0.74886233,0
Charles_Taylor,blur,5.00000000,1,0.62145734,0
Charles_Taylor,occlusion,0.00000000,1,0.99618971,0
Charles_Taylor,occlusion,0.10000000,0,0.18768384,0
Charles_Taylor,occlusion,0.15000000,0,0.19090985,0
Charles_Taylor,occlusion,0.20000000,0,0.19124025,0
Charles_Taylor,occlusion,0.25000000,0,0.18998557,0
Charles_Taylor,occlusion,0.30000000,0,0.19904706,0
Charlton_Heston,gaussian,0.00000000,1,0.99999988,0
Charlton_Heston,gaussian,0.02000000,1,0.99026114,0
Charlton_Heston,gaussian,0.05000000,1,0.95960492,0
Charlton_Heston,gaussian,0.10000000,1,0.85696387,0
Charlton_Heston,gaussian,0.20000000,0,nan,1
Charlton_Heston,gaussian,0.30000000,0,nan,1
Charlton_Heston,brightness,1.00000000,1,0.99999988,0
Charlton_Heston,brightness,0.90000000,1,0.99596494,0
Charlton_Heston,brightness,0.80000000,1,0.99827468,0
Charlton_Heston,brightness,0.65000000,1,0.99300420,0
Charlton_Heston,brightness,0.50000000,1,0.98888433,0
Charlton_Heston,brightness,0.35000000,1,0.98499304,0
Charlton_Heston,rotation,0.00000000,1,0.99999988,0
Charlton_Heston,rotation,3.00000000,1,0.99554831,0
Charlton_Heston,rotation,6.00000000,1,0.99656689,0
Charlton_Heston,rotation,10.00000000,1,0.99508870,0
Charlton_Heston,rotation,15.00000000,1,0.99014258,0
Charlton_Heston,rotation,20.00000000,1,0.98669875,0
Charlton_Heston,blur,0.00000000,1,0.99539065,0
Charlton_Heston,blur,1.00000000,1,0.99459600,0
Charlton_Heston,blur,2.00000000,1,0.95618230,0
Charlton_Heston,blur,3.00000000,1,0.85575700,0
Charlton_Heston,blur,4.00000000,1,0.73523986,0
Charlton_Heston,blur,5.00000000,1,0.62553608,0
Charlton_Heston,occlusion,0.00000000,1,0.99646729,0
Charlton_Heston,occlusion,0.10000000,0,nan,1
Charlton_Heston,occlusion,0.15000000,0,nan,1
Charlton_Heston,occlusion,0.20000000,0,nan,1
Charlton_Heston,occlusion,0.25000000,0,nan,1
Charlton_Heston,occlusion,0.30000000,0,nan,1
Chen_Shui-bian,gaussian,0.00000000,1,0.99999988,0
Chen_Shui-bian,gaussian,0.02000000,1,0.98925829,0
Chen_Shui-bian,gaussian,0.05000000,1,0.93829405,0
Chen_Shui-bian,gaussian,0.10000000,1,0.86524498,0
Chen_Shui-bian,gaussian,0.20000000,0,nan,1
Chen_Shui-bian,gaussian,0.30000000,0,nan,1
Chen_Shui-bian,brightness,1.00000000,1,0.99999988,0
Chen_Shui-bian,brightness,0.90000000,1,0.99922788,0
Chen_Shui-bian,brightness,0.80000000,1,0.99761409,0
Chen_Shui-bian,brightness,0.65000000,1,0.99391186,0
Chen_Shui-bian,brightness,0.50000000,1,0.98784244,0
Chen_Shui-bian,brightness,0.35000000,1,0.97293675,0
Chen_Shui-bian,rotation,0.00000000,1,0.99999988,0
Chen_Shui-bian,rotation,3.00000000,1,0.99800342,0
Chen_Shui-bian,rotation,6.00000000,1,0.99709433,0
Chen_Shui-bian,rotation,10.00000000,1,0.99604326,0
Chen_Shui-bian,rotation,15.00000000,1,0.99660063,0
Chen_Shui-bian,rotation,20.00000000,1,0.99364364,0
Chen_Shui-bian,blur,0.00000000,1,0.99651015,0
Chen_Shui-bian,blur,1.00000000,1,0.99588197,0
Chen_Shui-bian,blur,2.00000000,1,0.97469115,0
Chen_Shui-bian,blur,3.00000000,1,0.91909027,0
Chen_Shui-bian,blur,4.00000000,1,0.81370521,0
Chen_Shui-bian,blur,5.00000000,0,0.68100405,0
Chen_Shui-bian,occlusion,0.00000000,1,0.99945366,0
Chen_Shui-bian,occlusion,0.10000000,0,0.47530162,0
Chen_Shui-bian,occlusion,0.15000000,0,nan,1
Chen_Shui-bian,occlusion,0.20000000,0,nan,1
Chen_Shui-bian,occlusion,0.25000000,0,nan,1
Chen_Shui-bian,occlusion,0.30000000,0,nan,1
Choi_Sung-hong,gaussian,0.00000000,1,1.00000000,0
Choi_Sung-hong,gaussian,0.02000000,1,0.98918426,0
Choi_Sung-hong,gaussian,0.05000000,1,0.95276392,0
Choi_Sung-hong,gaussian,0.10000000,1,0.87509227,0
Choi_Sung-hong,gaussian,0.20000000,0,nan,1
Choi_Sung-hong,gaussian,0.30000000,0,nan,1
Choi_Sung-hong,brightness,1.00000000,1,1.00000000,0
Choi_Sung-hong,brightness,0.90000000,1,0.99914420,0
Choi_Sung-hong,brightness,0.80000000,1,0.99731672,0
Choi_Sung-hong,brightness,0.65000000,1,0.99193937,0
Choi_Sung-hong,brightness,0.50000000,1,0.98500443,0
Choi_Sung-hong,brightness,0.35000000,1,0.97479463,0
Choi_Sung-hong,rotation,0.00000000,1,1.00000000,0
Choi_Sung-hong,rotation,3.00000000,1,0.99624491,0
Choi_Sung-hong,rotation,6.00000000,1,0.99230242,0
Choi_Sung-hong,rotation,10.00000000,1,0.99019921,0
Choi_Sung-hong,rotation,15.00000000,1,0.98720193,0
Choi_Sung-hong,rotation,20.00000000,1,0.98762679,0
Choi_Sung-hong,blur,0.00000000,1,0.99240255,0
Choi_Sung-hong,blur,1.00000000,1,0.99123168,0
Choi_Sung-hong,blur,2.00000000,1,0.95731783,0
Choi_Sung-hong,blur,3.00000000,1,0.89382917,0
Choi_Sung-hong,blur,4.00000000,1,0.78316188,0
Choi_Sung-hong,blur,5.00000000,1,0.63416892,0
Choi_Sung-hong,occlusion,0.00000000,1,0.99888575,0
Choi_Sung-hong,occlusion,0.10000000,0,0.04671584,0
Choi_Sung-hong,occlusion,0.15000000,0,0.05516724,0
Choi_Sung-hong,occlusion,0.20000000,0,0.00754677,0
Choi_Sung-hong,occlusion,0.25000000,0,nan,1
Choi_Sung-hong,occlusion,0.30000000,0,nan,1
Christine_Baumgartner,gaussian,0.00000000,1,1.00000000,0
Christine_Baumgartner,gaussian,0.02000000,1,0.98482621,0
Christine_Baumgartner,gaussian,0.05000000,1,0.90135956,0
Christine_Baumgartner,gaussian,0.10000000,1,0.86112094,0
Christine_Baumgartner,gaussian,0.20000000,0,nan,1
Christine_Baumgartner,gaussian,0.30000000,0,nan,1
Christine_Baumgartner,brightness,1.00000000,1,1.00000000,0
Christine_Baumgartner,brightness,0.90000000,1,0.99922466,0
Christine_Baumgartner,brightness,0.80000000,1,0.99748611,0
Christine_Baumgartner,brightness,0.65000000,1,0.99471742,0
Christine_Baumgartner,brightness,0.50000000,1,0.98565125,0
Christine_Baumgartner,brightness,0.35000000,1,0.97507972,0
Christine_Baumgartner,rotation,0.00000000,1,1.00000000,0
Christine_Baumgartner,rotation,3.00000000,1,0.99759656,0
Christine_Baumgartner,rotation,6.00000000,1,0.99764568,0
Christine_Baumgartner,rotation,10.00000000,1,0.99563068,0
Christine_Baumgartner,rotation,15.00000000,1,0.99523723,0
Christine_Baumgartner,rotation,20.00000000,1,0.99054372,0
Christine_Baumgartner,blur,0.00000000,1,0.99438912,0
Christine_Baumgartner,blur,1.00000000,1,0.99352002,0
Christine_Baumgartner,blur,2.00000000,1,0.95603859,0
Christine_Baumgartner,blur,3.00000000,1,0.88094306,0
Christine_Baumgartner,blur,4.00000000,1,0.80349255,0
Christine_Baumgartner,blur,5.00000000,1,0.71085262,0
Christine_Baumgartner,occlusion,0.00000000,1,0.99818146,0
Christine_Baumgartner,occlusion,0.10000000,0,nan,1
Christine_Baumgartner,occlusion,0.15000000,0,nan,1
Christine_Baumgartner,occlusion,0.20000000,0,nan,1
Christine_Baumgartner,occlusion,0.25000000,0,nan,1
Christine_Baumgartner,occlusion,0.30000000,0,nan,1
Christine_Todd_Whitman,gaussian,0.00000000,1,1.00000000,0
Christine_Todd_Whitman,gaussian,0.02000000,1,0.98938870,0
Christine_Todd_Whitman,gaussian,0.05000000,1,0.94253951,0
Christine_Todd_Whitman,gaussian,0.10000000,1,0.89129424,0
Christine_Todd_Whitman,gaussian,0.20000000,0,nan,1
Christine_Todd_Whitman,gaussian,0.30000000,0,nan,1
Christine_Todd_Whitman,brightness,1.00000000,1,1.00000000,0
Christine_Todd_Whitman,brightness,0.90000000,1,0.99953943,0
Christine_Todd_Whitman,brightness,0.80000000,1,0.99860477,0
Christine_Todd_Whitman,brightness,0.65000000,1,0.99519539,0
Christine_Todd_Whitman,brightness,0.50000000,1,0.98983949,0
Christine_Todd_Whitman,brightness,0.35000000,1,0.97846061,0
Christine_Todd_Whitman,rotation,0.00000000,1,1.00000000,0
Christine_Todd_Whitman,rotation,3.00000000,1,0.99598575,0
Christine_Todd_Whitman,rotation,6.00000000,1,0.99509019,0
Christine_Todd_Whitman,rotation,10.00000000,1,0.99184388,0
Christine_Todd_Whitman,rotation,15.00000000,1,0.98524332,0
Christine_Todd_Whitman,rotation,20.00000000,1,0.98478615,0
Christine_Todd_Whitman,blur,0.00000000,1,0.99237692,0
Christine_Todd_Whitman,blur,1.00000000,1,0.99133742,0
Christine_Todd_Whitman,blur,2.00000000,1,0.95805359,0
Christine_Todd_Whitman,blur,3.00000000,1,0.90505552,0
Christine_Todd_Whitman,blur,4.00000000,1,0.82881534,0
Christine_Todd_Whitman,blur,5.00000000,1,0.70678192,0
Christine_Todd_Whitman,occlusion,0.00000000,1,0.99723881,0
Christine_Todd_Whitman,occlusion,0.10000000,1,0.31966195,0
Christine_Todd_Whitman,occlusion,0.15000000,0,nan,1
Christine_Todd_Whitman,occlusion,0.20000000,0,nan,1
Christine_Todd_Whitman,occlusion,0.25000000,0,nan,1
Christine_Todd_Whitman,occlusion,0.30000000,0,nan,1
Ciro_Gomes,gaussian,0.00000000,1,1.00000000,0
Ciro_Gomes,gaussian,0.02000000,1,0.98807114,0
Ciro_Gomes,gaussian,0.05000000,1,0.94952834,0
Ciro_Gomes,gaussian,0.10000000,1,0.87256330,0
Ciro_Gomes,gaussian,0.20000000,0,nan,1
Ciro_Gomes,gaussian,0.30000000,0,nan,1
Ciro_Gomes,brightness,1.00000000,1,1.00000000,0
Ciro_Gomes,brightness,0.90000000,1,0.99955517,0
Ciro_Gomes,brightness,0.80000000,1,0.99866223,0
Ciro_Gomes,brightness,0.65000000,1,0.99633557,0
Ciro_Gomes,brightness,0.50000000,1,0.99166548,0
Ciro_Gomes,brightness,0.35000000,1,0.98264682,0
Ciro_Gomes,rotation,0.00000000,1,1.00000000,0
Ciro_Gomes,rotation,3.00000000,1,0.99784505,0
Ciro_Gomes,rotation,6.00000000,1,0.99785507,0
Ciro_Gomes,rotation,10.00000000,1,0.99850583,0
Ciro_Gomes,rotation,15.00000000,1,0.99638587,0
Ciro_Gomes,rotation,20.00000000,1,0.98916447,0
Ciro_Gomes,blur,0.00000000,1,0.99425900,0
Ciro_Gomes,blur,1.00000000,1,0.99340779,0
Ciro_Gomes,blur,2.00000000,1,0.96882457,0
Ciro_Gomes,blur,3.00000000,1,0.90452617,0
Ciro_Gomes,blur,4.00000000,1,0.78672630,0
Ciro_Gomes,blur,5.00000000,1,0.65326005,0
Ciro_Gomes,occlusion,0.00000000,1,0.99938440,0
Ciro_Gomes,occlusion,0.10000000,0,nan,1
Ciro_Gomes,occlusion,0.15000000,0,nan,1
Ciro_Gomes,occlusion,0.20000000,0,nan,1
Ciro_Gomes,occlusion,0.25000000,0,nan,1
Ciro_Gomes,occlusion,0.30000000,0,nan,1
Clara_Harris,gaussian,0.00000000,1,0.99999994,0
Clara_Harris,gaussian,0.02000000,1,0.98780090,0
Clara_Harris,gaussian,0.05000000,1,0.94860423,0
Clara_Harris,gaussian,0.10000000,1,0.87626100,0
Clara_Harris,gaussian,0.20000000,0,nan,1
Clara_Harris,gaussian,0.30000000,0,nan,1
Clara_Harris,brightness,1.00000000,1,0.99999994,0
Clara_Harris,brightness,0.90000000,1,0.99952710,0
Clara_Harris,brightness,0.80000000,1,0.99865067,0
Clara_Harris,brightness,0.65000000,1,0.99680179,0
Clara_Harris,brightness,0.50000000,1,0.99180317,0
Clara_Harris,brightness,0.35000000,1,0.98462123,0
Clara_Harris,rotation,0.00000000,1,0.99999994,0
Clara_Harris,rotation,3.00000000,1,0.99765611,0
Clara_Harris,rotation,6.00000000,1,0.99525243,0
Clara_Harris,rotation,10.00000000,1,0.99417794,0
Clara_Harris,rotation,15.00000000,1,0.99311125,0
Clara_Harris,rotation,20.00000000,1,0.99449998,0
Clara_Harris,blur,0.00000000,1,0.99698746,0
Clara_Harris,blur,1.00000000,1,0.99644125,0
Clara_Harris,blur,2.00000000,1,0.97642195,0
Clara_Harris,blur,3.00000000,1,0.92588848,0
Clara_Harris,blur,4.00000000,1,0.85095203,0
Clara_Harris,blur,5.00000000,1,0.76879799,0
Clara_Harris,occlusion,0.00000000,1,0.99838680,0
Clara_Harris,occlusion,0.10000000,0,0.35344845,0
Clara_Harris,occlusion,0.15000000,0,nan,1
Clara_Harris,occlusion,0.20000000,0,nan,1
Clara_Harris,occlusion,0.25000000,0,nan,1
Clara_Harris,occlusion,0.30000000,0,nan,1
Claudia_Pechstein,gaussian,0.00000000,1,1.00000000,0
Claudia_Pechstein,gaussian,0.02000000,1,0.98194993,0
Claudia_Pechstein,gaussian,0.05000000,1,0.92763311,0
Claudia_Pechstein,gaussian,0.10000000,1,0.82313603,0
Claudia_Pechstein,gaussian,0.20000000,0,nan,1
Claudia_Pechstein,gaussian,0.30000000,0,nan,1
Claudia_Pechstein,brightness,1.00000000,1,1.00000000,0
Claudia_Pechstein,brightness,0.90000000,1,0.99880600,0
Claudia_Pechstein,brightness,0.80000000,1,0.99666071,0
Claudia_Pechstein,brightness,0.65000000,1,0.99177969,0
Claudia_Pechstein,brightness,0.50000000,1,0.98271990,0
Claudia_Pechstein,brightness,0.35000000,1,0.97554928,0
Claudia_Pechstein,rotation,0.00000000,1,1.00000000,0
Claudia_Pechstein,rotation,3.00000000,1,0.99556816,0
Claudia_Pechstein,rotation,6.00000000,1,0.99371701,0
Claudia_Pechstein,rotation,10.00000000,1,0.99139631,0
Claudia_Pechstein,rotation,15.00000000,1,0.98405111,0
Claudia_Pechstein,rotation,20.00000000,1,0.98307103,0
Claudia_Pechstein,blur,0.00000000,1,0.99219048,0
Claudia_Pechstein,blur,1.00000000,1,0.99029797,0
Claudia_Pechstein,blur,2.00000000,1,0.95449114,0
Claudia_Pechstein,blur,3.00000000,0,0.86612463,0
Claudia_Pechstein,blur,4.00000000,0,0.75204813,0
Claudia_Pechstein,blur,5.00000000,0,0.61833876,0
Claudia_Pechstein,occlusion,0.00000000,1,0.99861652,0
Claudia_Pechstein,occlusion,0.10000000,0,nan,1
Claudia_Pechstein,occlusion,0.15000000,0,nan,1
Claudia_Pechstein,occlusion,0.20000000,0,nan,1
Claudia_Pechstein,occlusion,0.25000000,0,nan,1
Claudia_Pechstein,occlusion,0.30000000,0,nan,1
Clay_Aiken,gaussian,0.00000000,1,1.00000000,0
Clay_Aiken,gaussian,0.02000000,1,0.98059458,0
Clay_Aiken,gaussian,0.05000000,1,0.94359183,0
Clay_Aiken,gaussian,0.10000000,1,0.83391196,0
Clay_Aiken,gaussian,0.20000000,0,nan,1
Clay_Aiken,gaussian,0.30000000,0,nan,1
Clay_Aiken,brightness,1.00000000,1,1.00000000,0
Clay_Aiken,brightness,0.90000000,1,0.99932575,0
Clay_Aiken,brightness,0.80000000,1,0.99787337,0
Clay_Aiken,brightness,0.65000000,1,0.99447227,0
Clay_Aiken,brightness,0.50000000,1,0.98588920,0
Clay_Aiken,brightness,0.35000000,1,0.97411084,0
Clay_Aiken,rotation,0.00000000,1,1.00000000,0
Clay_Aiken,rotation,3.00000000,1,0.99849313,0
Clay_Aiken,rotation,6.00000000,1,0.99650002,0
Clay_Aiken,rotation,10.00000000,1,0.99545455,0
Clay_Aiken,rotation,15.00000000,1,0.99169070,0
Clay_Aiken,rotation,20.00000000,1,0.98331285,0
Clay_Aiken,blur,0.00000000,1,0.99648851,0
Clay_Aiken,blur,1.00000000,1,0.99575108,0
Clay_Aiken,blur,2.00000000,1,0.97188818,0
Clay_Aiken,blur,3.00000000,1,0.91702652,0
Clay_Aiken,blur,4.00000000,1,0.84997809,0
Clay_Aiken,blur,5.00000000,1,0.78845501,0
Clay_Aiken,occlusion,0.00000000,1,0.99818701,0
Clay_Aiken,occlusion,0.10000000,0,0.43108231,0
Clay_Aiken,occlusion,0.15000000,0,nan,1
Clay_Aiken,occlusion,0.20000000,0,nan,1
Clay_Aiken,occlusion,0.25000000,0,nan,1
Clay_Aiken,occlusion,0.30000000,0,nan,1
Clint_Eastwood,gaussian,0.00000000,1,1.00000012,0
Clint_Eastwood,gaussian,0.02000000,1,0.97907925,0
Clint_Eastwood,gaussian,0.05000000,1,0.92088783,0
Clint_Eastwood,gaussian,0.10000000,1,0.81778044,0
Clint_Eastwood,gaussian,0.20000000,0,nan,1
Clint_Eastwood,gaussian,0.30000000,0,nan,1
Clint_Eastwood,brightness,1.00000000,1,1.00000012,0
Clint_Eastwood,brightness,0.90000000,1,0.99930471,0
Clint_Eastwood,brightness,0.80000000,1,0.99833149,0
Clint_Eastwood,brightness,0.65000000,1,0.99566662,0
Clint_Eastwood,brightness,0.50000000,1,0.98762858,0
Clint_Eastwood,brightness,0.35000000,1,0.97874659,0
Clint_Eastwood,rotation,0.00000000,1,1.00000012,0
Clint_Eastwood,rotation,3.00000000,1,0.99772978,0
Clint_Eastwood,rotation,6.00000000,1,0.99739468,0
Clint_Eastwood,rotation,10.00000000,1,0.99768394,0
Clint_Eastwood,rotation,15.00000000,1,0.99730313,0
Clint_Eastwood,rotation,20.00000000,1,0.99095571,0
Clint_Eastwood,blur,0.00000000,1,0.99433613,0
Clint_Eastwood,blur,1.00000000,1,0.99312592,0
Clint_Eastwood,blur,2.00000000,1,0.94596720,0
Clint_Eastwood,blur,3.00000000,1,0.85431242,0
Clint_Eastwood,blur,4.00000000,1,0.75649476,0
Clint_Eastwood,blur,5.00000000,1,0.69002897,0
Clint_Eastwood,occlusion,0.00000000,1,0.99946153,0
Clint_Eastwood,occlusion,0.10000000,0,-0.01894324,0
Clint_Eastwood,occlusion,0.15000000,0,-0.02178812,0
Clint_Eastwood,occlusion,0.20000000,0,-0.02050609,0
Clint_Eastwood,occlusion,0.25000000,0,-0.01265370,0
Clint_Eastwood,occlusion,0.30000000,0,-0.03184781,0
Colin_Farrell,gaussian,0.00000000,1,1.00000000,0
Colin_Farrell,gaussian,0.02000000,1,0.99085879,0
Colin_Farrell,gaussian,0.05000000,1,0.95647132,0
Colin_Farrell,gaussian,0.10000000,1,0.89215362,0
Colin_Farrell,gaussian,0.20000000,0,nan,1
Colin_Farrell,gaussian,0.30000000,0,nan,1
Colin_Farrell,brightness,1.00000000,1,1.00000000,0
Colin_Farrell,brightness,0.90000000,1,0.99876124,0
Colin_Farrell,brightness,0.80000000,1,0.99684012,0
Colin_Farrell,brightness,0.65000000,1,0.99280524,0
Colin_Farrell,brightness,0.50000000,1,0.98658466,0
Colin_Farrell,brightness,0.35000000,1,0.97590071,0
Colin_Farrell,rotation,0.00000000,1,1.00000000,0
Colin_Farrell,rotation,3.00000000,1,0.99552715,0
Colin_Farrell,rotation,6.00000000,1,0.99468064,0
Colin_Farrell,rotation,10.00000000,1,0.99402517,0
Colin_Farrell,rotation,15.00000000,1,0.99106562,0
Colin_Farrell,rotation,20.00000000,1,0.98804247,0
Colin_Farrell,blur,0.00000000,1,0.99416769,0
Colin_Farrell,blur,1.00000000,1,0.99325466,0
Colin_Farrell,blur,2.00000000,1,0.96760684,0
Colin_Farrell,blur,3.00000000,1,0.91068864,0
Colin_Farrell,blur,4.00000000,1,0.82951516,0
Colin_Farrell,blur,5.00000000,0,0.75931042,0
Colin_Farrell,occlusion,0.00000000,1,0.99746066,0
Colin_Farrell,occlusion,0.10000000,0,0.47777900,0
Colin_Farrell,occlusion,0.15000000,0,0.28794810,0
Colin_Farrell,occlusion,0.20000000,0,nan,1
Colin_Farrell,occlusion,0.25000000,0,nan,1
Colin_Farrell,occlusion,0.30000000,0,nan,1
Colin_Montgomerie,gaussian,0.00000000,1,1.00000000,0
Colin_Montgomerie,gaussian,0.02000000,1,0.98012698,0
Colin_Montgomerie,gaussian,0.05000000,1,0.93748128,0
Colin_Montgomerie,gaussian,0.10000000,1,0.84666371,0
Colin_Montgomerie,gaussian,0.20000000,0,nan,1
Colin_Montgomerie,gaussian,0.30000000,0,nan,1
Colin_Montgomerie,brightness,1.00000000,1,1.00000000,0
Colin_Montgomerie,brightness,0.90000000,1,0.99919379,0
Colin_Montgomerie,brightness,0.80000000,1,0.99757260,0
Colin_Montgomerie,brightness,0.65000000,1,0.99292731,0
Colin_Montgomerie,brightness,0.50000000,1,0.98439193,0
Colin_Montgomerie,brightness,0.35000000,1,0.97165042,0
Colin_Montgomerie,rotation,0.00000000,1,1.00000000,0
Colin_Montgomerie,rotation,3.00000000,1,0.99789464,0
Colin_Montgomerie,rotation,6.00000000,1,0.99716854,0
Colin_Montgomerie,rotation,10.00000000,1,0.99727613,0
Colin_Montgomerie,rotation,15.00000000,1,0.99563384,0
Colin_Montgomerie,rotation,20.00000000,1,0.99457109,0
Colin_Montgomerie,blur,0.00000000,1,0.99603760,0
Colin_Montgomerie,blur,1.00000000,1,0.99531102,0
Colin_Montgomerie,blur,2.00000000,1,0.96657407,0
Colin_Montgomerie,blur,3.00000000,1,0.91393912,0
Colin_Montgomerie,blur,4.00000000,1,0.84308386,0
Colin_Montgomerie,blur,5.00000000,0,0.74193019,0
Colin_Montgomerie,occlusion,0.00000000,1,0.99925381,0
Colin_Montgomerie,occlusion,0.10000000,0,0.21558586,0
Colin_Montgomerie,occlusion,0.15000000,0,nan,1
Colin_Montgomerie,occlusion,0.20000000,0,nan,1
Colin_Montgomerie,occlusion,0.25000000,0,nan,1
Colin_Montgomerie,occlusion,0.30000000,0,nan,1
Colin_Powell,gaussian,0.00000000,1,1.00000000,0
Colin_Powell,gaussian,0.02000000,1,0.98935288,0
Colin_Powell,gaussian,0.05000000,1,0.92861342,0
Colin_Powell,gaussian,0.10000000,1,0.83227301,0
Colin_Powell,gaussian,0.20000000,0,nan,1
Colin_Powell,gaussian,0.30000000,0,nan,1
Colin_Powell,brightness,1.00000000,1,1.00000000,0
Colin_Powell,brightness,0.90000000,1,0.99941337,0
Colin_Powell,brightness,0.80000000,1,0.99817014,0
Colin_Powell,brightness,0.65000000,1,0.99560124,0
Colin_Powell,brightness,0.50000000,1,0.99066699,0
Colin_Powell,brightness,0.35000000,1,0.98084092,0
Colin_Powell,rotation,0.00000000,1,1.00000000,0
Colin_Powell,rotation,3.00000000,1,0.99758780,0
Colin_Powell,rotation,6.00000000,1,0.99582791,0
Colin_Powell,rotation,10.00000000,1,0.99731666,0
Colin_Powell,rotation,15.00000000,1,0.99489510,0
Colin_Powell,rotation,20.00000000,1,0.98805439,0
Colin_Powell,blur,0.00000000,1,0.99336797,0
Colin_Powell,blur,1.00000000,1,0.99167031,0
Colin_Powell,blur,2.00000000,1,0.95479763,0
Colin_Powell,blur,3.00000000,1,0.88754249,0
Colin_Powell,blur,4.00000000,1,0.78843886,0
Colin_Powell,blur,5.00000000,0,0.68272293,0
Colin_Powell,occlusion,0.00000000,1,0.99944776,0
Colin_Powell,occlusion,0.10000000,0,0.19804689,0
Colin_Powell,occlusion,0.15000000,0,nan,1
Colin_Powell,occlusion,0.20000000,0,nan,1
Colin_Powell,occlusion,0.25000000,0,nan,1
Colin_Powell,occlusion,0.30000000,0,nan,1
Condoleezza_Rice,gaussian,0.00000000,1,1.00000012,0
Condoleezza_Rice,gaussian,0.02000000,1,0.99395752,0
Condoleezza_Rice,gaussian,0.05000000,1,0.97263598,0
Condoleezza_Rice,gaussian,0.10000000,1,0.91716719,0
Condoleezza_Rice,gaussian,0.20000000,0,nan,1
Condoleezza_Rice,gaussian,0.30000000,0,nan,1
Condoleezza_Rice,brightness,1.00000000,1,1.00000012,0
Condoleezza_Rice,brightness,0.90000000,1,0.99945712,0
Condoleezza_Rice,brightness,0.80000000,1,0.99834299,0
Condoleezza_Rice,brightness,0.65000000,1,0.99566758,0
Condoleezza_Rice,brightness,0.50000000,1,0.99103242,0
Condoleezza_Rice,brightness,0.35000000,1,0.98418069,0
Condoleezza_Rice,rotation,0.00000000,1,1.00000012,0
Condoleezza_Rice,rotation,3.00000000,1,0.99806440,0
Condoleezza_Rice,rotation,6.00000000,1,0.99756277,0
Condoleezza_Rice,rotation,10.00000000,1,0.99770695,0
Condoleezza_Rice,rotation,15.00000000,1,0.99632353,0
Condoleezza_Rice,rotation,20.00000000,1,0.99374652,0
Condoleezza_Rice,blur,0.00000000,1,0.99610496,0
Condoleezza_Rice,blur,1.00000000,1,0.99530441,0
Condoleezza_Rice,blur,2.00000000,1,0.95928288,0
Condoleezza_Rice,blur,3.00000000,1,0.87611347,0
Condoleezza_Rice,blur,4.00000000,1,0.80745244,0
Condoleezza_Rice,blur,5.00000000,1,0.71165025,0
Condoleezza_Rice,occlusion,0.00000000,1,0.99933422,0
Condoleezza_Rice,occlusion,0.10000000,0,0.23369449,0
Condoleezza_Rice,occlusion,0.15000000,0,nan,1
Condoleezza_Rice,occlusion,0.20000000,0,nan,1
Condoleezza_Rice,occlusion,0.25000000,0,nan,1
Condoleezza_Rice,occlusion,0.30000000,0,nan,1
Costas_Simitis,gaussian,0.00000000,1,1.00000000,0
Costas_Simitis,gaussian,0.02000000,1,0.98346514,0
Costas_Simitis,gaussian,0.05000000,1,0.91613764,0
Costas_Simitis,gaussian,0.10000000,1,0.82044870,0
Costas_Simitis,gaussian,0.20000000,0,nan,1
Costas_Simitis,gaussian,0.30000000,0,nan,1
Costas_Simitis,brightness,1.00000000,1,1.00000000,0
Costas_Simitis,brightness,0.90000000,1,0.99941695,0
Costas_Simitis,brightness,0.80000000,1,0.99815398,0
Costas_Simitis,brightness,0.65000000,1,0.99554825,0
Costas_Simitis,brightness,0.50000000,1,0.98966235,0
Costas_Simitis,brightness,0.35000000,1,0.98374450,0
Costas_Simitis,rotation,0.00000000,1,1.00000000,0
Costas_Simitis,rotation,3.00000000,1,0.99745536,0
Costas_Simitis,rotation,6.00000000,1,0.99705017,0
Costas_Simitis,rotation,10.00000000,1,0.99642867,0
Costas_Simitis,rotation,15.00000000,1,0.99510968,0
Costas_Simitis,rotation,20.00000000,1,0.98962164,0
Costas_Simitis,blur,0.00000000,1,0.99557936,0
Costas_Simitis,blur,1.00000000,1,0.99449182,0
Costas_Simitis,blur,2.00000000,1,0.96177006,0
Costas_Simitis,blur,3.00000000,1,0.87861955,0
Costas_Simitis,blur,4.00000000,0,0.77038556,0
Costas_Simitis,blur,5.00000000,0,0.66423029,0
Costas_Simitis,occlusion,0.00000000,1,0.99877709,0
Costas_Simitis,occlusion,0.10000000,0,0.03669706,0
Costas_Simitis,occlusion,0.15000000,0,0.03600804,0
Costas_Simitis,occlusion,0.20000000,0,0.03834952,0
Costas_Simitis,occlusion,0.25000000,0,0.05917631,0
Costas_Simitis,occlusion,0.30000000,0,0.06343385,0
Cruz_Bustamante,gaussian,0.00000000,1,0.99999994,0
Cruz_Bustamante,gaussian,0.02000000,1,0.98765314,0
Cruz_Bustamante,gaussian,0.05000000,1,0.94914728,0
Cruz_Bustamante,gaussian,0.10000000,1,0.89174205,0
Cruz_Bustamante,gaussian,0.20000000,1,0.75859982,0
Cruz_Bustamante,gaussian,0.30000000,0,nan,1
Cruz_Bustamante,brightness,1.00000000,1,0.99999994,0
Cruz_Bustamante,brightness,0.90000000,1,0.99875045,0
Cruz_Bustamante,brightness,0.80000000,1,0.99659050,0
Cruz_Bustamante,brightness,0.65000000,1,0.99288797,0
Cruz_Bustamante,brightness,0.50000000,1,0.98735768,0
Cruz_Bustamante,brightness,0.35000000,1,0.97723037,0
Cruz_Bustamante,rotation,0.00000000,1,0.99999994,0
Cruz_Bustamante,rotation,3.00000000,1,0.99179828,0
Cruz_Bustamante,rotation,6.00000000,1,0.99366081,0
Cruz_Bustamante,rotation,10.00000000,1,0.99424851,0
Cruz_Bustamante,rotation,15.00000000,1,0.98922873,0
Cruz_Bustamante,rotation,20.00000000,1,0.98705226,0
Cruz_Bustamante,blur,0.00000000,1,0.99115193,0
Cruz_Bustamante,blur,1.00000000,1,0.98939645,0
Cruz_Bustamante,blur,2.00000000,1,0.95721507,0
Cruz_Bustamante,blur,3.00000000,1,0.90331000,0
Cruz_Bustamante,blur,4.00000000,1,0.82859206,0
Cruz_Bustamante,blur,5.00000000,0,0.69341564,0
Cruz_Bustamante,occlusion,0.00000000,1,0.99943471,0
Cruz_Bustamante,occlusion,0.10000000,0,nan,1
Cruz_Bustamante,occlusion,0.15000000,0,nan,1
Cruz_Bustamante,occlusion,0.20000000,0,nan,1
Cruz_Bustamante,occlusion,0.25000000,0,nan,1
Cruz_Bustamante,occlusion,0.30000000,0,nan,1
David_Anderson,gaussian,0.00000000,1,0.99999988,0
David_Anderson,gaussian,0.02000000,1,0.98921335,0
David_Anderson,gaussian,0.05000000,1,0.95463282,0
David_Anderson,gaussian,0.10000000,1,0.88194549,0
David_Anderson,gaussian,0.20000000,0,nan,1
David_Anderson,gaussian,0.30000000,0,nan,1
David_Anderson,brightness,1.00000000,1,0.99999988,0
David_Anderson,brightness,0.90000000,1,0.99924266,0
David_Anderson,brightness,0.80000000,1,0.99785888,0
David_Anderson,brightness,0.65000000,1,0.99315369,0
David_Anderson,brightness,0.50000000,1,0.98768586,0
David_Anderson,brightness,0.35000000,1,0.97839969,0
David_Anderson,rotation,0.00000000,1,0.99999988,0
David_Anderson,rotation,3.00000000,1,0.99540949,0
David_Anderson,rotation,6.00000000,1,0.99563074,0
David_Anderson,rotation,10.00000000,1,0.99532938,0
David_Anderson,rotation,15.00000000,1,0.99661124,0
David_Anderson,rotation,20.00000000,1,0.99416757,0
David_Anderson,blur,0.00000000,1,0.99265969,0
David_Anderson,blur,1.00000000,1,0.99144340,0
David_Anderson,blur,2.00000000,1,0.95425808,0
David_Anderson,blur,3.00000000,1,0.88620365,0
David_Anderson,blur,4.00000000,1,0.80026621,0
David_Anderson,blur,5.00000000,1,0.73633212,0
David_Anderson,occlusion,0.00000000,1,0.99870861,0
David_Anderson,occlusion,0.10000000,0,0.37711304,0
David_Anderson,occlusion,0.15000000,0,nan,1
David_Anderson,occlusion,0.20000000,0,nan,1
David_Anderson,occlusion,0.25000000,0,nan,1
David_Anderson,occlusion,0.30000000,0,nan,1
David_Beckham,gaussian,0.00000000,1,1.00000000,0
David_Beckham,gaussian,0.02000000,1,0.98554468,0
David_Beckham,gaussian,0.05000000,1,0.92895138,0
David_Beckham,gaussian,0.10000000,0,0.85850251,0
David_Beckham,gaussian,0.20000000,0,nan,1
David_Beckham,gaussian,0.30000000,0,nan,1
David_Beckham,brightness,1.00000000,1,1.00000000,0
David_Beckham,brightness,0.90000000,1,0.99934077,0
David_Beckham,brightness,0.80000000,1,0.99837166,0
David_Beckham,brightness,0.65000000,1,0.99560803,0
David_Beckham,brightness,0.50000000,1,0.98989367,0
David_Beckham,brightness,0.35000000,1,0.98013783,0
David_Beckham,rotation,0.00000000,1,1.00000000,0
David_Beckham,rotation,3.00000000,1,0.99800491,0
David_Beckham,rotation,6.00000000,1,0.99794269,0
David_Beckham,rotation,10.00000000,1,0.99690193,0
David_Beckham,rotation,15.00000000,1,0.99619615,0
David_Beckham,rotation,20.00000000,1,0.98993576,0
David_Beckham,blur,0.00000000,1,0.99629664,0
David_Beckham,blur,1.00000000,1,0.99571210,0
David_Beckham,blur,2.00000000,0,0.95815170,0
David_Beckham,blur,3.00000000,0,0.86143517,0
David_Beckham,blur,4.00000000,0,0.75404674,0
David_Beckham,blur,5.00000000,0,0.67602813,0
David_Beckham,occlusion,0.00000000,1,0.99834180,0
David_Beckham,occlusion,0.10000000,0,nan,1
David_Beckham,occlusion,0.15000000,0,nan,1
David_Beckham,occlusion,0.20000000,0,nan,1
David_Beckham,occlusion,0.25000000,0,nan,1
David_Beckham,occlusion,0.30000000,0,nan,1
David_Heymann,gaussian,0.00000000,1,1.00000000,0
David_Heymann,gaussian,0.02000000,1,0.99304819,0
David_Heymann,gaussian,0.05000000,1,0.95865500,0
David_Heymann,gaussian,0.10000000,1,0.89048994,0
David_Heymann,gaussian,0.20000000,0,nan,1
David_Heymann,gaussian,0.30000000,0,nan,1
David_Heymann,brightness,1.00000000,1,1.00000000,0
David_Heymann,brightness,0.90000000,1,0.99963605,0
David_Heymann,brightness,0.80000000,1,0.99904060,0
David_Heymann,brightness,0.65000000,1,0.99694729,0
David_Heymann,brightness,0.50000000,1,0.99284244,0
David_Heymann,brightness,0.35000000,1,0.98489857,0
David_Heymann,rotation,0.00000000,1,1.00000000,0
David_Heymann,rotation,3.00000000,1,0.99683970,0
David_Heymann,rotation,6.00000000,1,0.99586785,0
David_Heymann,rotation,10.00000000,1,0.99622571,0
David_Heymann,rotation,15.00000000,1,0.99680734,0
David_Heymann,rotation,20.00000000,1,0.99786299,0
David_Heymann,blur,0.00000000,1,0.99493921,0
David_Heymann,blur,1.00000000,1,0.99368304,0
David_Heymann,blur,2.00000000,1,0.95660001,0
David_Heymann,blur,3.00000000,1,0.86923915,0
David_Heymann,blur,4.00000000,1,0.76737940,0
David_Heymann,blur,5.00000000,0,0.68639690,0
David_Heymann,occlusion,0.00000000,1,0.99930036,0
David_Heymann,occlusion,0.10000000,0,0.41999841,0
David_Heymann,occlusion,0.15000000,0,nan,1
David_Heymann,occlusion,0.20000000,0,nan,1
David_Heymann,occlusion,0.25000000,0,nan,1
David_Heymann,occlusion,0.30000000,0,nan,1
David_Nalbandian,gaussian,0.00000000,1,1.00000000,0
David_Nalbandian,gaussian,0.02000000,1,0.98672551,0
David_Nalbandian,gaussian,0.05000000,1,0.94860339,0
David_Nalbandian,gaussian,0.10000000,1,0.86148190,0
David_Nalbandian,gaussian,0.20000000,0,nan,1
David_Nalbandian,gaussian,0.30000000,0,nan,1
David_Nalbandian,brightness,1.00000000,1,1.00000000,0
David_Nalbandian,brightness,0.90000000,1,0.99928868,0
David_Nalbandian,brightness,0.80000000,1,0.99781978,0
David_Nalbandian,brightness,0.65000000,1,0.99372166,0
David_Nalbandian,brightness,0.50000000,1,0.98830128,0
David_Nalbandian,brightness,0.35000000,1,0.97182524,0
David_Nalbandian,rotation,0.00000000,1,1.00000000,0
David_Nalbandian,rotation,3.00000000,1,0.99473888,0
David_Nalbandian,rotation,6.00000000,1,0.99283075,0
David_Nalbandian,rotation,10.00000000,1,0.99121743,0
David_Nalbandian,rotation,15.00000000,1,0.99387723,0
David_Nalbandian,rotation,20.00000000,1,0.99529541,0
David_Nalbandian,blur,0.00000000,1,0.99344575,0
David_Nalbandian,blur,1.00000000,1,0.99224561,0
David_Nalbandian,blur,2.00000000,1,0.96007186,0
David_Nalbandian,blur,3.00000000,1,0.91456735,0
David_Nalbandian,blur,4.00000000,1,0.81734288,0
David_Nalbandian,blur,5.00000000,0,0.67137241,0
David_Nalbandian,occlusion,0.00000000,1,0.99942589,0
David_Nalbandian,occlusion,0.10000000,0,0.26652467,0
David_Nalbandian,occlusion,0.15000000,0,nan,1
David_Nalbandian,occlusion,0.20000000,0,nan,1
David_Nalbandian,occlusion,0.25000000,0,nan,1
David_Nalbandian,occlusion,0.30000000,0,nan,1
David_Trimble,gaussian,0.00000000,1,0.99999988,0
David_Trimble,gaussian,0.02000000,1,0.99010623,0
David_Trimble,gaussian,0.05000000,1,0.96925414,0
David_Trimble,gaussian,0.10000000,1,0.91496646,0
David_Trimble,gaussian,0.20000000,0,nan,1
David_Trimble,gaussian,0.30000000,0,nan,1
David_Trimble,brightness,1.00000000,1,0.99999988,0
David_Trimble,brightness,0.90000000,1,0.99934250,0
David_Trimble,brightness,0.80000000,1,0.99833751,0
David_Trimble,brightness,0.65000000,1,0.99568200,0
David_Trimble,brightness,0.50000000,1,0.99160099,0
David_Trimble,brightness,0.35000000,1,0.98425436,0
David_Trimble,rotation,0.00000000,1,0.99999988,0
David_Trimble,rotation,3.00000000,1,0.99782622,0
David_Trimble,rotation,6.00000000,1,0.99700171,0
David_Trimble,rotation,10.00000000,1,0.99751788,0
David_Trimble,rotation,15.00000000,1,0.99732959,0
David_Trimble,rotation,20.00000000,1,0.99576312,0
David_Trimble,blur,0.00000000,1,0.99447811,0
David_Trimble,blur,1.00000000,1,0.99339348,0
David_Trimble,blur,2.00000000,1,0.96823245,0
David_Trimble,blur,3.00000000,1,0.92376679,0
David_Trimble,blur,4.00000000,1,0.86336911,0
David_Trimble,blur,5.00000000,1,0.78925395,0
David_Trimble,occlusion,0.00000000,1,0.99939430,0
David_Trimble,occlusion,0.10000000,0,0.41645434,0
David_Trimble,occlusion,0.15000000,0,nan,1
David_Trimble,occlusion,0.20000000,0,nan,1
David_Trimble,occlusion,0.25000000,0,nan,1
David_Trimble,occlusion,0.30000000,0,nan,1
Dennis_Hastert,gaussian,0.00000000,1,1.00000000,0
Dennis_Hastert,gaussian,0.02000000,1,0.98397660,0
Dennis_Hastert,gaussian,0.05000000,1,0.92276567,0
Dennis_Hastert,gaussian,0.10000000,1,0.85622203,0
Dennis_Hastert,gaussian,0.20000000,0,nan,1
Dennis_Hastert,gaussian,0.30000000,0,nan,1
Dennis_Hastert,brightness,1.00000000,1,1.00000000,0
Dennis_Hastert,brightness,0.90000000,1,0.99936724,0
Dennis_Hastert,brightness,0.80000000,1,0.99724633,0
Dennis_Hastert,brightness,0.65000000,1,0.99514580,0
Dennis_Hastert,brightness,0.50000000,1,0.98993838,0
Dennis_Hastert,brightness,0.35000000,1,0.97840643,0
Dennis_Hastert,rotation,0.00000000,1,1.00000000,0
Dennis_Hastert,rotation,3.00000000,1,0.99810511,0
Dennis_Hastert,rotation,6.00000000,1,0.99794745,0
Dennis_Hastert,rotation,10.00000000,1,0.99726892,0
Dennis_Hastert,rotation,15.00000000,1,0.99491405,0
Dennis_Hastert,rotation,20.00000000,1,0.99494064,0
Dennis_Hastert,blur,0.00000000,1,0.99671370,0
Dennis_Hastert,blur,1.00000000,1,0.99651742,0
Dennis_Hastert,blur,2.00000000,1,0.97939974,0
Dennis_Hastert,blur,3.00000000,1,0.92630899,0
Dennis_Hastert,blur,4.00000000,1,0.82956403,0
Dennis_Hastert,blur,5.00000000,0,0.74461067,0
Dennis_Hastert,occlusion,0.00000000,1,0.99920803,0
Dennis_Hastert,occlusion,0.10000000,0,0.49169481,0
Dennis_Hastert,occlusion,0.15000000,0,nan,1
Dennis_Hastert,occlusion,0.20000000,0,nan,1
Dennis_Hastert,occlusion,0.25000000,0,nan,1
Dennis_Hastert,occlusion,0.30000000,0,nan,1
Dennis_Kucinich,gaussian,0.00000000,1,1.00000012,0
Dennis_Kucinich,gaussian,0.02000000,1,0.98864830,0
Dennis_Kucinich,gaussian,0.05000000,1,0.94870329,0
Dennis_Kucinich,gaussian,0.10000000,1,0.86662120,0
Dennis_Kucinich,gaussian,0.20000000,0,0.80291259,0
Dennis_Kucinich,gaussian,0.30000000,0,nan,1
Dennis_Kucinich,brightness,1.00000000,1,1.00000012,0
Dennis_Kucinich,brightness,0.90000000,1,0.99765629,0
Dennis_Kucinich,brightness,0.80000000,1,0.99483585,0
Dennis_Kucinich,brightness,0.65000000,1,0.99013692,0
Dennis_Kucinich,brightness,0.50000000,1,0.98378718,0
Dennis_Kucinich,brightness,0.35000000,1,0.97791374,0
Dennis_Kucinich,rotation,0.00000000,1,1.00000012,0
Dennis_Kucinich,rotation,3.00000000,1,0.99625182,0
Dennis_Kucinich,rotation,6.00000000,1,0.99684227,0
Dennis_Kucinich,rotation,10.00000000,1,0.99558324,0
Dennis_Kucinich,rotation,15.00000000,1,0.99336785,0
Dennis_Kucinich,rotation,20.00000000,1,0.99121654,0
Dennis_Kucinich,blur,0.00000000,1,0.99085844,0
Dennis_Kucinich,blur,1.00000000,1,0.98944002,0
Dennis_Kucinich,blur,2.00000000,1,0.95377958,0
Dennis_Kucinich,blur,3.00000000,0,0.89353061,0
Dennis_Kucinich,blur,4.00000000,0,0.79574478,0
Dennis_Kucinich,blur,5.00000000,0,0.68075657,0
Dennis_Kucinich,occlusion,0.00000000,1,0.99847698,0
Dennis_Kucinich,occlusion,0.10000000,0,0.51983261,0
Dennis_Kucinich,occlusion,0.15000000,0,nan,1
Dennis_Kucinich,occlusion,0.20000000,0,nan,1
Dennis_Kucinich,occlusion,0.25000000,0,nan,1
Dennis_Kucinich,occlusion,0.30000000,0,nan,1
Denzel_Washington,gaussian,0.00000000,1,0.99999994,0
Denzel_Washington,gaussian,0.02000000,1,0.98596632,0
Denzel_Washington,gaussian,0.05000000,1,0.94469124,0
Denzel_Washington,gaussian,0.10000000,1,0.86638474,0
Denzel_Washington,gaussian,0.20000000,0,nan,1
Denzel_Washington,gaussian,0.30000000,0,nan,1
Denzel_Washington,brightness,1.00000000,1,0.99999994,0
Denzel_Washington,brightness,0.90000000,1,0.99913502,0
Denzel_Washington,brightness,0.80000000,1,0.99837291,0
Denzel_Washington,brightness,0.65000000,1,0.99516284,0
Denzel_Washington,brightness,0.50000000,1,0.99083483,0
Denzel_Washington,brightness,0.35000000,1,0.98290730,0
Denzel_Washington,rotation,0.00000000,1,0.99999994,0
Denzel_Washington,rotation,3.00000000,1,0.99794805,0
Denzel_Washington,rotation,6.00000000,1,0.99723744,0
Denzel_Washington,rotation,10.00000000,1,0.99656963,0
Denzel_Washington,rotation,15.00000000,1,0.99679708,0
Denzel_Washington,rotation,20.00000000,1,0.99637860,0
Denzel_Washington,blur,0.00000000,1,0.99651527,0
Denzel_Washington,blur,1.00000000,1,0.99594653,0
Denzel_Washington,blur,2.00000000,1,0.97395873,0
Denzel_Washington,blur,3.00000000,1,0.90743756,0
Denzel_Washington,blur,4.00000000,1,0.81122446,0
Denzel_Washington,blur,5.00000000,1,0.67695248,0
Denzel_Washington,occlusion,0.00000000,1,0.99869651,0
Denzel_Washington,occlusion,0.10000000,0,0.35639384,0
Denzel_Washington,occlusion,0.15000000,0,-0.03957957,0
Denzel_Washington,occlusion,0.20000000,0,-0.03750494,0
Denzel_Washington,occlusion,0.25000000,0,-0.03496341,0
Denzel_Washington,occlusion,0.30000000,0,-0.02725565,0
Diana_Krall,gaussian,0.00000000,1,1.00000000,0
Diana_Krall,gaussian,0.02000000,1,0.98536068,0
Diana_Krall,gaussian,0.05000000,1,0.93885720,0
Diana_Krall,gaussian,0.10000000,1,0.85505271,0
Diana_Krall,gaussian,0.20000000,0,nan,1
Diana_Krall,gaussian,0.30000000,0,nan,1
Diana_Krall,brightness,1.00000000,1,1.00000000,0
Diana_Krall,brightness,0.90000000,1,0.99940205,0
Diana_Krall,brightness,0.80000000,1,0.99854386,0
Diana_Krall,brightness,0.65000000,1,0.99560279,0
Diana_Krall,brightness,0.50000000,1,0.99012697,0
Diana_Krall,brightness,0.35000000,1,0.98208988,0
Diana_Krall,rotation,0.00000000,1,1.00000000,0
Diana_Krall,rotation,3.00000000,1,0.99680835,0
Diana_Krall,rotation,6.00000000,1,0.99677533,0
Diana_Krall,rotation,10.00000000,1,0.99457240,0
Diana_Krall,rotation,15.00000000,1,0.99184442,0
Diana_Krall,rotation,20.00000000,1,0.98953205,0
Diana_Krall,blur,0.00000000,1,0.99536705,0
Diana_Krall,blur,1.00000000,1,0.99443173,0
Diana_Krall,blur,2.00000000,1,0.96443939,0
Diana_Krall,blur,3.00000000,1,0.87259519,0
Diana_Krall,blur,4.00000000,1,0.76656193,0
Diana_Krall,blur,5.00000000,1,0.68991435,0
Diana_Krall,occlusion,0.00000000,1,0.99895531,0
Diana_Krall,occlusion,0.10000000,0,0.45073882,0
Diana_Krall,occlusion,0.15000000,0,0.31753153,0
Diana_Krall,occlusion,0.20000000,0,nan,1
Diana_Krall,occlusion,0.25000000,0,nan,1
Diana_Krall,occlusion,0.30000000,0,nan,1
Dick_Cheney,gaussian,0.00000000,1,0.99999988,0
Dick_Cheney,gaussian,0.02000000,1,0.98498279,0
Dick_Cheney,gaussian,0.05000000,1,0.93335927,0
Dick_Cheney,gaussian,0.10000000,1,0.81454819,0
Dick_Cheney,gaussian,0.20000000,0,nan,1
Dick_Cheney,gaussian,0.30000000,0,nan,1
Dick_Cheney,brightness,1.00000000,1,0.99999988,0
Dick_Cheney,brightness,0.90000000,1,0.99870700,0
Dick_Cheney,brightness,0.80000000,1,0.99678349,0
Dick_Cheney,brightness,0.65000000,1,0.99199563,0
Dick_Cheney,brightness,0.50000000,1,0.98424983,0
Dick_Cheney,brightness,0.35000000,1,0.97024119,0
Dick_Cheney,rotation,0.00000000,1,0.99999988,0
Dick_Cheney,rotation,3.00000000,1,0.99669468,0
Dick_Cheney,rotation,6.00000000,1,0.99268353,0
Dick_Cheney,rotation,10.00000000,1,0.98962325,0
Dick_Cheney,rotation,15.00000000,1,0.98905468,0
Dick_Cheney,rotation,20.00000000,1,0.98430502,0
Dick_Cheney,blur,0.00000000,1,0.99012077,0
Dick_Cheney,blur,1.00000000,1,0.98844975,0
Dick_Cheney,blur,2.00000000,1,0.93036222,0
Dick_Cheney,blur,3.00000000,1,0.83203495,0
Dick_Cheney,blur,4.00000000,1,0.73336828,0
Dick_Cheney,blur,5.00000000,0,0.58365649,0
Dick_Cheney,occlusion,0.00000000,1,0.99922192,0
Dick_Cheney,occlusion,0.10000000,0,0.19317658,0
Dick_Cheney,occlusion,0.15000000,0,nan,1
Dick_Cheney,occlusion,0.20000000,0,nan,1
Dick_Cheney,occlusion,0.25000000,0,nan,1
Dick_Cheney,occlusion,0.30000000,0,nan,1
Dominique_de_Villepin,gaussian,0.00000000,1,1.00000000,0
Dominique_de_Villepin,gaussian,0.02000000,1,0.98224944,0
Dominique_de_Villepin,gaussian,0.05000000,1,0.91170490,0
Dominique_de_Villepin,gaussian,0.10000000,0,nan,1
Dominique_de_Villepin,gaussian,0.20000000,0,nan,1
Dominique_de_Villepin,gaussian,0.30000000,0,nan,1
Dominique_de_Villepin,brightness,1.00000000,1,1.00000000,0
Dominique_de_Villepin,brightness,0.90000000,1,0.99917531,0
Dominique_de_Villepin,brightness,0.80000000,1,0.99788880,0
Dominique_de_Villepin,brightness,0.65000000,1,0.99588978,0
Dominique_de_Villepin,brightness,0.50000000,1,0.99107456,0
Dominique_de_Villepin,brightness,0.35000000,1,0.97825545,0
Dominique_de_Villepin,rotation,0.00000000,1,1.00000000,0
Dominique_de_Villepin,rotation,3.00000000,1,0.99813080,0
Dominique_de_Villepin,rotation,6.00000000,1,0.99748069,0
Dominique_de_Villepin,rotation,10.00000000,1,0.99730533,0
Dominique_de_Villepin,rotation,15.00000000,1,0.99692333,0
Dominique_de_Villepin,rotation,20.00000000,1,0.99428689,0
Dominique_de_Villepin,blur,0.00000000,1,0.99636853,0
Dominique_de_Villepin,blur,1.00000000,1,0.99546844,0
Dominique_de_Villepin,blur,2.00000000,1,0.96478379,0
Dominique_de_Villepin,blur,3.00000000,1,0.88678759,0
Dominique_de_Villepin,blur,4.00000000,1,0.76328897,0
Dominique_de_Villepin,blur,5.00000000,0,0.68546069,0
Dominique_de_Villepin,occlusion,0.00000000,1,0.99889964,0
Dominique_de_Villepin,occlusion,0.10000000,0,0.48447421,0
Dominique_de_Villepin,occlusion,0.15000000,0,nan,1
Dominique_de_Villepin,occlusion,0.20000000,0,nan,1
Dominique_de_Villepin,occlusion,0.25000000,0,nan,1
Dominique_de_Villepin,occlusion,0.30000000,0,nan,1
Donald_Rumsfeld,gaussian,0.00000000,1,1.00000000,0
Donald_Rumsfeld,gaussian,0.02000000,1,0.99262190,0
Donald_Rumsfeld,gaussian,0.05000000,1,0.95789397,0
Donald_Rumsfeld,gaussian,0.10000000,1,0.90307236,0
Donald_Rumsfeld,gaussian,0.20000000,0,nan,1
Donald_Rumsfeld,gaussian,0.30000000,0,nan,1
Donald_Rumsfeld,brightness,1.00000000,1,1.00000000,0
Donald_Rumsfeld,brightness,0.90000000,1,0.99713969,0
Donald_Rumsfeld,brightness,0.80000000,1,0.99594200,0
Donald_Rumsfeld,brightness,0.65000000,1,0.99289584,0
Donald_Rumsfeld,brightness,0.50000000,1,0.98733163,0
Donald_Rumsfeld,brightness,0.35000000,1,0.97824746,0
Donald_Rumsfeld,rotation,0.00000000,1,1.00000000,0
Donald_Rumsfeld,rotation,3.00000000,1,0.99278706,0
Donald_Rumsfeld,rotation,6.00000000,1,0.99264908,0
Donald_Rumsfeld,rotation,10.00000000,1,0.98976111,0
Donald_Rumsfeld,rotation,15.00000000,1,0.98984659,0
Donald_Rumsfeld,rotation,20.00000000,1,0.98973614,0
Donald_Rumsfeld,blur,0.00000000,1,0.99157619,0
Donald_Rumsfeld,blur,1.00000000,1,0.99022925,0
Donald_Rumsfeld,blur,2.00000000,1,0.95436096,0
Donald_Rumsfeld,blur,3.00000000,1,0.90997708,0
Donald_Rumsfeld,blur,4.00000000,1,0.83761919,0
Donald_Rumsfeld,blur,5.00000000,1,0.73446643,0
Donald_Rumsfeld,occlusion,0.00000000,1,0.99522662,0
Donald_Rumsfeld,occlusion,0.10000000,0,nan,1
Donald_Rumsfeld,occlusion,0.15000000,0,nan,1
Donald_Rumsfeld,occlusion,0.20000000,0,nan,1
Donald_Rumsfeld,occlusion,0.25000000,0,nan,1
Donald_Rumsfeld,occlusion,0.30000000,0,nan,1
Edmund_Stoiber,gaussian,0.00000000,1,0.99999982,0
Edmund_Stoiber,gaussian,0.02000000,1,0.98855615,0
Edmund_Stoiber,gaussian,0.05000000,1,0.91652119,0
Edmund_Stoiber,gaussian,0.10000000,1,0.84369588,0
Edmund_Stoiber,gaussian,0.20000000,0,nan,1
Edmund_Stoiber,gaussian,0.30000000,0,nan,1
Edmund_Stoiber,brightness,1.00000000,1,0.99999982,0
Edmund_Stoiber,brightness,0.90000000,1,0.99953008,0
Edmund_Stoiber,brightness,0.80000000,1,0.99859393,0
Edmund_Stoiber,brightness,0.65000000,1,0.99611664,0
Edmund_Stoiber,brightness,0.50000000,1,0.99059987,0
Edmund_Stoiber,brightness,0.35000000,1,0.98195630,0
Edmund_Stoiber,rotation,0.00000000,1,0.99999982,0
Edmund_Stoiber,rotation,3.00000000,1,0.99763966,0
Edmund_Stoiber,rotation,6.00000000,1,0.99676669,0
Edmund_Stoiber,rotation,10.00000000,1,0.99242043,0
Edmund_Stoiber,rotation,15.00000000,1,0.98971152,0
Edmund_Stoiber,rotation,20.00000000,1,0.98230129,0
Edmund_Stoiber,blur,0.00000000,1,0.99415982,0
Edmund_Stoiber,blur,1.00000000,1,0.99250585,0
Edmund_Stoiber,blur,2.00000000,1,0.95060372,0
Edmund_Stoiber,blur,3.00000000,1,0.85884804,0
Edmund_Stoiber,blur,4.00000000,0,0.75436145,0
Edmund_Stoiber,blur,5.00000000,0,0.64561599,0
Edmund_Stoiber,occlusion,0.00000000,1,0.99827814,0
Edmund_Stoiber,occlusion,0.10000000,0,0.37578586,0
Edmund_Stoiber,occlusion,0.15000000,0,nan,1
Edmund_Stoiber,occlusion,0.20000000,0,nan,1
Edmund_Stoiber,occlusion,0.25000000,0,nan,1
Edmund_Stoiber,occlusion,0.30000000,0,nan,1
Eduard_Shevardnadze,gaussian,0.00000000,1,1.00000000,0
Eduard_Shevardnadze,gaussian,0.02000000,1,0.99267220,0
Eduard_Shevardnadze,gaussian,0.05000000,1,0.96861970,0
Eduard_Shevardnadze,gaussian,0.10000000,1,0.91595489,0
Eduard_Shevardnadze,gaussian,0.20000000,0,nan,1
Eduard_Shevardnadze,gaussian,0.30000000,0,nan,1
Eduard_Shevardnadze,brightness,1.00000000,1,1.00000000,0
Eduard_Shevardnadze,brightness,0.90000000,1,0.99925011,0
Eduard_Shevardnadze,brightness,0.80000000,1,0.99813235,0
Eduard_Shevardnadze,brightness,0.65000000,1,0.99542481,0
Eduard_Shevardnadze,brightness,0.50000000,1,0.99065846,0
Eduard_Shevardnadze,brightness,0.35000000,1,0.98076820,0
Eduard_Shevardnadze,rotation,0.00000000,1,1.00000000,0
Eduard_Shevardnadze,rotation,3.00000000,1,0.99770594,0
Eduard_Shevardnadze,rotation,6.00000000,1,0.99726117,0
Eduard_Shevardnadze,rotation,10.00000000,1,0.99441004,0
Eduard_Shevardnadze,rotation,15.00000000,1,0.99229062,0
Eduard_Shevardnadze,rotation,20.00000000,1,0.98909438,0
Eduard_Shevardnadze,blur,0.00000000,1,0.99373418,0
Eduard_Shevardnadze,blur,1.00000000,1,0.99245149,0
Eduard_Shevardnadze,blur,2.00000000,1,0.96152747,0
Eduard_Shevardnadze,blur,3.00000000,1,0.89457488,0
Eduard_Shevardnadze,blur,4.00000000,1,0.80400598,0
Eduard_Shevardnadze,blur,5.00000000,1,0.71322483,0
Eduard_Shevardnadze,occlusion,0.00000000,1,0.99884427,0
Eduard_Shevardnadze,occlusion,0.10000000,0,nan,1
Eduard_Shevardnadze,occlusion,0.15000000,0,nan,1
Eduard_Shevardnadze,occlusion,0.20000000,0,nan,1
Eduard_Shevardnadze,occlusion,0.25000000,0,nan,1
Eduard_Shevardnadze,occlusion,0.30000000,0,nan,1
Eduardo_Duhalde,gaussian,0.00000000,1,1.00000000,0
Eduardo_Duhalde,gaussian,0.02000000,1,0.98768860,0
Eduardo_Duhalde,gaussian,0.05000000,1,0.92633444,0
Eduardo_Duhalde,gaussian,0.10000000,1,0.82993209,0
Eduardo_Duhalde,gaussian,0.20000000,0,nan,1
Eduardo_Duhalde,gaussian,0.30000000,0,nan,1
Eduardo_Duhalde,brightness,1.00000000,1,1.00000000,0
Eduardo_Duhalde,brightness,0.90000000,1,0.99938232,0
Eduardo_Duhalde,brightness,0.80000000,1,0.99841613,0
Eduardo_Duhalde,brightness,0.65000000,1,0.99545509,0
Eduardo_Duhalde,brightness,0.50000000,1,0.98906678,0
Eduardo_Duhalde,brightness,0.35000000,1,0.97870427,0
Eduardo_Duhalde,rotation,0.00000000,1,1.00000000,0
Eduardo_Duhalde,rotation,3.00000000,1,0.99855578,0
Eduardo_Duhalde,rotation,6.00000000,1,0.99851322,0
Eduardo_Duhalde,rotation,10.00000000,1,0.99834931,0
Eduardo_Duhalde,rotation,15.00000000,1,0.99675965,0
Eduardo_Duhalde,rotation,20.00000000,1,0.99521315,0
Eduardo_Duhalde,blur,0.00000000,1,0.99414611,0
Eduardo_Duhalde,blur,1.00000000,1,0.99327755,0
Eduardo_Duhalde,blur,2.00000000,1,0.94612920,0
Eduardo_Duhalde,blur,3.00000000,1,0.81776828,0
Eduardo_Duhalde,blur,4.00000000,1,0.67836195,0
Eduardo_Duhalde,blur,5.00000000,0,0.55764556,0
Eduardo_Duhalde,occlusion,0.00000000,1,0.99907660,0
Eduardo_Duhalde,occlusion,0.10000000,0,nan,1
Eduardo_Duhalde,occlusion,0.15000000,0,nan,1
Eduardo_Duhalde,occlusion,0.20000000,0,nan,1
Eduardo_Duhalde,occlusion,0.25000000,0,nan,1
Eduardo_Duhalde,occlusion,0.30000000,0,nan,1
Edward_Lu,gaussian,0.00000000,1,1.00000000,0
Edward_Lu,gaussian,0.02000000,1,0.98775297,0
Edward_Lu,gaussian,0.05000000,1,0.94663644,0
Edward_Lu,gaussian,0.10000000,0,0.00559703,0
Edward_Lu,gaussian,0.20000000,0,nan,1
Edward_Lu,gaussian,0.30000000,0,nan,1
Edward_Lu,brightness,1.00000000,1,1.00000000,0
Edward_Lu,brightness,0.90000000,1,0.99921763,0
Edward_Lu,brightness,0.80000000,1,0.99806678,0
Edward_Lu,brightness,0.65000000,1,0.99485219,0
Edward_Lu,brightness,0.50000000,1,0.98989415,0
Edward_Lu,brightness,0.35000000,1,0.98006165,0
Edward_Lu,rotation,0.00000000,1,1.00000000,0
Edward_Lu,rotation,3.00000000,1,0.99629211,0
Edward_Lu,rotation,6.00000000,1,0.99526405,0
Edward_Lu,rotation,10.00000000,1,0.99353123,0
Edward_Lu,rotation,15.00000000,1,0.98792398,0
Edward_Lu,rotation,20.00000000,0,-0.08040497,0
Edward_Lu,blur,0.00000000,1,0.99167448,0
Edward_Lu,blur,1.00000000,1,0.99031436,0
Edward_Lu,blur,2.00000000,1,0.94910842,0
Edward_Lu,blur,3.00000000,1,0.89405775,0
Edward_Lu,blur,4.00000000,1,0.83337367,0
Edward_Lu,blur,5.00000000,0,0.01260588,0
Edward_Lu,occlusion,0.00000000,1,0.99889249,0
Edward_Lu,occlusion,0.10000000,0,0.00150864,0
Edward_Lu,occlusion,0.15000000,0,0.01204268,0
Edward_Lu,occlusion,0.20000000,0,0.00912055,0
Edward_Lu,occlusion,0.25000000,0,0.01297334,0
Edward_Lu,occlusion,0.30000000,0,0.03848368,0
Elizabeth_Hurley,gaussian,0.00000000,1,0.99999988,0
Elizabeth_Hurley,gaussian,0.02000000,1,0.97505873,0
Elizabeth_Hurley,gaussian,0.05000000,0,0.91285199,0
Elizabeth_Hurley,gaussian,0.10000000,1,0.78854662,0
Elizabeth_Hurley,gaussian,0.20000000,0,nan,1
Elizabeth_Hurley,gaussian,0.30000000,0,nan,1
Elizabeth_Hurley,brightness,1.00000000,1,0.99999988,0
Elizabeth_Hurley,brightness,0.90000000,1,0.99874872,0
Elizabeth_Hurley,brightness,0.80000000,1,0.99669069,0
Elizabeth_Hurley,brightness,0.65000000,1,0.99087524,0
Elizabeth_Hurley,brightness,0.50000000,1,0.98318553,0
Elizabeth_Hurley,brightness,0.35000000,1,0.97073078,0
Elizabeth_Hurley,rotation,0.00000000,1,0.99999988,0
Elizabeth_Hurley,rotation,3.00000000,1,0.99609506,0
Elizabeth_Hurley,rotation,6.00000000,1,0.99668205,0
Elizabeth_Hurley,rotation,10.00000000,1,0.99465126,0
Elizabeth_Hurley,rotation,15.00000000,1,0.99276578,0
Elizabeth_Hurley,rotation,20.00000000,1,0.99068898,0
Elizabeth_Hurley,blur,0.00000000,1,0.99324214,0
Elizabeth_Hurley,blur,1.00000000,1,0.99184448,0
Elizabeth_Hurley,blur,2.00000000,1,0.94386560,0
Elizabeth_Hurley,blur,3.00000000,0,0.86517912,0
Elizabeth_Hurley,blur,4.00000000,0,0.71533251,0
Elizabeth_Hurley,blur,5.00000000,0,0.57184881,0
Elizabeth_Hurley,occlusion,0.00000000,1,0.99906725,0
Elizabeth_Hurley,occlusion,0.10000000,0,0.37432873,0
Elizabeth_Hurley,occlusion,0.15000000,0,nan,1
Elizabeth_Hurley,occlusion,0.20000000,0,nan,1
Elizabeth_Hurley,occlusion,0.25000000,0,nan,1
Elizabeth_Hurley,occlusion,0.30000000,0,nan,1
Elizabeth_Smart,gaussian,0.00000000,1,0.99999988,0
Elizabeth_Smart,gaussian,0.02000000,1,0.98682779,0
Elizabeth_Smart,gaussian,0.05000000,1,0.94675374,0
Elizabeth_Smart,gaussian,0.10000000,1,0.86626583,0
Elizabeth_Smart,gaussian,0.20000000,0,nan,1
Elizabeth_Smart,gaussian,0.30000000,0,nan,1
Elizabeth_Smart,brightness,1.00000000,1,0.99999988,0
Elizabeth_Smart,brightness,0.90000000,1,0.99942756,0
Elizabeth_Smart,brightness,0.80000000,1,0.99836433,0
Elizabeth_Smart,brightness,0.65000000,1,0.99499834,0
Elizabeth_Smart,brightness,0.50000000,1,0.98991585,0
Elizabeth_Smart,brightness,0.35000000,1,0.97822905,0
Elizabeth_Smart,rotation,0.00000000,1,0.99999988,0
Elizabeth_Smart,rotation,3.00000000,1,0.99792683,0
Elizabeth_Smart,rotation,6.00000000,1,0.99682420,0
Elizabeth_Smart,rotation,10.00000000,1,0.99797755,0
Elizabeth_Smart,rotation,15.00000000,1,0.99816555,0
Elizabeth_Smart,rotation,20.00000000,1,0.99518371,0
Elizabeth_Smart,blur,0.00000000,1,0.99531651,0
Elizabeth_Smart,blur,1.00000000,1,0.99441010,0
Elizabeth_Smart,blur,2.00000000,1,0.96526736,0
Elizabeth_Smart,blur,3.00000000,1,0.91249907,0
Elizabeth_Smart,blur,4.00000000,0,0.82824993,0
Elizabeth_Smart,blur,5.00000000,1,0.67962873,0
Elizabeth_Smart,occlusion,0.00000000,1,0.99690706,0
Elizabeth_Smart,occlusion,0.10000000,0,-0.03840283,0
Elizabeth_Smart,occlusion,0.15000000,0,-0.04051142,0
Elizabeth_Smart,occlusion,0.20000000,0,-0.03288551,0
Elizabeth_Smart,occlusion,0.25000000,0,-0.02407560,0
Elizabeth_Smart,occlusion,0.30000000,0,-0.02012295,0
Elsa_Zylberstein,gaussian,0.00000000,1,1.00000000,0
Elsa_Zylberstein,gaussian,0.02000000,1,0.98389125,0
Elsa_Zylberstein,gaussian,0.05000000,1,0.93283522,0
Elsa_Zylberstein,gaussian,0.10000000,1,0.80683178,0
Elsa_Zylberstein,gaussian,0.20000000,0,nan,1
Elsa_Zylberstein,gaussian,0.30000000,0,nan,1
Elsa_Zylberstein,brightness,1.00000000,1,1.00000000,0
Elsa_Zylberstein,brightness,0.90000000,1,0.99926782,0
Elsa_Zylberstein,brightness,0.80000000,1,0.99762601,0
Elsa_Zylberstein,brightness,0.65000000,1,0.99387032,0
Elsa_Zylberstein,brightness,0.50000000,1,0.98573214,0
Elsa_Zylberstein,brightness,0.35000000,1,0.96951079,0
Elsa_Zylberstein,rotation,0.00000000,1,1.00000000,0
Elsa_Zylberstein,rotation,3.00000000,1,0.99614805,0
Elsa_Zylberstein,rotation,6.00000000,1,0.99474412,0
Elsa_Zylberstein,rotation,10.00000000,1,0.99520409,0
Elsa_Zylberstein,rotation,15.00000000,1,0.99804646,0
Elsa_Zylberstein,rotation,20.00000000,1,0.98718315,0
Elsa_Zylberstein,blur,0.00000000,1,0.99202788,0
Elsa_Zylberstein,blur,1.00000000,1,0.99063092,0
Elsa_Zylberstein,blur,2.00000000,1,0.95747828,0
Elsa_Zylberstein,blur,3.00000000,0,0.86356229,0
Elsa_Zylberstein,blur,4.00000000,0,0.76391339,0
Elsa_Zylberstein,blur,5.00000000,0,0.66065800,0
Elsa_Zylberstein,occlusion,0.00000000,1,0.99921358,0
Elsa_Zylberstein,occlusion,0.10000000,0,0.29173863,0
Elsa_Zylberstein,occlusion,0.15000000,0,0.12260357,0
Elsa_Zylberstein,occlusion,0.20000000,0,nan,1
Elsa_Zylberstein,occlusion,0.25000000,0,nan,1
Elsa_Zylberstein,occlusion,0.30000000,0,nan,1
Elton_John,gaussian,0.00000000,1,1.00000000,0
Elton_John,gaussian,0.02000000,1,0.98854530,0
Elton_John,gaussian,0.05000000,1,0.95107526,0
Elton_John,gaussian,0.10000000,1,0.84719276,0
Elton_John,gaussian,0.20000000,0,nan,1
Elton_John,gaussian,0.30000000,0,nan,1
Elton_John,brightness,1.00000000,1,1.00000000,0
Elton_John,brightness,0.90000000,1,0.99922484,0
Elton_John,brightness,0.80000000,1,0.99750066,0
Elton_John,brightness,0.65000000,1,0.99232626,0
Elton_John,brightness,0.50000000,1,0.98545641,0
Elton_John,brightness,0.35000000,1,0.97224867,0
Elton_John,rotation,0.00000000,1,1.00000000,0
Elton_John,rotation,3.00000000,1,0.99899286,0
Elton_John,rotation,6.00000000,1,0.99787617,0
Elton_John,rotation,10.00000000,1,0.99594098,0
Elton_John,rotation,15.00000000,1,0.99363309,0
Elton_John,rotation,20.00000000,1,0.98946524,0
Elton_John,blur,0.00000000,1,0.99618441,0
Elton_John,blur,1.00000000,1,0.99528420,0
Elton_John,blur,2.00000000,1,0.95374274,0
Elton_John,blur,3.00000000,0,0.85458678,0
Elton_John,blur,4.00000000,1,0.75380015,0
Elton_John,blur,5.00000000,1,0.69029003,0
Elton_John,occlusion,0.00000000,1,0.99751163,0
Elton_John,occlusion,0.10000000,0,nan,1
Elton_John,occlusion,0.15000000,0,nan,1
Elton_John,occlusion,0.20000000,0,nan,1
Elton_John,occlusion,0.25000000,0,nan,1
Elton_John,occlusion,0.30000000,0,nan,1
Emanuel_Ginobili,gaussian,0.00000000,1,1.00000000,0
Emanuel_Ginobili,gaussian,0.02000000,1,0.99193436,0
Emanuel_Ginobili,gaussian,0.05000000,1,0.96537101,0
Emanuel_Ginobili,gaussian,0.10000000,1,0.90836591,0
Emanuel_Ginobili,gaussian,0.20000000,0,nan,1
Emanuel_Ginobili,gaussian,0.30000000,0,nan,1
Emanuel_Ginobili,brightness,1.00000000,1,1.00000000,0
Emanuel_Ginobili,brightness,0.90000000,1,0.99949515,0
Emanuel_Ginobili,brightness,0.80000000,1,0.99838436,0
Emanuel_Ginobili,brightness,0.65000000,1,0.99527848,0
Emanuel_Ginobili,brightness,0.50000000,1,0.99040443,0
Emanuel_Ginobili,brightness,0.35000000,1,0.98169518,0
Emanuel_Ginobili,rotation,0.00000000,1,1.00000000,0
Emanuel_Ginobili,rotation,3.00000000,1,0.99806166,0
Emanuel_Ginobili,rotation,6.00000000,1,0.99793124,0
Emanuel_Ginobili,rotation,10.00000000,1,0.99779725,0
Emanuel_Ginobili,rotation,15.00000000,1,0.99650818,0
Emanuel_Ginobili,rotation,20.00000000,1,0.99599624,0
Emanuel_Ginobili,blur,0.00000000,1,0.99661088,0
Emanuel_Ginobili,blur,1.00000000,1,0.99601561,0
Emanuel_Ginobili,blur,2.00000000,1,0.96902537,0
Emanuel_Ginobili,blur,3.00000000,1,0.91849840,0
Emanuel_Ginobili,blur,4.00000000,1,0.85800707,0
Emanuel_Ginobili,blur,5.00000000,1,0.76792312,0
Emanuel_Ginobili,occlusion,0.00000000,1,0.99785209,0
Emanuel_Ginobili,occlusion,0.10000000,0,0.45265239,0
Emanuel_Ginobili,occlusion,0.15000000,0,nan,1
Emanuel_Ginobili,occlusion,0.20000000,0,nan,1
Emanuel_Ginobili,occlusion,0.25000000,0,nan,1
Emanuel_Ginobili,occlusion,0.30000000,0,nan,1
Emma_Watson,gaussian,0.00000000,1,1.00000012,0
Emma_Watson,gaussian,0.02000000,1,0.97960234,0
Emma_Watson,gaussian,0.05000000,1,0.92789698,0
Emma_Watson,gaussian,0.10000000,1,0.82311863,0
Emma_Watson,gaussian,0.20000000,0,nan,1
Emma_Watson,gaussian,0.30000000,0,nan,1
Emma_Watson,brightness,1.00000000,1,1.00000012,0
Emma_Watson,brightness,0.90000000,1,0.99926633,0
Emma_Watson,brightness,0.80000000,1,0.99760902,0
Emma_Watson,brightness,0.65000000,1,0.99347210,0
Emma_Watson,brightness,0.50000000,1,0.98863214,0
Emma_Watson,brightness,0.35000000,1,0.97785640,0
Emma_Watson,rotation,0.00000000,1,1.00000012,0
Emma_Watson,rotation,3.00000000,1,0.99636585,0
Emma_Watson,rotation,6.00000000,1,0.99437970,0
Emma_Watson,rotation,10.00000000,1,0.99372190,0
Emma_Watson,rotation,15.00000000,1,0.99447644,0
Emma_Watson,rotation,20.00000000,1,0.99537754,0
Emma_Watson,blur,0.00000000,1,0.99514180,0
Emma_Watson,blur,1.00000000,1,0.99399376,0
Emma_Watson,blur,2.00000000,1,0.95889735,0
Emma_Watson,blur,3.00000000,1,0.87770694,0
Emma_Watson,blur,4.00000000,1,0.77908969,0
Emma_Watson,blur,5.00000000,0,0.71002442,0
Emma_Watson,occlusion,0.00000000,1,0.99817759,0
Emma_Watson,occlusion,0.10000000,0,0.33929962,0
Emma_Watson,occlusion,0.15000000,0,nan,1
Emma_Watson,occlusion,0.20000000,0,nan,1
Emma_Watson,occlusion,0.25000000,0,nan,1
Emma_Watson,occlusion,0.30000000,0,nan,1
Enrique_Bolanos,gaussian,0.00000000,1,1.00000000,0
Enrique_Bolanos,gaussian,0.02000000,1,0.96636552,0
Enrique_Bolanos,gaussian,0.05000000,1,0.88748163,0
Enrique_Bolanos,gaussian,0.10000000,0,0.75538611,0
Enrique_Bolanos,gaussian,0.20000000,0,nan,1
Enrique_Bolanos,gaussian,0.30000000,0,nan,1
Enrique_Bolanos,brightness,1.00000000,1,1.00000000,0
Enrique_Bolanos,brightness,0.90000000,1,0.99857974,0
Enrique_Bolanos,brightness,0.80000000,1,0.99569464,0
Enrique_Bolanos,brightness,0.65000000,1,0.99048197,0
Enrique_Bolanos,brightness,0.50000000,1,0.97994423,0
Enrique_Bolanos,brightness,0.35000000,1,0.96073556,0
Enrique_Bolanos,rotation,0.00000000,1,1.00000000,0
Enrique_Bolanos,rotation,3.00000000,1,0.99637175,0
Enrique_Bolanos,rotation,6.00000000,1,0.99649668,0
Enrique_Bolanos,rotation,10.00000000,1,0.99526012,0
Enrique_Bolanos,rotation,15.00000000,1,0.99463588,0
Enrique_Bolanos,rotation,20.00000000,1,0.99205333,0
Enrique_Bolanos,blur,0.00000000,1,0.99120516,0
Enrique_Bolanos,blur,1.00000000,1,0.99031878,0
Enrique_Bolanos,blur,2.00000000,1,0.93530881,0
Enrique_Bolanos,blur,3.00000000,1,0.82525176,0
Enrique_Bolanos,blur,4.00000000,1,0.73455018,0
Enrique_Bolanos,blur,5.00000000,1,0.62868345,0
Enrique_Bolanos,occlusion,0.00000000,1,0.99550289,0
Enrique_Bolanos,occlusion,0.10000000,0,nan,1
Enrique_Bolanos,occlusion,0.15000000,0,nan,1
Enrique_Bolanos,occlusion,0.20000000,0,nan,1
Enrique_Bolanos,occlusion,0.25000000,0,nan,1
Enrique_Bolanos,occlusion,0.30000000,0,nan,1
Erika_Harold,gaussian,0.00000000,1,1.00000000,0
Erika_Harold,gaussian,0.02000000,1,0.98619920,0
Erika_Harold,gaussian,0.05000000,1,0.92296386,0
Erika_Harold,gaussian,0.10000000,1,0.83179492,0
Erika_Harold,gaussian,0.20000000,0,nan,1
Erika_Harold,gaussian,0.30000000,0,nan,1
Erika_Harold,brightness,1.00000000,1,1.00000000,0
Erika_Harold,brightness,0.90000000,1,0.99909711,0
Erika_Harold,brightness,0.80000000,1,0.99662733,0
Erika_Harold,brightness,0.65000000,1,0.99216539,0
Erika_Harold,brightness,0.50000000,1,0.98456454,0
Erika_Harold,brightness,0.35000000,1,0.97116208,0
Erika_Harold,rotation,0.00000000,1,1.00000000,0
Erika_Harold,rotation,3.00000000,1,0.99769926,0
Erika_Harold,rotation,6.00000000,1,0.99630189,0
Erika_Harold,rotation,10.00000000,1,0.99734753,0
Erika_Harold,rotation,15.00000000,1,0.99431109,0
Erika_Harold,rotation,20.00000000,1,0.99044520,0
Erika_Harold,blur,0.00000000,1,0.99532312,0
Erika_Harold,blur,1.00000000,1,0.99441111,0
Erika_Harold,blur,2.00000000,1,0.96083772,0
Erika_Harold,blur,3.00000000,1,0.91332793,0
Erika_Harold,blur,4.00000000,1,0.84987926,0
Erika_Harold,blur,5.00000000,1,0.75024533,0
Erika_Harold,occlusion,0.00000000,1,0.99736428,0
Erika_Harold,occlusion,0.10000000,0,0.30583078,0
Erika_Harold,occlusion,0.15000000,0,nan,1
Erika_Harold,occlusion,0.20000000,0,nan,1
Erika_Harold,occlusion,0.25000000,0,nan,1
Erika_Harold,occlusion,0.30000000,0,nan,1
Fernando_Gonzalez,gaussian,0.00000000,1,1.00000000,0
Fernando_Gonzalez,gaussian,0.02000000,1,0.97167420,0
Fernando_Gonzalez,gaussian,0.05000000,1,0.90486610,0
Fernando_Gonzalez,gaussian,0.10000000,1,0.79566097,0
Fernando_Gonzalez,gaussian,0.20000000,0,nan,1
Fernando_Gonzalez,gaussian,0.30000000,0,nan,1
Fernando_Gonzalez,brightness,1.00000000,1,1.00000000,0
Fernando_Gonzalez,brightness,0.90000000,1,0.99849188,0
Fernando_Gonzalez,brightness,0.80000000,1,0.99644136,0
Fernando_Gonzalez,brightness,0.65000000,1,0.98979342,0
Fernando_Gonzalez,brightness,0.50000000,1,0.98027337,0
Fernando_Gonzalez,brightness,0.35000000,1,0.96478188,0
Fernando_Gonzalez,rotation,0.00000000,1,1.00000000,0
Fernando_Gonzalez,rotation,3.00000000,1,0.99308538,0
Fernando_Gonzalez,rotation,6.00000000,1,0.99279034,0
Fernando_Gonzalez,rotation,10.00000000,1,0.99064279,0
Fernando_Gonzalez,rotation,15.00000000,1,0.98527098,0
Fernando_Gonzalez,rotation,20.00000000,1,0.98848373,0
Fernando_Gonzalez,blur,0.00000000,1,0.98702252,0
Fernando_Gonzalez,blur,1.00000000,1,0.98524141,0
Fernando_Gonzalez,blur,2.00000000,1,0.90272284,0
Fernando_Gonzalez,blur,3.00000000,0,0.76645625,0
Fernando_Gonzalez,blur,4.00000000,0,0.65169424,0
Fernando_Gonzalez,blur,5.00000000,0,0.57795256,0
Fernando_Gonzalez,occlusion,0.00000000,1,0.99692547,0
Fernando_Gonzalez,occlusion,0.10000000,0,0.43723348,0
Fernando_Gonzalez,occlusion,0.15000000,0,nan,1
Fernando_Gonzalez,occlusion,0.20000000,0,nan,1
Fernando_Gonzalez,occlusion,0.25000000,0,nan,1
Fernando_Gonzalez,occlusion,0.30000000,0,nan,1
Fernando_Henrique_Cardoso,gaussian,0.00000000,1,1.00000024,0
Fernando_Henrique_Cardoso,gaussian,0.02000000,1,0.98548806,0
Fernando_Henrique_Cardoso,gaussian,0.05000000,1,0.90699434,0
Fernando_Henrique_Cardoso,gaussian,0.10000000,1,0.82355106,0
Fernando_Henrique_Cardoso,gaussian,0.20000000,0,nan,1
Fernando_Henrique_Cardoso,gaussian,0.30000000,0,nan,1
Fernando_Henrique_Cardoso,brightness,1.00000000,1,1.00000024,0
Fernando_Henrique_Cardoso,brightness,0.90000000,1,0.99924850,0
Fernando_Henrique_Cardoso,brightness,0.80000000,1,0.99795121,0
Fernando_Henrique_Cardoso,brightness,0.65000000,1,0.99357414,0
Fernando_Henrique_Cardoso,brightness,0.50000000,1,0.98636448,0
Fernando_Henrique_Cardoso,brightness,0.35000000,1,0.97504330,0
Fernando_Henrique_Cardoso,rotation,0.00000000,1,1.00000024,0
Fernando_Henrique_Cardoso,rotation,3.00000000,1,0.99767530,0
Fernando_Henrique_Cardoso,rotation,6.00000000,1,0.99601924,0
Fernando_Henrique_Cardoso,rotation,10.00000000,1,0.99472964,0
Fernando_Henrique_Cardoso,rotation,15.00000000,1,0.99471402,0
Fernando_Henrique_Cardoso,rotation,20.00000000,1,0.99149859,0
Fernando_Henrique_Cardoso,blur,0.00000000,1,0.99543762,0
Fernando_Henrique_Cardoso,blur,1.00000000,1,0.99459815,0
Fernando_Henrique_Cardoso,blur,2.00000000,1,0.96182770,0
Fernando_Henrique_Cardoso,blur,3.00000000,1,0.87740612,0
Fernando_Henrique_Cardoso,blur,4.00000000,1,0.75517452,0
Fernando_Henrique_Cardoso,blur,5.00000000,1,0.64200807,0
Fernando_Henrique_Cardoso,occlusion,0.00000000,1,0.99913359,0
Fernando_Henrique_Cardoso,occlusion,0.10000000,0,nan,1
Fernando_Henrique_Cardoso,occlusion,0.15000000,0,nan,1
Fernando_Henrique_Cardoso,occlusion,0.20000000,0,nan,1
Fernando_Henrique_Cardoso,occlusion,0.25000000,0,nan,1
Fernando_Henrique_Cardoso,occlusion,0.30000000,0,nan,1
Fidel_Castro,gaussian,0.00000000,1,1.00000000,0
Fidel_Castro,gaussian,0.02000000,1,0.97340417,0
Fidel_Castro,gaussian,0.05000000,1,0.91414881,0
Fidel_Castro,gaussian,0.10000000,0,nan,1
Fidel_Castro,gaussian,0.20000000,0,nan,1
Fidel_Castro,gaussian,0.30000000,0,nan,1
Fidel_Castro,brightness,1.00000000,1,1.00000000,0
Fidel_Castro,brightness,0.90000000,1,0.99902177,0
Fidel_Castro,brightness,0.80000000,1,0.99623364,0
Fidel_Castro,brightness,0.65000000,1,0.99011898,0
Fidel_Castro,brightness,0.50000000,1,0.97694606,0
Fidel_Castro,brightness,0.35000000,1,0.94239962,0
Fidel_Castro,rotation,0.00000000,1,1.00000000,0
Fidel_Castro,rotation,3.00000000,1,0.99832946,0
Fidel_Castro,rotation,6.00000000,1,0.99808633,0
Fidel_Castro,rotation,10.00000000,1,0.99366403,0
Fidel_Castro,rotation,15.00000000,1,0.98762715,0
Fidel_Castro,rotation,20.00000000,1,0.97850686,0
Fidel_Castro,blur,0.00000000,1,0.99510998,0
Fidel_Castro,blur,1.00000000,1,0.99496019,0
Fidel_Castro,blur,2.00000000,1,0.96289074,0
Fidel_Castro,blur,3.00000000,1,0.91388571,0
Fidel_Castro,blur,4.00000000,0,0.83418679,0
Fidel_Castro,blur,5.00000000,0,0.71731091,0
Fidel_Castro,occlusion,0.00000000,1,0.99568492,0
Fidel_Castro,occlusion,0.10000000,0,nan,1
Fidel_Castro,occlusion,0.15000000,0,nan,1
Fidel_Castro,occlusion,0.20000000,0,nan,1
Fidel_Castro,occlusion,0.25000000,0,nan,1
Fidel_Castro,occlusion,0.30000000,0,nan,1
Frank_Solich,gaussian,0.00000000,1,1.00000012,0
Frank_Solich,gaussian,0.02000000,1,0.98887479,0
Frank_Solich,gaussian,0.05000000,1,0.93555582,0
Frank_Solich,gaussian,0.10000000,1,0.88197196,0
Frank_Solich,gaussian,0.20000000,0,nan,1
Frank_Solich,gaussian,0.30000000,0,nan,1
Frank_Solich,brightness,1.00000000,1,1.00000012,0
Frank_Solich,brightness,0.90000000,1,0.99947798,0
Frank_Solich,brightness,0.80000000,1,0.99868214,0
Frank_Solich,brightness,0.65000000,1,0.99639696,0
Frank_Solich,brightness,0.50000000,1,0.99217260,0
Frank_Solich,brightness,0.35000000,1,0.98185700,0
Frank_Solich,rotation,0.00000000,1,1.00000012,0
Frank_Solich,rotation,3.00000000,1,0.99864548,0
Frank_Solich,rotation,6.00000000,1,0.99750924,0
Frank_Solich,rotation,10.00000000,1,0.99772602,0
Frank_Solich,rotation,15.00000000,1,0.99132061,0
Frank_Solich,rotation,20.00000000,1,0.98551613,0
Frank_Solich,blur,0.00000000,1,0.99605113,0
Frank_Solich,blur,1.00000000,1,0.99505460,0
Frank_Solich,blur,2.00000000,1,0.95264924,0
Frank_Solich,blur,3.00000000,1,0.86767656,0
Frank_Solich,blur,4.00000000,1,0.76712465,0
Frank_Solich,blur,5.00000000,0,0.67016453,0
Frank_Solich,occlusion,0.00000000,1,0.99936980,0
Frank_Solich,occlusion,0.10000000,0,0.35002002,0
Frank_Solich,occlusion,0.15000000,0,0.26220334,0
Frank_Solich,occlusion,0.20000000,0,nan,1
Frank_Solich,occlusion,0.25000000,0,nan,1
Frank_Solich,occlusion,0.30000000,0,nan,1
Fujio_Cho,gaussian,0.00000000,1,1.00000000,0
Fujio_Cho,gaussian,0.02000000,1,0.99219191,0
Fujio_Cho,gaussian,0.05000000,1,0.97172868,0
Fujio_Cho,gaussian,0.10000000,1,0.92266339,0
Fujio_Cho,gaussian,0.20000000,0,nan,1
Fujio_Cho,gaussian,0.30000000,0,nan,1
Fujio_Cho,brightness,1.00000000,1,1.00000000,0
Fujio_Cho,brightness,0.90000000,1,0.99925303,0
Fujio_Cho,brightness,0.80000000,1,0.99847436,0
Fujio_Cho,brightness,0.65000000,1,0.99633503,0
Fujio_Cho,brightness,0.50000000,1,0.99168831,0
Fujio_Cho,brightness,0.35000000,1,0.98320198,0
Fujio_Cho,rotation,0.00000000,1,1.00000000,0
Fujio_Cho,rotation,3.00000000,1,0.99812907,0
Fujio_Cho,rotation,6.00000000,1,0.99802750,0
Fujio_Cho,rotation,10.00000000,1,0.99788862,0
Fujio_Cho,rotation,15.00000000,1,0.99519306,0
Fujio_Cho,rotation,20.00000000,1,0.99272549,0
Fujio_Cho,blur,0.00000000,1,0.99342358,0
Fujio_Cho,blur,1.00000000,1,0.99260157,0
Fujio_Cho,blur,2.00000000,1,0.97365433,0
Fujio_Cho,blur,3.00000000,1,0.92234111,0
Fujio_Cho,blur,4.00000000,1,0.82921028,0
Fujio_Cho,blur,5.00000000,1,0.74551827,0
Fujio_Cho,occlusion,0.00000000,1,0.99872017,0
Fujio_Cho,occlusion,0.10000000,0,0.38845491,0
Fujio_Cho,occlusion,0.15000000,0,nan,1
Fujio_Cho,occlusion,0.20000000,0,nan,1
Fujio_Cho,occlusion,0.25000000,0,nan,1
Fujio_Cho,occlusion,0.30000000,0,nan,1
Gene_Robinson,gaussian,0.00000000,1,1.00000000,0
Gene_Robinson,gaussian,0.02000000,1,0.99070704,0
Gene_Robinson,gaussian,0.05000000,1,0.93063259,0
Gene_Robinson,gaussian,0.10000000,1,0.84592807,0
Gene_Robinson,gaussian,0.20000000,0,nan,1
Gene_Robinson,gaussian,0.30000000,0,nan,1
Gene_Robinson,brightness,1.00000000,1,1.00000000,0
Gene_Robinson,brightness,0.90000000,1,0.99929285,0
Gene_Robinson,brightness,0.80000000,1,0.99782479,0
Gene_Robinson,brightness,0.65000000,1,0.99365497,0
Gene_Robinson,brightness,0.50000000,1,0.98814446,0
Gene_Robinson,brightness,0.35000000,1,0.98138595,0
Gene_Robinson,rotation,0.00000000,1,1.00000000,0
Gene_Robinson,rotation,3.00000000,1,0.99511147,0
Gene_Robinson,rotation,6.00000000,1,0.99437118,0
Gene_Robinson,rotation,10.00000000,1,0.99402720,0
Gene_Robinson,rotation,15.00000000,1,0.99264598,0
Gene_Robinson,rotation,20.00000000,1,0.99271035,0
Gene_Robinson,blur,0.00000000,1,0.98999405,0
Gene_Robinson,blur,1.00000000,1,0.98851246,0
Gene_Robinson,blur,2.00000000,1,0.93309247,0
Gene_Robinson,blur,3.00000000,1,0.81633449,0
Gene_Robinson,blur,4.00000000,0,0.73060167,0
Gene_Robinson,blur,5.00000000,0,0.62295067,0
Gene_Robinson,occlusion,0.00000000,1,0.99865764,0
Gene_Robinson,occlusion,0.10000000,0,nan,1
Gene_Robinson,occlusion,0.15000000,0,nan,1
Gene_Robinson,occlusion,0.20000000,0,nan,1
Gene_Robinson,occlusion,0.25000000,0,nan,1
Gene_Robinson,occlusion,0.30000000,0,nan,1
Geoff_Hoon,gaussian,0.00000000,1,1.00000000,0
Geoff_Hoon,gaussian,0.02000000,1,0.98623496,0
Geoff_Hoon,gaussian,0.05000000,1,0.95068645,0
Geoff_Hoon,gaussian,0.10000000,1,0.87295926,0
Geoff_Hoon,gaussian,0.20000000,0,nan,1
Geoff_Hoon,gaussian,0.30000000,0,nan,1
Geoff_Hoon,brightness,1.00000000,1,1.00000000,0
Geoff_Hoon,brightness,0.90000000,1,0.99921608,0
Geoff_Hoon,brightness,0.80000000,1,0.99807686,0
Geoff_Hoon,brightness,0.65000000,1,0.99543142,0
Geoff_Hoon,brightness,0.50000000,1,0.98985684,0
Geoff_Hoon,brightness,0.35000000,1,0.98097634,0
Geoff_Hoon,rotation,0.00000000,1,1.00000000,0
Geoff_Hoon,rotation,3.00000000,1,0.99917960,0
Geoff_Hoon,rotation,6.00000000,1,0.99756324,0
Geoff_Hoon,rotation,10.00000000,1,0.99462998,0
Geoff_Hoon,rotation,15.00000000,1,0.99129045,0
Geoff_Hoon,rotation,20.00000000,1,0.98928607,0
Geoff_Hoon,blur,0.00000000,1,0.99601555,0
Geoff_Hoon,blur,1.00000000,1,0.99537969,0
Geoff_Hoon,blur,2.00000000,1,0.96982962,0
Geoff_Hoon,blur,3.00000000,1,0.92066103,0
Geoff_Hoon,blur,4.00000000,1,0.84080952,0
Geoff_Hoon,blur,5.00000000,1,0.71065331,0
Geoff_Hoon,occlusion,0.00000000,1,0.99777204,0
Geoff_Hoon,occlusion,0.10000000,0,0.49349749,0
Geoff_Hoon,occlusion,0.15000000,0,nan,1
Geoff_Hoon,occlusion,0.20000000,0,nan,1
Geoff_Hoon,occlusion,0.25000000,0,nan,1
Geoff_Hoon,occlusion,0.30000000,0,nan,1
George_Clooney,gaussian,0.00000000,1,0.99999988,0
George_Clooney,gaussian,0.02000000,1,0.98938417,0
George_Clooney,gaussian,0.05000000,1,0.96078265,0
George_Clooney,gaussian,0.10000000,1,0.88727844,0
George_Clooney,gaussian,0.20000000,0,nan,1
George_Clooney,gaussian,0.30000000,0,nan,1
George_Clooney,brightness,1.00000000,1,0.99999988,0
George_Clooney,brightness,0.90000000,1,0.99833119,0
George_Clooney,brightness,0.80000000,1,0.99574459,0
George_Clooney,brightness,0.65000000,1,0.99104226,0
George_Clooney,brightness,0.50000000,1,0.98577631,0
George_Clooney,brightness,0.35000000,1,0.97926891,0
George_Clooney,rotation,0.00000000,1,0.99999988,0
George_Clooney,rotation,3.00000000,1,0.99514222,0
George_Clooney,rotation,6.00000000,1,0.99317038,0
George_Clooney,rotation,10.00000000,1,0.98888755,0
George_Clooney,rotation,15.00000000,1,0.98109806,0
George_Clooney,rotation,20.00000000,1,0.97328651,0
George_Clooney,blur,0.00000000,1,0.99466699,0
George_Clooney,blur,1.00000000,1,0.99362898,0
George_Clooney,blur,2.00000000,1,0.96371901,0
George_Clooney,blur,3.00000000,1,0.89396656,0
George_Clooney,blur,4.00000000,1,0.79830146,0
George_Clooney,blur,5.00000000,0,0.70837706,0
George_Clooney,occlusion,0.00000000,1,0.99829537,0
George_Clooney,occlusion,0.10000000,0,0.56157613,0
George_Clooney,occlusion,0.15000000,0,0.01342048,0
George_Clooney,occlusion,0.20000000,0,0.01793474,0
George_Clooney,occlusion,0.25000000,0,0.04368427,0
George_Clooney,occlusion,0.30000000,0,0.05873381,0
George_HW_Bush,gaussian,0.00000000,1,1.00000000,0
George_HW_Bush,gaussian,0.02000000,1,0.98087955,0
George_HW_Bush,gaussian,0.05000000,1,0.91541123,0
George_HW_Bush,gaussian,0.10000000,1,0.85971290,0
George_HW_Bush,gaussian,0.20000000,0,nan,1
George_HW_Bush,gaussian,0.30000000,0,nan,1
George_HW_Bush,brightness,1.00000000,1,1.00000000,0
George_HW_Bush,brightness,0.90000000,1,0.99911618,0
George_HW_Bush,brightness,0.80000000,1,0.99818599,0
George_HW_Bush,brightness,0.65000000,1,0.99504977,0
George_HW_Bush,brightness,0.50000000,1,0.98716068,0
George_HW_Bush,brightness,0.35000000,1,0.97468942,0
George_HW_Bush,rotation,0.00000000,1,1.00000000,0
George_HW_Bush,rotation,3.00000000,1,0.99658132,0
George_HW_Bush,rotation,6.00000000,1,0.99476659,0
George_HW_Bush,rotation,10.00000000,1,0.99222219,0
George_HW_Bush,rotation,15.00000000,1,0.99112225,0
George_HW_Bush,rotation,20.00000000,1,0.99354768,0
George_HW_Bush,blur,0.00000000,1,0.99643731,0
George_HW_Bush,blur,1.00000000,1,0.99586773,0
George_HW_Bush,blur,2.00000000,1,0.96901250,0
George_HW_Bush,blur,3.00000000,1,0.88037932,0
George_HW_Bush,blur,4.00000000,1,0.75706637,0
George_HW_Bush,blur,5.00000000,1,0.65842450,0
George_HW_Bush,occlusion,0.00000000,1,0.99880129,0
George_HW_Bush,occlusion,0.10000000,0,nan,1
George_HW_Bush,occlusion,0.15000000,0,nan,1
George_HW_Bush,occlusion,0.20000000,0,nan,1
George_HW_Bush,occlusion,0.25000000,0,nan,1
George_HW_Bush,occlusion,0.30000000,0,nan,1
George_Lopez,gaussian,0.00000000,1,0.99999994,0
George_Lopez,gaussian,0.02000000,1,0.98846996,0
George_Lopez,gaussian,0.05000000,1,0.94445896,0
George_Lopez,gaussian,0.10000000,1,0.88499117,0
George_Lopez,gaussian,0.20000000,0,nan,1
George_Lopez,gaussian,0.30000000,0,nan,1
George_Lopez,brightness,1.00000000,1,0.99999994,0
George_Lopez,brightness,0.90000000,1,0.99961233,0
George_Lopez,brightness,0.80000000,1,0.99882716,0
George_Lopez,brightness,0.65000000,1,0.99704164,0
George_Lopez,brightness,0.50000000,1,0.99319082,0
George_Lopez,brightness,0.35000000,1,0.98654664,0
George_Lopez,rotation,0.00000000,1,0.99999994,0
George_Lopez,rotation,3.00000000,1,0.99828064,0
George_Lopez,rotation,6.00000000,1,0.99850422,0
George_Lopez,rotation,10.00000000,1,0.99638122,0
George_Lopez,rotation,15.00000000,1,0.99639297,0
George_Lopez,rotation,20.00000000,1,0.99608743,0
George_Lopez,blur,0.00000000,1,0.99393350,0
George_Lopez,blur,1.00000000,1,0.99296236,0
George_Lopez,blur,2.00000000,1,0.95351112,0
George_Lopez,blur,3.00000000,1,0.87518954,0
George_Lopez,blur,4.00000000,1,0.76261407,0
George_Lopez,blur,5.00000000,0,0.64934880,0
George_Lopez,occlusion,0.00000000,1,0.99937129,0
George_Lopez,occlusion,0.10000000,0,0.31203651,0
George_Lopez,occlusion,0.15000000,0,nan,1
George_Lopez,occlusion,0.20000000,0,nan,1
George_Lopez,occlusion,0.25000000,0,nan,1
George_Lopez,occlusion,0.30000000,0,nan,1
George_Pataki,gaussian,0.00000000,1,0.99999994,0
George_Pataki,gaussian,0.02000000,1,0.98274750,0
George_Pataki,gaussian,0.05000000,1,0.92489934,0
George_Pataki,gaussian,0.10000000,1,0.84392494,0
George_Pataki,gaussian,0.20000000,0,nan,1
George_Pataki,gaussian,0.30000000,0,nan,1
George_Pataki,brightness,1.00000000,1,0.99999994,0
George_Pataki,brightness,0.90000000,1,0.99934447,0
George_Pataki,brightness,0.80000000,1,0.99783725,0
George_Pataki,brightness,0.65000000,1,0.99515998,0
George_Pataki,brightness,0.50000000,1,0.98896104,0
George_Pataki,brightness,0.35000000,1,0.97852314,0
George_Pataki,rotation,0.00000000,1,0.99999994,0
George_Pataki,rotation,3.00000000,1,0.99754810,0
George_Pataki,rotation,6.00000000,1,0.99724418,0
George_Pataki,rotation,10.00000000,1,0.99538708,0
George_Pataki,rotation,15.00000000,1,0.98850375,0
George_Pataki,rotation,20.00000000,1,0.98382783,0
George_Pataki,blur,0.00000000,1,0.99326074,0
George_Pataki,blur,1.00000000,1,0.99228227,0
George_Pataki,blur,2.00000000,1,0.94533217,0
George_Pataki,blur,3.00000000,1,0.87094098,0
George_Pataki,blur,4.00000000,0,0.75969577,0
George_Pataki,blur,5.00000000,0,0.62100685,0
George_Pataki,occlusion,0.00000000,1,0.99856639,0
George_Pataki,occlusion,0.10000000,0,0.49086082,0
George_Pataki,occlusion,0.15000000,0,0.25376830,0
George_Pataki,occlusion,0.20000000,0,nan,1
George_Pataki,occlusion,0.25000000,0,nan,1
George_Pataki,occlusion,0.30000000,0,nan,1
George_Robertson,gaussian,0.00000000,1,1.00000000,0
George_Robertson,gaussian,0.02000000,1,0.98489702,0
George_Robertson,gaussian,0.05000000,1,0.96304178,0
George_Robertson,gaussian,0.10000000,1,0.88545072,0
George_Robertson,gaussian,0.20000000,0,nan,1
George_Robertson,gaussian,0.30000000,0,nan,1
George_Robertson,brightness,1.00000000,1,1.00000000,0
George_Robertson,brightness,0.90000000,1,0.99928248,0
George_Robertson,brightness,0.80000000,1,0.99817359,0
George_Robertson,brightness,0.65000000,1,0.99553335,0
George_Robertson,brightness,0.50000000,1,0.99161059,0
George_Robertson,brightness,0.35000000,1,0.98298538,0
George_Robertson,rotation,0.00000000,1,1.00000000,0
George_Robertson,rotation,3.00000000,1,0.99789190,0
George_Robertson,rotation,6.00000000,1,0.99633473,0
George_Robertson,rotation,10.00000000,1,0.99388248,0
George_Robertson,rotation,15.00000000,1,0.99201387,0
George_Robertson,rotation,20.00000000,1,0.98664153,0
George_Robertson,blur,0.00000000,1,0.99634081,0
George_Robertson,blur,1.00000000,1,0.99563652,0
George_Robertson,blur,2.00000000,1,0.97361708,0
George_Robertson,blur,3.00000000,1,0.90899056,0
George_Robertson,blur,4.00000000,1,0.82356107,0
George_Robertson,blur,5.00000000,0,0.76329970,0
George_Robertson,occlusion,0.00000000,1,0.99906790,0
George_Robertson,occlusion,0.10000000,0,0.36495984,0
George_Robertson,occlusion,0.15000000,0,nan,1
George_Robertson,occlusion,0.20000000,0,nan,1
George_Robertson,occlusion,0.25000000,0,nan,1
George_Robertson,occlusion,0.30000000,0,nan,1
George_W_Bush,gaussian,0.00000000,1,1.00000000,0
George_W_Bush,gaussian,0.02000000,1,0.98599958,0
George_W_Bush,gaussian,0.05000000,1,0.95335871,0
George_W_Bush,gaussian,0.10000000,1,0.87423980,0
George_W_Bush,gaussian,0.20000000,0,nan,1
George_W_Bush,gaussian,0.30000000,0,nan,1
George_W_Bush,brightness,1.00000000,1,1.00000000,0
George_W_Bush,brightness,0.90000000,1,0.99956989,0
George_W_Bush,brightness,0.80000000,1,0.99866927,0
George_W_Bush,brightness,0.65000000,1,0.99656403,0
George_W_Bush,brightness,0.50000000,1,0.99136448,0
George_W_Bush,brightness,0.35000000,1,0.98542666,0
George_W_Bush,rotation,0.00000000,1,1.00000000,0
George_W_Bush,rotation,3.00000000,1,0.99874043,0
George_W_Bush,rotation,6.00000000,1,0.99818975,0
George_W_Bush,rotation,10.00000000,1,0.99697626,0
George_W_Bush,rotation,15.00000000,1,0.99703801,0
George_W_Bush,rotation,20.00000000,1,0.99905276,0
George_W_Bush,blur,0.00000000,1,0.99757141,0
George_W_Bush,blur,1.00000000,1,0.99717200,0
George_W_Bush,blur,2.00000000,1,0.98019457,0
George_W_Bush,blur,3.00000000,1,0.92522675,0
George_W_Bush,blur,4.00000000,1,0.84487665,0
George_W_Bush,blur,5.00000000,0,0.74309844,0
George_W_Bush,occlusion,0.00000000,1,0.99912000,0
George_W_Bush,occlusion,0.10000000,0,0.45598215,0
George_W_Bush,occlusion,0.15000000,0,nan,1
George_W_Bush,occlusion,0.20000000,0,nan,1
George_W_Bush,occlusion,0.25000000,0,nan,1
George_W_Bush,occlusion,0.30000000,0,nan,1
Gerhard_Schroeder,gaussian,0.00000000,1,0.99999994,0
Gerhard_Schroeder,gaussian,0.02000000,1,0.99417615,0
Gerhard_Schroeder,gaussian,0.05000000,1,0.97057068,0
Gerhard_Schroeder,gaussian,0.10000000,1,0.93610752,0
Gerhard_Schroeder,gaussian,0.20000000,0,0.84766507,0
Gerhard_Schroeder,gaussian,0.30000000,0,nan,1
Gerhard_Schroeder,brightness,1.00000000,1,0.99999994,0
Gerhard_Schroeder,brightness,0.90000000,1,0.99947780,0
Gerhard_Schroeder,brightness,0.80000000,1,0.99872595,0
Gerhard_Schroeder,brightness,0.65000000,1,0.99671948,0
Gerhard_Schroeder,brightness,0.50000000,1,0.99388635,0
Gerhard_Schroeder,brightness,0.35000000,1,0.98848486,0
Gerhard_Schroeder,rotation,0.00000000,1,0.99999994,0
Gerhard_Schroeder,rotation,3.00000000,1,0.99834275,0
Gerhard_Schroeder,rotation,6.00000000,1,0.99732322,0
Gerhard_Schroeder,rotation,10.00000000,1,0.99288517,0
Gerhard_Schroeder,rotation,15.00000000,1,0.99061179,0
Gerhard_Schroeder,rotation,20.00000000,1,0.98340833,0
Gerhard_Schroeder,blur,0.00000000,1,0.99634808,0
Gerhard_Schroeder,blur,1.00000000,1,0.99570346,0
Gerhard_Schroeder,blur,2.00000000,1,0.97632742,0
Gerhard_Schroeder,blur,3.00000000,1,0.92441976,0
Gerhard_Schroeder,blur,4.00000000,1,0.80777442,0
Gerhard_Schroeder,blur,5.00000000,0,0.69239742,0
Gerhard_Schroeder,occlusion,0.00000000,1,0.99852926,0
Gerhard_Schroeder,occlusion,0.10000000,0,0.45499074,0
Gerhard_Schroeder,occlusion,0.15000000,0,nan,1
Gerhard_Schroeder,occlusion,0.20000000,0,nan,1
Gerhard_Schroeder,occlusion,0.25000000,0,nan,1
Gerhard_Schroeder,occlusion,0.30000000,0,nan,1
Gerry_Adams,gaussian,0.00000000,1,1.00000000,0
Gerry_Adams,gaussian,0.02000000,1,0.98836398,0
Gerry_Adams,gaussian,0.05000000,1,0.95285368,0
Gerry_Adams,gaussian,0.10000000,1,0.86587173,0
Gerry_Adams,gaussian,0.20000000,0,nan,1
Gerry_Adams,gaussian,0.30000000,0,nan,1
Gerry_Adams,brightness,1.00000000,1,1.00000000,0
Gerry_Adams,brightness,0.90000000,1,0.99926710,0
Gerry_Adams,brightness,0.80000000,1,0.99771798,0
Gerry_Adams,brightness,0.65000000,1,0.99514705,0
Gerry_Adams,brightness,0.50000000,1,0.98964274,0
Gerry_Adams,brightness,0.35000000,1,0.98118025,0
Gerry_Adams,rotation,0.00000000,1,1.00000000,0
Gerry_Adams,rotation,3.00000000,1,0.99699020,0
Gerry_Adams,rotation,6.00000000,1,0.99791688,0
Gerry_Adams,rotation,10.00000000,1,0.99643743,0
Gerry_Adams,rotation,15.00000000,1,0.99432045,0
Gerry_Adams,rotation,20.00000000,1,0.99353063,0
Gerry_Adams,blur,0.00000000,1,0.99520892,0
Gerry_Adams,blur,1.00000000,1,0.99427938,0
Gerry_Adams,blur,2.00000000,1,0.96230644,0
Gerry_Adams,blur,3.00000000,1,0.87206006,0
Gerry_Adams,blur,4.00000000,1,0.75778985,0
Gerry_Adams,blur,5.00000000,1,0.65525347,0
Gerry_Adams,occlusion,0.00000000,1,0.99854589,0
Gerry_Adams,occlusion,0.10000000,0,nan,1
Gerry_Adams,occlusion,0.15000000,0,nan,1
Gerry_Adams,occlusion,0.20000000,0,nan,1
Gerry_Adams,occlusion,0.25000000,0,nan,1
Gerry_Adams,occlusion,0.30000000,0,nan,1
Gil_de_Ferran,gaussian,0.00000000,1,1.00000000,0
Gil_de_Ferran,gaussian,0.02000000,1,0.97583151,0
Gil_de_Ferran,gaussian,0.05000000,1,0.86213541,0
Gil_de_Ferran,gaussian,0.10000000,0,0.62714934,0
Gil_de_Ferran,gaussian,0.20000000,0,nan,1
Gil_de_Ferran,gaussian,0.30000000,0,nan,1
Gil_de_Ferran,brightness,1.00000000,1,1.00000000,0
Gil_de_Ferran,brightness,0.90000000,1,0.99876893,0
Gil_de_Ferran,brightness,0.80000000,1,0.99655211,0
Gil_de_Ferran,brightness,0.65000000,1,0.99103010,0
Gil_de_Ferran,brightness,0.50000000,1,0.98156244,0
Gil_de_Ferran,brightness,0.35000000,1,0.96763003,0
Gil_de_Ferran,rotation,0.00000000,1,1.00000000,0
Gil_de_Ferran,rotation,3.00000000,1,0.99662071,0
Gil_de_Ferran,rotation,6.00000000,1,0.99465090,0
Gil_de_Ferran,rotation,10.00000000,1,0.98894727,0
Gil_de_Ferran,rotation,15.00000000,1,0.98396933,0
Gil_de_Ferran,rotation,20.00000000,1,0.97414106,0
Gil_de_Ferran,blur,0.00000000,1,0.99136662,0
Gil_de_Ferran,blur,1.00000000,1,0.98929548,0
Gil_de_Ferran,blur,2.00000000,1,0.93741781,0
Gil_de_Ferran,blur,3.00000000,1,0.82830310,0
Gil_de_Ferran,blur,4.00000000,1,0.72856820,0
Gil_de_Ferran,blur,5.00000000,0,0.60331720,0
Gil_de_Ferran,occlusion,0.00000000,1,0.99620986,0
Gil_de_Ferran,occlusion,0.10000000,0,nan,1
Gil_de_Ferran,occlusion,0.15000000,0,nan,1
Gil_de_Ferran,occlusion,0.20000000,0,nan,1
Gil_de_Ferran,occlusion,0.25000000,0,nan,1
Gil_de_Ferran,occlusion,0.30000000,0,nan,1
Gloria_Macapagal_Arroyo,gaussian,0.00000000,1,0.99999988,0
Gloria_Macapagal_Arroyo,gaussian,0.02000000,1,0.99140590,0
Gloria_Macapagal_Arroyo,gaussian,0.05000000,1,0.96341980,0
Gloria_Macapagal_Arroyo,gaussian,0.10000000,1,0.90939027,0
Gloria_Macapagal_Arroyo,gaussian,0.20000000,0,nan,1
Gloria_Macapagal_Arroyo,gaussian,0.30000000,0,nan,1
Gloria_Macapagal_Arroyo,brightness,1.00000000,1,0.99999988,0
Gloria_Macapagal_Arroyo,brightness,0.90000000,1,0.99940306,0
Gloria_Macapagal_Arroyo,brightness,0.80000000,1,0.99811947,0
Gloria_Macapagal_Arroyo,brightness,0.65000000,1,0.99532306,0
Gloria_Macapagal_Arroyo,brightness,0.50000000,1,0.99028838,0
Gloria_Macapagal_Arroyo,brightness,0.35000000,1,0.98299682,0
Gloria_Macapagal_Arroyo,rotation,0.00000000,1,0.99999988,0
Gloria_Macapagal_Arroyo,rotation,3.00000000,1,0.99734282,0
Gloria_Macapagal_Arroyo,rotation,6.00000000,1,0.99688464,0
Gloria_Macapagal_Arroyo,rotation,10.00000000,1,0.99650133,0
Gloria_Macapagal_Arroyo,rotation,15.00000000,1,0.99485683,0
Gloria_Macapagal_Arroyo,rotation,20.00000000,1,0.99257833,0
Gloria_Macapagal_Arroyo,blur,0.00000000,1,0.99665046,0
Gloria_Macapagal_Arroyo,blur,1.00000000,1,0.99591130,0
Gloria_Macapagal_Arroyo,blur,2.00000000,1,0.96885002,0
Gloria_Macapagal_Arroyo,blur,3.00000000,1,0.89631170,0
Gloria_Macapagal_Arroyo,blur,4.00000000,1,0.77570969,0
Gloria_Macapagal_Arroyo,blur,5.00000000,1,0.67758226,0
Gloria_Macapagal_Arroyo,occlusion,0.00000000,1,0.99886602,0
Gloria_Macapagal_Arroyo,occlusion,0.10000000,0,0.38051212,0
Gloria_Macapagal_Arroyo,occlusion,0.15000000,0,nan,1
Gloria_Macapagal_Arroyo,occlusion,0.20000000,0,nan,1
Gloria_Macapagal_Arroyo,occlusion,0.25000000,0,nan,1
Gloria_Macapagal_Arroyo,occlusion,0.30000000,0,nan,1
Goldie_Hawn,gaussian,0.00000000,1,1.00000000,0
Goldie_Hawn,gaussian,0.02000000,1,0.98031062,0
Goldie_Hawn,gaussian,0.05000000,1,0.90657294,0
Goldie_Hawn,gaussian,0.10000000,0,nan,1
Goldie_Hawn,gaussian,0.20000000,0,nan,1
Goldie_Hawn,gaussian,0.30000000,0,nan,1
Goldie_Hawn,brightness,1.00000000,1,1.00000000,0
Goldie_Hawn,brightness,0.90000000,1,0.99868536,0
Goldie_Hawn,brightness,0.80000000,1,0.99637842,0
Goldie_Hawn,brightness,0.65000000,1,0.99043262,0
Goldie_Hawn,brightness,0.50000000,1,0.98376650,0
Goldie_Hawn,brightness,0.35000000,1,0.96746802,0
Goldie_Hawn,rotation,0.00000000,1,1.00000000,0
Goldie_Hawn,rotation,3.00000000,1,0.99674439,0
Goldie_Hawn,rotation,6.00000000,1,0.99443728,0
Goldie_Hawn,rotation,10.00000000,1,0.99731463,0
Goldie_Hawn,rotation,15.00000000,1,0.99637377,0
Goldie_Hawn,rotation,20.00000000,1,0.99787438,0
Goldie_Hawn,blur,0.00000000,1,0.99408984,0
Goldie_Hawn,blur,1.00000000,1,0.99297589,0
Goldie_Hawn,blur,2.00000000,1,0.94717515,0
Goldie_Hawn,blur,3.00000000,1,0.83263171,0
Goldie_Hawn,blur,4.00000000,1,0.70904559,0
Goldie_Hawn,blur,5.00000000,1,0.61170197,0
Goldie_Hawn,occlusion,0.00000000,1,0.99796218,0
Goldie_Hawn,occlusion,0.10000000,0,nan,1
Goldie_Hawn,occlusion,0.15000000,0,nan,1
Goldie_Hawn,occlusion,0.20000000,0,nan,1
Goldie_Hawn,occlusion,0.25000000,0,nan,1
Goldie_Hawn,occlusion,0.30000000,0,nan,1
Gonzalo_Sanchez_de_Lozada,gaussian,0.00000000,1,0.99999994,0
Gonzalo_Sanchez_de_Lozada,gaussian,0.02000000,1,0.98549485,0
Gonzalo_Sanchez_de_Lozada,gaussian,0.05000000,1,0.94307053,0
Gonzalo_Sanchez_de_Lozada,gaussian,0.10000000,1,0.86471057,0
Gonzalo_Sanchez_de_Lozada,gaussian,0.20000000,0,nan,1
Gonzalo_Sanchez_de_Lozada,gaussian,0.30000000,0,nan,1
Gonzalo_Sanchez_de_Lozada,brightness,1.00000000,1,0.99999994,0
Gonzalo_Sanchez_de_Lozada,brightness,0.90000000,1,0.99909270,0
Gonzalo_Sanchez_de_Lozada,brightness,0.80000000,1,0.99783760,0
Gonzalo_Sanchez_de_Lozada,brightness,0.65000000,1,0.99399924,0
Gonzalo_Sanchez_de_Lozada,brightness,0.50000000,1,0.98685431,0
Gonzalo_Sanchez_de_Lozada,brightness,0.35000000,1,0.97162169,0
Gonzalo_Sanchez_de_Lozada,rotation,0.00000000,1,0.99999994,0
Gonzalo_Sanchez_de_Lozada,rotation,3.00000000,1,0.99777943,0
Gonzalo_Sanchez_de_Lozada,rotation,6.00000000,1,0.99787813,0
Gonzalo_Sanchez_de_Lozada,rotation,10.00000000,1,0.99516296,0
Gonzalo_Sanchez_de_Lozada,rotation,15.00000000,1,0.98928076,0
Gonzalo_Sanchez_de_Lozada,rotation,20.00000000,1,0.97945547,0
Gonzalo_Sanchez_de_Lozada,blur,0.00000000,1,0.99645162,0
Gonzalo_Sanchez_de_Lozada,blur,1.00000000,1,0.99564415,0
Gonzalo_Sanchez_de_Lozada,blur,2.00000000,1,0.97381186,0
Gonzalo_Sanchez_de_Lozada,blur,3.00000000,1,0.90830088,0
Gonzalo_Sanchez_de_Lozada,blur,4.00000000,1,0.82514048,0
Gonzalo_Sanchez_de_Lozada,blur,5.00000000,0,0.70884472,0
Gonzalo_Sanchez_de_Lozada,occlusion,0.00000000,1,0.99872577,0
Gonzalo_Sanchez_de_Lozada,occlusion,0.10000000,0,0.48875341,0
Gonzalo_Sanchez_de_Lozada,occlusion,0.15000000,0,nan,1
Gonzalo_Sanchez_de_Lozada,occlusion,0.20000000,0,nan,1
Gonzalo_Sanchez_de_Lozada,occlusion,0.25000000,0,nan,1
Gonzalo_Sanchez_de_Lozada,occlusion,0.30000000,0,nan,1
Gordon_Brown,gaussian,0.00000000,1,0.99999988,0
Gordon_Brown,gaussian,0.02000000,1,0.98555243,0
Gordon_Brown,gaussian,0.05000000,1,0.94489944,0
Gordon_Brown,gaussian,0.10000000,1,0.82582533,0
Gordon_Brown,gaussian,0.20000000,0,nan,1
Gordon_Brown,gaussian,0.30000000,0,nan,1
Gordon_Brown,brightness,1.00000000,1,0.99999988,0
Gordon_Brown,brightness,0.90000000,1,0.99950850,0
Gordon_Brown,brightness,0.80000000,1,0.99856883,0
Gordon_Brown,brightness,0.65000000,1,0.99515790,0
Gordon_Brown,brightness,0.50000000,1,0.98836780,0
Gordon_Brown,brightness,0.35000000,1,0.97842777,0
Gordon_Brown,rotation,0.00000000,1,0.99999988,0
Gordon_Brown,rotation,3.00000000,1,0.99634975,0
Gordon_Brown,rotation,6.00000000,1,0.99714339,0
Gordon_Brown,rotation,10.00000000,1,0.99420816,0
Gordon_Brown,rotation,15.00000000,1,0.99229187,0
Gordon_Brown,rotation,20.00000000,1,0.99277186,0
Gordon_Brown,blur,0.00000000,1,0.98588008,0
Gordon_Brown,blur,1.00000000,1,0.98287386,0
Gordon_Brown,blur,2.00000000,1,0.92964000,0
Gordon_Brown,blur,3.00000000,1,0.84387815,0
Gordon_Brown,blur,4.00000000,0,0.72709227,0
Gordon_Brown,blur,5.00000000,0,0.59381366,0
Gordon_Brown,occlusion,0.00000000,1,0.99875277,0
Gordon_Brown,occlusion,0.10000000,0,0.32634529,0
Gordon_Brown,occlusion,0.15000000,0,nan,1
Gordon_Brown,occlusion,0.20000000,0,nan,1
Gordon_Brown,occlusion,0.25000000,0,nan,1
Gordon_Brown,occlusion,0.30000000,0,nan,1
Grant_Hackett,gaussian,0.00000000,1,1.00000000,0
Grant_Hackett,gaussian,0.02000000,1,0.98322546,0
Grant_Hackett,gaussian,0.05000000,1,0.94562078,0
Grant_Hackett,gaussian,0.10000000,1,0.84797186,0
Grant_Hackett,gaussian,0.20000000,0,nan,1
Grant_Hackett,gaussian,0.30000000,0,nan,1
Grant_Hackett,brightness,1.00000000,1,1.00000000,0
Grant_Hackett,brightness,0.90000000,1,0.99935806,0
Grant_Hackett,brightness,0.80000000,1,0.99800694,0
Grant_Hackett,brightness,0.65000000,1,0.99327701,0
Grant_Hackett,brightness,0.50000000,1,0.98703188,0
Grant_Hackett,brightness,0.35000000,1,0.97029459,0
Grant_Hackett,rotation,0.00000000,1,1.00000000,0
Grant_Hackett,rotation,3.00000000,1,0.99872315,0
Grant_Hackett,rotation,6.00000000,1,0.99717540,0
Grant_Hackett,rotation,10.00000000,1,0.99708855,0
Grant_Hackett,rotation,15.00000000,1,0.99786568,0
Grant_Hackett,rotation,20.00000000,1,0.99589467,0
Grant_Hackett,blur,0.00000000,1,0.99635494,0
Grant_Hackett,blur,1.00000000,1,0.99566752,0
Grant_Hackett,blur,2.00000000,1,0.96950030,0
Grant_Hackett,blur,3.00000000,1,0.90569413,0
Grant_Hackett,blur,4.00000000,1,0.81537712,0
Grant_Hackett,blur,5.00000000,1,0.69503969,0
Grant_Hackett,occlusion,0.00000000,1,0.99900007,0
Grant_Hackett,occlusion,0.10000000,1,0.52771628,0
Grant_Hackett,occlusion,0.15000000,0,nan,1
Grant_Hackett,occlusion,0.20000000,0,nan,1
Grant_Hackett,occlusion,0.25000000,0,nan,1
Grant_Hackett,occlusion,0.30000000,0,nan,1
Gray_Davis,gaussian,0.00000000,1,1.00000000,0
Gray_Davis,gaussian,0.02000000,1,0.99138194,0
Gray_Davis,gaussian,0.05000000,1,0.96553153,0
Gray_Davis,gaussian,0.10000000,1,0.92290241,0
Gray_Davis,gaussian,0.20000000,1,0.80952018,0
Gray_Davis,gaussian,0.30000000,0,nan,1
Gray_Davis,brightness,1.00000000,1,1.00000000,0
Gray_Davis,brightness,0.90000000,1,0.99945688,0
Gray_Davis,brightness,0.80000000,1,0.99872607,0
Gray_Davis,brightness,0.65000000,1,0.99659652,0
Gray_Davis,brightness,0.50000000,1,0.99206340,0
Gray_Davis,brightness,0.35000000,1,0.98588908,0
Gray_Davis,rotation,0.00000000,1,1.00000000,0
Gray_Davis,rotation,3.00000000,1,0.99661267,0
Gray_Davis,rotation,6.00000000,1,0.99476159,0
Gray_Davis,rotation,10.00000000,1,0.99403852,0
Gray_Davis,rotation,15.00000000,1,0.99356532,0
Gray_Davis,rotation,20.00000000,1,0.99311912,0
Gray_Davis,blur,0.00000000,1,0.99541903,0
Gray_Davis,blur,1.00000000,1,0.99473751,0
Gray_Davis,blur,2.00000000,1,0.97246957,0
Gray_Davis,blur,3.00000000,1,0.92593580,0
Gray_Davis,blur,4.00000000,1,0.86191291,0
Gray_Davis,blur,5.00000000,1,0.80627626,0
Gray_Davis,occlusion,0.00000000,1,0.99910223,0
Gray_Davis,occlusion,0.10000000,0,0.38851166,0
Gray_Davis,occlusion,0.15000000,0,0.15142240,0
Gray_Davis,occlusion,0.20000000,0,nan,1
Gray_Davis,occlusion,0.25000000,0,nan,1
Gray_Davis,occlusion,0.30000000,0,nan,1
Gregg_Popovich,gaussian,0.00000000,1,1.00000000,0
Gregg_Popovich,gaussian,0.02000000,1,0.97936821,0
Gregg_Popovich,gaussian,0.05000000,1,0.90879637,0
Gregg_Popovich,gaussian,0.10000000,1,0.80798256,0
Gregg_Popovich,gaussian,0.20000000,0,nan,1
Gregg_Popovich,gaussian,0.30000000,0,nan,1
Gregg_Popovich,brightness,1.00000000,1,1.00000000,0
Gregg_Popovich,brightness,0.90000000,1,0.99915421,0
Gregg_Popovich,brightness,0.80000000,1,0.99697399,0
Gregg_Popovich,brightness,0.65000000,1,0.99156737,0
Gregg_Popovich,brightness,0.50000000,1,0.98201710,0
Gregg_Popovich,brightness,0.35000000,1,0.96965110,0
Gregg_Popovich,rotation,0.00000000,1,1.00000000,0
Gregg_Popovich,rotation,3.00000000,1,0.99604827,0
Gregg_Popovich,rotation,6.00000000,1,0.99283171,0
Gregg_Popovich,rotation,10.00000000,1,0.99185026,0
Gregg_Popovich,rotation,15.00000000,1,0.99105334,0
Gregg_Popovich,rotation,20.00000000,1,0.98513198,0
Gregg_Popovich,blur,0.00000000,1,0.99180424,0
Gregg_Popovich,blur,1.00000000,1,0.99086761,0
Gregg_Popovich,blur,2.00000000,1,0.94621444,0
Gregg_Popovich,blur,3.00000000,1,0.82562578,0
Gregg_Popovich,blur,4.00000000,0,0.70387328,0
Gregg_Popovich,blur,5.00000000,0,0.59787077,0
Gregg_Popovich,occlusion,0.00000000,1,0.99940664,0
Gregg_Popovich,occlusion,0.10000000,0,nan,1
Gregg_Popovich,occlusion,0.15000000,0,0.02479516,0
Gregg_Popovich,occlusion,0.20000000,0,0.11362605,0
Gregg_Popovich,occlusion,0.25000000,0,nan,1
Gregg_Popovich,occlusion,0.30000000,0,nan,1
Guillermo_Coria,gaussian,0.00000000,1,1.00000024,0
Guillermo_Coria,gaussian,0.02000000,1,0.96537095,0
Guillermo_Coria,gaussian,0.05000000,1,0.87082332,0
Guillermo_Coria,gaussian,0.10000000,0,0.76318014,0
Guillermo_Coria,gaussian,0.20000000,0,nan,1
Guillermo_Coria,gaussian,0.30000000,0,nan,1
Guillermo_Coria,brightness,1.00000000,1,1.00000024,0
Guillermo_Coria,brightness,0.90000000,1,0.99882984,0
Guillermo_Coria,brightness,0.80000000,1,0.99623537,0
Guillermo_Coria,brightness,0.65000000,1,0.98912239,0
Guillermo_Coria,brightness,0.50000000,1,0.97984332,0
Guillermo_Coria,brightness,0.35000000,1,0.96388662,0
Guillermo_Coria,rotation,0.00000000,1,1.00000024,0
Guillermo_Coria,rotation,3.00000000,1,0.99750262,0
Guillermo_Coria,rotation,6.00000000,1,0.99640852,0
Guillermo_Coria,rotation,10.00000000,1,0.99343270,0
Guillermo_Coria,rotation,15.00000000,1,0.99765670,0
Guillermo_Coria,rotation,20.00000000,1,0.99326152,0
Guillermo_Coria,blur,0.00000000,1,0.99337316,0
Guillermo_Coria,blur,1.00000000,1,0.99241906,0
Guillermo_Coria,blur,2.00000000,1,0.95765841,0
Guillermo_Coria,blur,3.00000000,1,0.87247342,0
Guillermo_Coria,blur,4.00000000,0,0.73377943,0
Guillermo_Coria,blur,5.00000000,0,0.62762165,0
Guillermo_Coria,occlusion,0.00000000,1,0.99877208,0
Guillermo_Coria,occlusion,0.10000000,0,0.37879997,0
Guillermo_Coria,occlusion,0.15000000,0,0.16392037,0
Guillermo_Coria,occlusion,0.20000000,0,nan,1
Guillermo_Coria,occlusion,0.25000000,0,nan,1
Guillermo_Coria,occlusion,0.30000000,0,nan,1
Gunter_Pleuger,gaussian,0.00000000,1,0.99999988,0
Gunter_Pleuger,gaussian,0.02000000,1,0.98734957,0
Gunter_Pleuger,gaussian,0.05000000,1,0.94720089,0
Gunter_Pleuger,gaussian,0.10000000,1,0.86781836,0
Gunter_Pleuger,gaussian,0.20000000,0,nan,1
Gunter_Pleuger,gaussian,0.30000000,0,nan,1
Gunter_Pleuger,brightness,1.00000000,1,0.99999988,0
Gunter_Pleuger,brightness,0.90000000,1,0.99913323,0
Gunter_Pleuger,brightness,0.80000000,1,0.99779975,0
Gunter_Pleuger,brightness,0.65000000,1,0.99445999,0
Gunter_Pleuger,brightness,0.50000000,1,0.99025619,0
Gunter_Pleuger,brightness,0.35000000,1,0.98303950,0
Gunter_Pleuger,rotation,0.00000000,1,0.99999988,0
Gunter_Pleuger,rotation,3.00000000,1,0.99738324,0
Gunter_Pleuger,rotation,6.00000000,1,0.99499476,0
Gunter_Pleuger,rotation,10.00000000,1,0.99232221,0
Gunter_Pleuger,rotation,15.00000000,1,0.98333216,0
Gunter_Pleuger,rotation,20.00000000,1,0.99384725,0
Gunter_Pleuger,blur,0.00000000,1,0.99520522,0
Gunter_Pleuger,blur,1.00000000,1,0.99424398,0
Gunter_Pleuger,blur,2.00000000,1,0.96527058,0
Gunter_Pleuger,blur,3.00000000,1,0.90243804,0
Gunter_Pleuger,blur,4.00000000,1,0.80930579,0
Gunter_Pleuger,blur,5.00000000,1,0.68579948,0
Gunter_Pleuger,occlusion,0.00000000,1,0.99880445,0
Gunter_Pleuger,occlusion,0.10000000,0,nan,1
Gunter_Pleuger,occlusion,0.15000000,0,nan,1
Gunter_Pleuger,occlusion,0.20000000,0,nan,1
Gunter_Pleuger,occlusion,0.25000000,0,nan,1
Gunter_Pleuger,occlusion,0.30000000,0,nan,1
Gwyneth_Paltrow,gaussian,0.00000000,1,0.99999994,0
Gwyneth_Paltrow,gaussian,0.02000000,1,0.98978972,0
Gwyneth_Paltrow,gaussian,0.05000000,1,0.94060862,0
Gwyneth_Paltrow,gaussian,0.10000000,1,0.84894896,0
Gwyneth_Paltrow,gaussian,0.20000000,0,nan,1
Gwyneth_Paltrow,gaussian,0.30000000,0,nan,1
Gwyneth_Paltrow,brightness,1.00000000,1,0.99999994,0
Gwyneth_Paltrow,brightness,0.90000000,1,0.99807799,0
Gwyneth_Paltrow,brightness,0.80000000,1,0.99537343,0
Gwyneth_Paltrow,brightness,0.65000000,1,0.99193227,0
Gwyneth_Paltrow,brightness,0.50000000,1,0.98571360,0
Gwyneth_Paltrow,brightness,0.35000000,1,0.97516453,0
Gwyneth_Paltrow,rotation,0.00000000,1,0.99999994,0
Gwyneth_Paltrow,rotation,3.00000000,1,0.99596775,0
Gwyneth_Paltrow,rotation,6.00000000,1,0.99570644,0
Gwyneth_Paltrow,rotation,10.00000000,1,0.99433899,0
Gwyneth_Paltrow,rotation,15.00000000,1,0.99507183,0
Gwyneth_Paltrow,rotation,20.00000000,1,0.99120373,0
Gwyneth_Paltrow,blur,0.00000000,1,0.98903900,0
Gwyneth_Paltrow,blur,1.00000000,1,0.98750740,0
Gwyneth_Paltrow,blur,2.00000000,1,0.93829829,0
Gwyneth_Paltrow,blur,3.00000000,1,0.86202145,0
Gwyneth_Paltrow,blur,4.00000000,1,0.76633996,0
Gwyneth_Paltrow,blur,5.00000000,0,0.63836181,0
Gwyneth_Paltrow,occlusion,0.00000000,1,0.99905717,0
Gwyneth_Paltrow,occlusion,0.10000000,0,0.28035039,0
Gwyneth_Paltrow,occlusion,0.15000000,0,nan,1
Gwyneth_Paltrow,occlusion,0.20000000,0,nan,1
Gwyneth_Paltrow,occlusion,0.25000000,0,nan,1
Gwyneth_Paltrow,occlusion,0.30000000,0,nan,1
Habib_Rizieq,gaussian,0.00000000,1,0.99999988,0
Habib_Rizieq,gaussian,0.02000000,1,0.98978209,0
Habib_Rizieq,gaussian,0.05000000,1,0.96259046,0
Habib_Rizieq,gaussian,0.10000000,1,0.85865837,0
Habib_Rizieq,gaussian,0.20000000,0,nan,1
Habib_Rizieq,gaussian,0.30000000,0,nan,1
Habib_Rizieq,brightness,1.00000000,1,0.99999988,0
Habib_Rizieq,brightness,0.90000000,1,0.99938595,0
Habib_Rizieq,brightness,0.80000000,1,0.99844313,0
Habib_Rizieq,brightness,0.65000000,1,0.99565816,0
Habib_Rizieq,brightness,0.50000000,1,0.99124169,0
Habib_Rizieq,brightness,0.35000000,1,0.98208392,0
Habib_Rizieq,rotation,0.00000000,1,0.99999988,0
Habib_Rizieq,rotation,3.00000000,1,0.99606526,0
Habib_Rizieq,rotation,6.00000000,1,0.99607092,0
Habib_Rizieq,rotation,10.00000000,1,0.99725479,0
Habib_Rizieq,rotation,15.00000000,1,0.99434173,0
Habib_Rizieq,rotation,20.00000000,1,0.99144208,0
Habib_Rizieq,blur,0.00000000,1,0.99287015,0
Habib_Rizieq,blur,1.00000000,1,0.99164057,0
Habib_Rizieq,blur,2.00000000,1,0.94765639,0
Habib_Rizieq,blur,3.00000000,1,0.84877968,0
Habib_Rizieq,blur,4.00000000,0,0.74168348,0
Habib_Rizieq,blur,5.00000000,0,0.64350736,0
Habib_Rizieq,occlusion,0.00000000,1,0.99839121,0
Habib_Rizieq,occlusion,0.10000000,0,-0.07030250,0
Habib_Rizieq,occlusion,0.15000000,0,0.09490861,0
Habib_Rizieq,occlusion,0.20000000,0,0.09576524,0
Habib_Rizieq,occlusion,0.25000000,0,0.09415007,0
Habib_Rizieq,occlusion,0.30000000,0,0.09965992,0
Hal_Gehman,gaussian,0.00000000,1,1.00000012,0
Hal_Gehman,gaussian,0.02000000,1,0.98185110,0
Hal_Gehman,gaussian,0.05000000,1,0.90683222,0
Hal_Gehman,gaussian,0.10000000,1,0.82153594,0
Hal_Gehman,gaussian,0.20000000,0,nan,1
Hal_Gehman,gaussian,0.30000000,0,nan,1
Hal_Gehman,brightness,1.00000000,1,1.00000012,0
Hal_Gehman,brightness,0.90000000,1,0.99908829,0
Hal_Gehman,brightness,0.80000000,1,0.99743134,0
Hal_Gehman,brightness,0.65000000,1,0.99482751,0
Hal_Gehman,brightness,0.50000000,1,0.98837924,0
Hal_Gehman,brightness,0.35000000,1,0.97920793,0
Hal_Gehman,rotation,0.00000000,1,1.00000012,0
Hal_Gehman,rotation,3.00000000,1,0.99517322,0
Hal_Gehman,rotation,6.00000000,1,0.99344099,0
Hal_Gehman,rotation,10.00000000,1,0.98831964,0
Hal_Gehman,rotation,15.00000000,1,0.98671877,0
Hal_Gehman,rotation,20.00000000,1,0.99068594,0
Hal_Gehman,blur,0.00000000,1,0.99039215,0
Hal_Gehman,blur,1.00000000,1,0.98840237,0
Hal_Gehman,blur,2.00000000,1,0.91692787,0
Hal_Gehman,blur,3.00000000,0,0.81324530,0
Hal_Gehman,blur,4.00000000,0,0.70709568,0
Hal_Gehman,blur,5.00000000,0,0.61321592,0
Hal_Gehman,occlusion,0.00000000,1,0.99710995,0
Hal_Gehman,occlusion,0.10000000,0,nan,1
Hal_Gehman,occlusion,0.15000000,0,nan,1
Hal_Gehman,occlusion,0.20000000,0,nan,1
Hal_Gehman,occlusion,0.25000000,0,nan,1
Hal_Gehman,occlusion,0.30000000,0,nan,1
Halle_Berry,gaussian,0.00000000,1,1.00000000,0
Halle_Berry,gaussian,0.02000000,1,0.97399527,0
Halle_Berry,gaussian,0.05000000,1,0.92556751,0
Halle_Berry,gaussian,0.10000000,1,0.80970472,0
Halle_Berry,gaussian,0.20000000,0,nan,1
Halle_Berry,gaussian,0.30000000,0,nan,1
Halle_Berry,brightness,1.00000000,1,1.00000000,0
Halle_Berry,brightness,0.90000000,1,0.99910939,0
Halle_Berry,brightness,0.80000000,1,0.99792880,0
Halle_Berry,brightness,0.65000000,1,0.99448079,0
Halle_Berry,brightness,0.50000000,1,0.98716474,0
Halle_Berry,brightness,0.35000000,1,0.97635448,0
Halle_Berry,rotation,0.00000000,1,1.00000000,0
Halle_Berry,rotation,3.00000000,1,0.99696606,0
Halle_Berry,rotation,6.00000000,1,0.99654305,0
Halle_Berry,rotation,10.00000000,1,0.99694777,0
Halle_Berry,rotation,15.00000000,1,0.99769652,0
Halle_Berry,rotation,20.00000000,1,0.99317819,0
Halle_Berry,blur,0.00000000,1,0.99661469,0
Halle_Berry,blur,1.00000000,1,0.99597371,0
Halle_Berry,blur,2.00000000,1,0.96955311,0
Halle_Berry,blur,3.00000000,1,0.89991009,0
Halle_Berry,blur,4.00000000,1,0.79115814,0
Halle_Berry,blur,5.00000000,1,0.69131678,0
Halle_Berry,occlusion,0.00000000,1,0.99836773,0
Halle_Berry,occlusion,0.10000000,0,0.40552634,0
Halle_Berry,occlusion,0.15000000,0,0.26127607,0
Halle_Berry,occlusion,0.20000000,0,nan,1
Halle_Berry,occlusion,0.25000000,0,nan,1
Halle_Berry,occlusion,0.30000000,0,nan,1
Hamid_Karzai,gaussian,0.00000000,1,1.00000012,0
Hamid_Karzai,gaussian,0.02000000,1,0.99165070,0
Hamid_Karzai,gaussian,0.05000000,1,0.95747077,0
Hamid_Karzai,gaussian,0.10000000,1,0.87539160,0
Hamid_Karzai,gaussian,0.20000000,0,nan,1
Hamid_Karzai,gaussian,0.30000000,0,nan,1
Hamid_Karzai,brightness,1.00000000,1,1.00000012,0
Hamid_Karzai,brightness,0.90000000,1,0.99898446,0
Hamid_Karzai,brightness,0.80000000,1,0.99716234,0
Hamid_Karzai,brightness,0.65000000,1,0.99367130,0
Hamid_Karzai,brightness,0.50000000,1,0.99039853,0
Hamid_Karzai,brightness,0.35000000,1,0.98500025,0
Hamid_Karzai,rotation,0.00000000,1,1.00000012,0
Hamid_Karzai,rotation,3.00000000,1,0.99485213,0
Hamid_Karzai,rotation,6.00000000,1,0.99640858,0
Hamid_Karzai,rotation,10.00000000,1,0.99536276,0
Hamid_Karzai,rotation,15.00000000,1,0.99427313,0
Hamid_Karzai,rotation,20.00000000,1,0.99558109,0
Hamid_Karzai,blur,0.00000000,1,0.99107838,0
Hamid_Karzai,blur,1.00000000,1,0.98928297,0
Hamid_Karzai,blur,2.00000000,1,0.93206996,0
Hamid_Karzai,blur,3.00000000,1,0.85534614,0
Hamid_Karzai,blur,4.00000000,0,0.77888113,0
Hamid_Karzai,blur,5.00000000,0,0.67648941,0
Hamid_Karzai,occlusion,0.00000000,1,0.99843055,0
Hamid_Karzai,occlusion,0.10000000,0,nan,1
Hamid_Karzai,occlusion,0.15000000,0,nan,1
Hamid_Karzai,occlusion,0.20000000,0,nan,1
Hamid_Karzai,occlusion,0.25000000,0,nan,1
Hamid_Karzai,occlusion,0.30000000,0,nan,1
Hans_Blix,gaussian,0.00000000,0,1.00000000,0
Hans_Blix,gaussian,0.02000000,0,0.86384118,0
Hans_Blix,gaussian,0.05000000,1,0.02776581,0
Hans_Blix,gaussian,0.10000000,0,0.04390873,0
Hans_Blix,gaussian,0.20000000,0,nan,1
Hans_Blix,gaussian,0.30000000,0,nan,1
Hans_Blix,brightness,1.00000000,0,1.00000000,0
Hans_Blix,brightness,0.90000000,0,0.99789709,0
Hans_Blix,brightness,0.80000000,0,0.99406499,0
Hans_Blix,brightness,0.65000000,0,0.98345071,0
Hans_Blix,brightness,0.50000000,0,0.95753551,0
Hans_Blix,brightness,0.35000000,0,0.91021240,0
Hans_Blix,rotation,0.00000000,0,1.00000000,0
Hans_Blix,rotation,3.00000000,1,0.02035500,0
Hans_Blix,rotation,6.00000000,0,0.95918000,0
Hans_Blix,rotation,10.00000000,1,0.02230144,0
Hans_Blix,rotation,15.00000000,0,0.02115437,0
Hans_Blix,rotation,20.00000000,1,0.01664785,0
Hans_Blix,blur,0.00000000,0,0.97117352,0
Hans_Blix,blur,1.00000000,0,0.96614593,0
Hans_Blix,blur,2.00000000,1,0.02153095,0
Hans_Blix,blur,3.00000000,0,-0.00650942,0
Hans_Blix,blur,4.00000000,0,-0.03374853,0
Hans_Blix,blur,5.00000000,0,-0.04178525,0
Hans_Blix,occlusion,0.00000000,0,0.99999857,0
Hans_Blix,occlusion,0.10000000,0,0.99992466,0
Hans_Blix,occlusion,0.15000000,0,0.99988091,0
Hans_Blix,occlusion,0.20000000,0,0.99963415,0
Hans_Blix,occlusion,0.25000000,0,0.99976820,0
Hans_Blix,occlusion,0.30000000,0,0.99336672,0
Harrison_Ford,gaussian,0.00000000,1,1.00000000,0
Harrison_Ford,gaussian,0.02000000,1,0.99270266,0
Harrison_Ford,gaussian,0.05000000,1,0.96052539,0
Harrison_Ford,gaussian,0.10000000,1,0.89775133,0
Harrison_Ford,gaussian,0.20000000,0,nan,1
Harrison_Ford,gaussian,0.30000000,0,nan,1
Harrison_Ford,brightness,1.00000000,1,1.00000000,0
Harrison_Ford,brightness,0.90000000,1,0.99888444,0
Harrison_Ford,brightness,0.80000000,1,0.99684620,0
Harrison_Ford,brightness,0.65000000,1,0.99277139,0
Harrison_Ford,brightness,0.50000000,1,0.98437750,0
Harrison_Ford,brightness,0.35000000,1,0.97484988,0
Harrison_Ford,rotation,0.00000000,1,1.00000000,0
Harrison_Ford,rotation,3.00000000,1,0.99548554,0
Harrison_Ford,rotation,6.00000000,1,0.98962325,0
Harrison_Ford,rotation,10.00000000,1,0.98522848,0
Harrison_Ford,rotation,15.00000000,1,0.98553777,0
Harrison_Ford,rotation,20.00000000,1,0.98377597,0
Harrison_Ford,blur,0.00000000,1,0.99249417,0
Harrison_Ford,blur,1.00000000,1,0.99090385,0
Harrison_Ford,blur,2.00000000,1,0.94686913,0
Harrison_Ford,blur,3.00000000,1,0.88273513,0
Harrison_Ford,blur,4.00000000,1,0.82204771,0
Harrison_Ford,blur,5.00000000,0,0.76054060,0
Harrison_Ford,occlusion,0.00000000,1,0.99893928,0
Harrison_Ford,occlusion,0.10000000,0,0.28868997,0
Harrison_Ford,occlusion,0.15000000,0,0.01045040,0
Harrison_Ford,occlusion,0.20000000,0,0.01281189,0
Harrison_Ford,occlusion,0.25000000,0,nan,1
Harrison_Ford,occlusion,0.30000000,0,nan,1
Heidi_Klum,gaussian,0.00000000,1,1.00000000,0
Heidi_Klum,gaussian,0.02000000,1,0.98307604,0
Heidi_Klum,gaussian,0.05000000,1,0.92964840,0
Heidi_Klum,gaussian,0.10000000,0,0.80615687,0
Heidi_Klum,gaussian,0.20000000,0,nan,1
Heidi_Klum,gaussian,0.30000000,0,nan,1
Heidi_Klum,brightness,1.00000000,1,1.00000000,0
Heidi_Klum,brightness,0.90000000,1,0.99888182,0
Heidi_Klum,brightness,0.80000000,1,0.99698341,0
Heidi_Klum,brightness,0.65000000,1,0.99309444,0
Heidi_Klum,brightness,0.50000000,1,0.98570335,0
Heidi_Klum,brightness,0.35000000,1,0.97167915,0
Heidi_Klum,rotation,0.00000000,1,1.00000000,0
Heidi_Klum,rotation,3.00000000,1,0.99677330,0
Heidi_Klum,rotation,6.00000000,1,0.99607444,0
Heidi_Klum,rotation,10.00000000,1,0.99057877,0
Heidi_Klum,rotation,15.00000000,1,0.99096823,0
Heidi_Klum,rotation,20.00000000,1,0.98469388,0
Heidi_Klum,blur,0.00000000,1,0.99367118,0
Heidi_Klum,blur,1.00000000,1,0.99177802,0
Heidi_Klum,blur,2.00000000,1,0.94030619,0
Heidi_Klum,blur,3.00000000,1,0.84938836,0
Heidi_Klum,blur,4.00000000,1,0.76968014,0
Heidi_Klum,blur,5.00000000,0,0.66693181,0
Heidi_Klum,occlusion,0.00000000,1,0.99871415,0
Heidi_Klum,occlusion,0.10000000,0,0.28103107,0
Heidi_Klum,occlusion,0.15000000,0,nan,1
Heidi_Klum,occlusion,0.20000000,0,nan,1
Heidi_Klum,occlusion,0.25000000,0,nan,1
Heidi_Klum,occlusion,0.30000000,0,nan,1
Heizo_Takenaka,gaussian,0.00000000,1,1.00000000,0
Heizo_Takenaka,gaussian,0.02000000,1,0.99214041,0
Heizo_Takenaka,gaussian,0.05000000,1,0.95269209,0
Heizo_Takenaka,gaussian,0.10000000,1,0.92404646,0
Heizo_Takenaka,gaussian,0.20000000,0,nan,1
Heizo_Takenaka,gaussian,0.30000000,0,nan,1
Heizo_Takenaka,brightness,1.00000000,1,1.00000000,0
Heizo_Takenaka,brightness,0.90000000,1,0.99939978,0
Heizo_Takenaka,brightness,0.80000000,1,0.99820590,0
Heizo_Takenaka,brightness,0.65000000,1,0.99467206,0
Heizo_Takenaka,brightness,0.50000000,1,0.99060047,0
Heizo_Takenaka,brightness,0.35000000,1,0.98207819,0
Heizo_Takenaka,rotation,0.00000000,1,1.00000000,0
Heizo_Takenaka,rotation,3.00000000,1,0.99787140,0
Heizo_Takenaka,rotation,6.00000000,1,0.99739331,0
Heizo_Takenaka,rotation,10.00000000,1,0.99632120,0
Heizo_Takenaka,rotation,15.00000000,1,0.99473774,0
Heizo_Takenaka,rotation,20.00000000,1,0.99380988,0
Heizo_Takenaka,blur,0.00000000,1,0.99401850,0
Heizo_Takenaka,blur,1.00000000,1,0.99301296,0
Heizo_Takenaka,blur,2.00000000,1,0.97031283,0
Heizo_Takenaka,blur,3.00000000,1,0.92702878,0
Heizo_Takenaka,blur,4.00000000,1,0.85265559,0
Heizo_Takenaka,blur,5.00000000,1,0.76195240,0
Heizo_Takenaka,occlusion,0.00000000,1,0.99925542,0
Heizo_Takenaka,occlusion,0.10000000,0,0.12407570,0
Heizo_Takenaka,occlusion,0.15000000,0,nan,1
Heizo_Takenaka,occlusion,0.20000000,0,nan,1
Heizo_Takenaka,occlusion,0.25000000,0,nan,1
Heizo_Takenaka,occlusion,0.30000000,0,nan,1
Hillary_Clinton,gaussian,0.00000000,1,0.99999988,0
Hillary_Clinton,gaussian,0.02000000,1,0.98803937,0
Hillary_Clinton,gaussian,0.05000000,1,0.95043182,0
Hillary_Clinton,gaussian,0.10000000,1,0.83259344,0
Hillary_Clinton,gaussian,0.20000000,0,nan,1
Hillary_Clinton,gaussian,0.30000000,0,nan,1
Hillary_Clinton,brightness,1.00000000,1,0.99999988,0
Hillary_Clinton,brightness,0.90000000,1,0.99886048,0
Hillary_Clinton,brightness,0.80000000,1,0.99689209,0
Hillary_Clinton,brightness,0.65000000,1,0.99283826,0
Hillary_Clinton,brightness,0.50000000,1,0.98594862,0
Hillary_Clinton,brightness,0.35000000,1,0.97593457,0
Hillary_Clinton,rotation,0.00000000,1,0.99999988,0
Hillary_Clinton,rotation,3.00000000,1,0.99707711,0
Hillary_Clinton,rotation,6.00000000,1,0.99617350,0
Hillary_Clinton,rotation,10.00000000,1,0.99593979,0
Hillary_Clinton,rotation,15.00000000,1,0.99778736,0
Hillary_Clinton,rotation,20.00000000,1,0.99646962,0
Hillary_Clinton,blur,0.00000000,1,0.99640864,0
Hillary_Clinton,blur,1.00000000,1,0.99600881,0
Hillary_Clinton,blur,2.00000000,1,0.97092068,0
Hillary_Clinton,blur,3.00000000,1,0.90239453,0
Hillary_Clinton,blur,4.00000000,1,0.80541527,0
Hillary_Clinton,blur,5.00000000,1,0.71394891,0
Hillary_Clinton,occlusion,0.00000000,1,0.99883360,0
Hillary_Clinton,occlusion,0.10000000,0,0.00618396,0
Hillary_Clinton,occlusion,0.15000000,0,0.01260622,0
Hillary_Clinton,occlusion,0.20000000,0,0.01057019,0
Hillary_Clinton,occlusion,0.25000000,0,-0.00228455,0
Hillary_Clinton,occlusion,0.30000000,0,0.00329838,0
Hitomi_Soga,gaussian,0.00000000,1,1.00000000,0
Hitomi_Soga,gaussian,0.02000000,1,0.98062342,0
Hitomi_Soga,gaussian,0.05000000,1,0.91607833,0
Hitomi_Soga,gaussian,0.10000000,1,0.79719913,0
Hitomi_Soga,gaussian,0.20000000,0,nan,1
Hitomi_Soga,gaussian,0.30000000,0,nan,1
Hitomi_Soga,brightness,1.00000000,1,1.00000000,0
Hitomi_Soga,brightness,0.90000000,1,0.99920559,0
Hitomi_Soga,brightness,0.80000000,1,0.99791509,0
Hitomi_Soga,brightness,0.65000000,1,0.99418777,0
Hitomi_Soga,brightness,0.50000000,1,0.98843557,0
Hitomi_Soga,brightness,0.35000000,1,0.97775930,0
Hitomi_Soga,rotation,0.00000000,1,1.00000000,0
Hitomi_Soga,rotation,3.00000000,1,0.99818504,0
Hitomi_Soga,rotation,6.00000000,1,0.99696749,0
Hitomi_Soga,rotation,10.00000000,1,0.99839723,0
Hitomi_Soga,rotation,15.00000000,1,0.99383354,0
Hitomi_Soga,rotation,20.00000000,1,0.98656619,0
Hitomi_Soga,blur,0.00000000,1,0.99459857,0
Hitomi_Soga,blur,1.00000000,1,0.99346983,0
Hitomi_Soga,blur,2.00000000,1,0.96053523,0
Hitomi_Soga,blur,3.00000000,1,0.87772834,0
Hitomi_Soga,blur,4.00000000,1,0.75068194,0
Hitomi_Soga,blur,5.00000000,0,0.63098139,0
Hitomi_Soga,occlusion,0.00000000,1,0.99782503,0
Hitomi_Soga,occlusion,0.10000000,0,0.01141950,0
Hitomi_Soga,occlusion,0.15000000,0,0.00910187,0
Hitomi_Soga,occlusion,0.20000000,0,0.00911672,0
Hitomi_Soga,occlusion,0.25000000,0,0.00452326,0
Hitomi_Soga,occlusion,0.30000000,0,0.00923491,0
Holly_Hunter,gaussian,0.00000000,1,1.00000000,0
Holly_Hunter,gaussian,0.02000000,1,0.97988868,0
Holly_Hunter,gaussian,0.05000000,1,0.91969556,0
Holly_Hunter,gaussian,0.10000000,1,0.77816510,0
Holly_Hunter,gaussian,0.20000000,0,nan,1
Holly_Hunter,gaussian,0.30000000,0,nan,1
Holly_Hunter,brightness,1.00000000,1,1.00000000,0
Holly_Hunter,brightness,0.90000000,1,0.99886394,0
Holly_Hunter,brightness,0.80000000,1,0.99781317,0
Holly_Hunter,brightness,0.65000000,1,0.99373543,0
Holly_Hunter,brightness,0.50000000,1,0.98767978,0
Holly_Hunter,brightness,0.35000000,1,0.97630894,0
Holly_Hunter,rotation,0.00000000,1,1.00000000,0
Holly_Hunter,rotation,3.00000000,1,0.99778080,0
Holly_Hunter,rotation,6.00000000,1,0.99734253,0
Holly_Hunter,rotation,10.00000000,1,0.99502975,0
Holly_Hunter,rotation,15.00000000,1,0.99131167,0
Holly_Hunter,rotation,20.00000000,1,0.98977357,0
Holly_Hunter,blur,0.00000000,1,0.99440062,0
Holly_Hunter,blur,1.00000000,1,0.99354017,0
Holly_Hunter,blur,2.00000000,1,0.97006255,0
Holly_Hunter,blur,3.00000000,1,0.91580439,0
Holly_Hunter,blur,4.00000000,1,0.81301546,0
Holly_Hunter,blur,5.00000000,1,0.68851388,0
Holly_Hunter,occlusion,0.00000000,1,0.99865043,0
Holly_Hunter,occlusion,0.10000000,0,0.07393911,0
Holly_Hunter,occlusion,0.15000000,0,nan,1
Holly_Hunter,occlusion,0.20000000,0,nan,1
Holly_Hunter,occlusion,0.25000000,0,nan,1
Holly_Hunter,occlusion,0.30000000,0,nan,1
Hosni_Mubarak,gaussian,0.00000000,1,1.00000000,0
Hosni_Mubarak,gaussian,0.02000000,1,0.99104488,0
Hosni_Mubarak,gaussian,0.05000000,1,0.96355844,0
Hosni_Mubarak,gaussian,0.10000000,1,0.90389419,0
Hosni_Mubarak,gaussian,0.20000000,0,nan,1
Hosni_Mubarak,gaussian,0.30000000,0,nan,1
Hosni_Mubarak,brightness,1.00000000,1,1.00000000,0
Hosni_Mubarak,brightness,0.90000000,1,0.99949896,0
Hosni_Mubarak,brightness,0.80000000,1,0.99869049,0
Hosni_Mubarak,brightness,0.65000000,1,0.99682653,0
Hosni_Mubarak,brightness,0.50000000,1,0.99254709,0
Hosni_Mubarak,brightness,0.35000000,1,0.98382193,0
Hosni_Mubarak,rotation,0.00000000,1,1.00000000,0
Hosni_Mubarak,rotation,3.00000000,1,0.99675852,0
Hosni_Mubarak,rotation,6.00000000,1,0.99687076,0
Hosni_Mubarak,rotation,10.00000000,1,0.99680567,0
Hosni_Mubarak,rotation,15.00000000,1,0.99655604,0
Hosni_Mubarak,rotation,20.00000000,1,0.98914015,0
Hosni_Mubarak,blur,0.00000000,1,0.99317718,0
Hosni_Mubarak,blur,1.00000000,1,0.99230272,0
Hosni_Mubarak,blur,2.00000000,1,0.96092051,0
Hosni_Mubarak,blur,3.00000000,1,0.90295017,0
Hosni_Mubarak,blur,4.00000000,1,0.78945410,0
Hosni_Mubarak,blur,5.00000000,1,0.65496463,0
Hosni_Mubarak,occlusion,0.00000000,1,0.99942744,0
Hosni_Mubarak,occlusion,0.10000000,0,0.41789848,0
Hosni_Mubarak,occlusion,0.15000000,0,nan,1
Hosni_Mubarak,occlusion,0.20000000,0,nan,1
Hosni_Mubarak,occlusion,0.25000000,0,nan,1
Hosni_Mubarak,occlusion,0.30000000,0,nan,1
Howard_Dean,gaussian,0.00000000,1,1.00000012,0
Howard_Dean,gaussian,0.02000000,1,0.98979038,0
Howard_Dean,gaussian,0.05000000,1,0.95863950,0
Howard_Dean,gaussian,0.10000000,1,0.86788785,0
Howard_Dean,gaussian,0.20000000,0,nan,1
Howard_Dean,gaussian,0.30000000,0,nan,1
Howard_Dean,brightness,1.00000000,1,1.00000012,0
Howard_Dean,brightness,0.90000000,1,0.99957037,0
Howard_Dean,brightness,0.80000000,1,0.99848866,0
Howard_Dean,brightness,0.65000000,1,0.99609011,0
Howard_Dean,brightness,0.50000000,1,0.99091339,0
Howard_Dean,brightness,0.35000000,1,0.98357034,0
Howard_Dean,rotation,0.00000000,1,1.00000012,0
Howard_Dean,rotation,3.00000000,1,0.99647027,0
Howard_Dean,rotation,6.00000000,1,0.99630690,0
Howard_Dean,rotation,10.00000000,1,0.99580956,0
Howard_Dean,rotation,15.00000000,1,0.99298602,0
Howard_Dean,rotation,20.00000000,1,0.98877525,0
Howard_Dean,blur,0.00000000,1,0.99337077,0
Howard_Dean,blur,1.00000000,1,0.99169964,0
Howard_Dean,blur,2.00000000,1,0.94645625,0
Howard_Dean,blur,3.00000000,1,0.87047756,0
Howard_Dean,blur,4.00000000,1,0.76905352,0
Howard_Dean,blur,5.00000000,1,0.60099411,0
Howard_Dean,occlusion,0.00000000,1,0.99943256,0
Howard_Dean,occlusion,0.10000000,0,0.39881188,0
Howard_Dean,occlusion,0.15000000,0,nan,1
Howard_Dean,occlusion,0.20000000,0,nan,1
Howard_Dean,occlusion,0.25000000,0,nan,1
Howard_Dean,occlusion,0.30000000,0,nan,1
Hu_Jintao,gaussian,0.00000000,1,1.00000000,0
Hu_Jintao,gaussian,0.02000000,1,0.98663253,0
Hu_Jintao,gaussian,0.05000000,1,0.95683110,0
Hu_Jintao,gaussian,0.10000000,0,0.84867048,0
Hu_Jintao,gaussian,0.20000000,0,nan,1
Hu_Jintao,gaussian,0.30000000,0,nan,1
Hu_Jintao,brightness,1.00000000,1,1.00000000,0
Hu_Jintao,brightness,0.90000000,1,0.99939668,0
Hu_Jintao,brightness,0.80000000,1,0.99818063,0
Hu_Jintao,brightness,0.65000000,1,0.99477184,0
Hu_Jintao,brightness,0.50000000,1,0.98822004,0
Hu_Jintao,brightness,0.35000000,1,0.97952259,0
Hu_Jintao,rotation,0.00000000,1,1.00000000,0
Hu_Jintao,rotation,3.00000000,1,0.99706250,0
Hu_Jintao,rotation,6.00000000,1,0.99534667,0
Hu_Jintao,rotation,10.00000000,1,0.99515879,0
Hu_Jintao,rotation,15.00000000,1,0.99448055,0
Hu_Jintao,rotation,20.00000000,1,0.99456537,0
Hu_Jintao,blur,0.00000000,1,0.99516308,0
Hu_Jintao,blur,1.00000000,1,0.99408227,0
Hu_Jintao,blur,2.00000000,1,0.96681273,0
Hu_Jintao,blur,3.00000000,1,0.88568461,0
Hu_Jintao,blur,4.00000000,1,0.79341483,0
Hu_Jintao,blur,5.00000000,1,0.66526610,0
Hu_Jintao,occlusion,0.00000000,1,0.99883336,0
Hu_Jintao,occlusion,0.10000000,0,0.41984457,0
Hu_Jintao,occlusion,0.15000000,0,nan,1
Hu_Jintao,occlusion,0.20000000,0,nan,1
Hu_Jintao,occlusion,0.25000000,0,nan,1
Hu_Jintao,occlusion,0.30000000,0,nan,1
Hugh_Grant,gaussian,0.00000000,1,1.00000000,0
Hugh_Grant,gaussian,0.02000000,1,0.98658329,0
Hugh_Grant,gaussian,0.05000000,1,0.93440956,0
Hugh_Grant,gaussian,0.10000000,1,0.84573478,0
Hugh_Grant,gaussian,0.20000000,0,nan,1
Hugh_Grant,gaussian,0.30000000,0,nan,1
Hugh_Grant,brightness,1.00000000,1,1.00000000,0
Hugh_Grant,brightness,0.90000000,1,0.99935091,0
Hugh_Grant,brightness,0.80000000,1,0.99809337,0
Hugh_Grant,brightness,0.65000000,1,0.99540257,0
Hugh_Grant,brightness,0.50000000,1,0.98905039,0
Hugh_Grant,brightness,0.35000000,1,0.98202944,0
Hugh_Grant,rotation,0.00000000,1,1.00000000,0
Hugh_Grant,rotation,3.00000000,1,0.99702871,0
Hugh_Grant,rotation,6.00000000,1,0.99672741,0
Hugh_Grant,rotation,10.00000000,1,0.99528182,0
Hugh_Grant,rotation,15.00000000,1,0.99489450,0
Hugh_Grant,rotation,20.00000000,1,0.99750459,0
Hugh_Grant,blur,0.00000000,1,0.99542969,0
Hugh_Grant,blur,1.00000000,1,0.99456817,0
Hugh_Grant,blur,2.00000000,1,0.95592153,0
Hugh_Grant,blur,3.00000000,1,0.84938610,0
Hugh_Grant,blur,4.00000000,0,0.74196047,0
Hugh_Grant,blur,5.00000000,0,0.65879959,0
Hugh_Grant,occlusion,0.00000000,1,0.99913573,0
Hugh_Grant,occlusion,0.10000000,0,0.39905861,0
Hugh_Grant,occlusion,0.15000000,0,nan,1
Hugh_Grant,occlusion,0.20000000,0,nan,1
Hugh_Grant,occlusion,0.25000000,0,nan,1
Hugh_Grant,occlusion,0.30000000,0,nan,1
Hugo_Chavez,gaussian,0.00000000,1,0.99999994,0
Hugo_Chavez,gaussian,0.02000000,1,0.99203974,0
Hugo_Chavez,gaussian,0.05000000,1,0.95243323,0
Hugo_Chavez,gaussian,0.10000000,1,0.92850828,0
Hugo_Chavez,gaussian,0.20000000,0,nan,1
Hugo_Chavez,gaussian,0.30000000,0,nan,1
Hugo_Chavez,brightness,1.00000000,1,0.99999994,0
Hugo_Chavez,brightness,0.90000000,1,0.99942648,0
Hugo_Chavez,brightness,0.80000000,1,0.99850559,0
Hugo_Chavez,brightness,0.65000000,1,0.99654180,0
Hugo_Chavez,brightness,0.50000000,1,0.99292016,0
Hugo_Chavez,brightness,0.35000000,1,0.98736972,0
Hugo_Chavez,rotation,0.00000000,1,0.99999994,0
Hugo_Chavez,rotation,3.00000000,1,0.99810821,0
Hugo_Chavez,rotation,6.00000000,1,0.99756640,0
Hugo_Chavez,rotation,10.00000000,1,0.99725783,0
Hugo_Chavez,rotation,15.00000000,1,0.99785775,0
Hugo_Chavez,rotation,20.00000000,1,0.99911076,0
Hugo_Chavez,blur,0.00000000,1,0.99735183,0
Hugo_Chavez,blur,1.00000000,1,0.99688321,0
Hugo_Chavez,blur,2.00000000,1,0.97996449,0
Hugo_Chavez,blur,3.00000000,1,0.94681603,0
Hugo_Chavez,blur,4.00000000,1,0.88725173,0
Hugo_Chavez,blur,5.00000000,1,0.83090389,0
Hugo_Chavez,occlusion,0.00000000,1,0.99973691,0
Hugo_Chavez,occlusion,0.10000000,0,0.43175244,0
Hugo_Chavez,occlusion,0.15000000,0,nan,1
Hugo_Chavez,occlusion,0.20000000,0,nan,1
Hugo_Chavez,occlusion,0.25000000,0,nan,1
Hugo_Chavez,occlusion,0.30000000,0,nan,1
Ian_Thorpe,gaussian,0.00000000,1,1.00000000,0
Ian_Thorpe,gaussian,0.02000000,1,0.99070883,0
Ian_Thorpe,gaussian,0.05000000,1,0.95644248,0
Ian_Thorpe,gaussian,0.10000000,1,0.90682936,0
Ian_Thorpe,gaussian,0.20000000,0,nan,1
Ian_Thorpe,gaussian,0.30000000,0,nan,1
Ian_Thorpe,brightness,1.00000000,1,1.00000000,0
Ian_Thorpe,brightness,0.90000000,1,0.99900079,0
Ian_Thorpe,brightness,0.80000000,1,0.99702430,0
Ian_Thorpe,brightness,0.65000000,1,0.99333978,0
Ian_Thorpe,brightness,0.50000000,1,0.98862821,0
Ian_Thorpe,brightness,0.35000000,1,0.98368049,0
Ian_Thorpe,rotation,0.00000000,1,1.00000000,0
Ian_Thorpe,rotation,3.00000000,1,0.99497867,0
Ian_Thorpe,rotation,6.00000000,1,0.99215442,0
Ian_Thorpe,rotation,10.00000000,1,0.99209654,0
Ian_Thorpe,rotation,15.00000000,1,0.99024397,0
Ian_Thorpe,rotation,20.00000000,1,0.99342525,0
Ian_Thorpe,blur,0.00000000,1,0.99738395,0
Ian_Thorpe,blur,1.00000000,1,0.99694687,0
Ian_Thorpe,blur,2.00000000,1,0.97672427,0
Ian_Thorpe,blur,3.00000000,1,0.93669963,0
Ian_Thorpe,blur,4.00000000,1,0.89886713,0
Ian_Thorpe,blur,5.00000000,1,0.84226763,0
Ian_Thorpe,occlusion,0.00000000,1,0.99958748,0
Ian_Thorpe,occlusion,0.10000000,0,0.64042240,0
Ian_Thorpe,occlusion,0.15000000,0,0.41979635,0
Ian_Thorpe,occlusion,0.20000000,0,nan,1
Ian_Thorpe,occlusion,0.25000000,0,nan,1
Ian_Thorpe,occlusion,0.30000000,0,nan,1
Igor_Ivanov,gaussian,0.00000000,1,1.00000012,0
Igor_Ivanov,gaussian,0.02000000,1,0.98445088,0
Igor_Ivanov,gaussian,0.05000000,1,0.93957615,0
Igor_Ivanov,gaussian,0.10000000,1,0.85809690,0
Igor_Ivanov,gaussian,0.20000000,0,nan,1
Igor_Ivanov,gaussian,0.30000000,0,nan,1
Igor_Ivanov,brightness,1.00000000,1,1.00000012,0
Igor_Ivanov,brightness,0.90000000,1,0.99867964,0
Igor_Ivanov,brightness,0.80000000,1,0.99617755,0
Igor_Ivanov,brightness,0.65000000,1,0.99201411,0
Igor_Ivanov,brightness,0.50000000,1,0.98706764,0
Igor_Ivanov,brightness,0.35000000,1,0.98050165,0
Igor_Ivanov,rotation,0.00000000,1,1.00000012,0
Igor_Ivanov,rotation,3.00000000,1,0.99747992,0
Igor_Ivanov,rotation,6.00000000,1,0.99681872,0
Igor_Ivanov,rotation,10.00000000,1,0.99571997,0
Igor_Ivanov,rotation,15.00000000,1,0.99224472,0
Igor_Ivanov,rotation,20.00000000,1,0.98902947,0
Igor_Ivanov,blur,0.00000000,1,0.99644196,0
Igor_Ivanov,blur,1.00000000,1,0.99559665,0
Igor_Ivanov,blur,2.00000000,1,0.97301757,0
Igor_Ivanov,blur,3.00000000,1,0.91424096,0
Igor_Ivanov,blur,4.00000000,1,0.82012260,0
Igor_Ivanov,blur,5.00000000,1,0.73135948,0
Igor_Ivanov,occlusion,0.00000000,1,0.99783266,0
Igor_Ivanov,occlusion,0.10000000,0,0.02221043,0
Igor_Ivanov,occlusion,0.15000000,0,0.02163717,0
Igor_Ivanov,occlusion,0.20000000,0,-0.00201316,0
Igor_Ivanov,occlusion,0.25000000,0,-0.00180444,0
Igor_Ivanov,occlusion,0.30000000,0,-0.04427353,0
JK_Rowling,gaussian,0.00000000,1,0.99999994,0
JK_Rowling,gaussian,0.02000000,1,0.98772609,0
JK_Rowling,gaussian,0.05000000,1,0.93691713,0
JK_Rowling,gaussian,0.10000000,0,0.85634649,0
JK_Rowling,gaussian,0.20000000,0,nan,1
JK_Rowling,gaussian,0.30000000,0,nan,1
JK_Rowling,brightness,1.00000000,1,0.99999994,0
JK_Rowling,brightness,0.90000000,1,0.99946523,0
JK_Rowling,brightness,0.80000000,1,0.99849594,0
JK_Rowling,brightness,0.65000000,1,0.99592626,0
JK_Rowling,brightness,0.50000000,1,0.98992354,0
JK_Rowling,brightness,0.35000000,1,0.98062181,0
JK_Rowling,rotation,0.00000000,1,0.99999994,0
JK_Rowling,rotation,3.00000000,1,0.99748099,0
JK_Rowling,rotation,6.00000000,1,0.99835312,0
JK_Rowling,rotation,10.00000000,1,0.99774814,0
JK_Rowling,rotation,15.00000000,1,0.99389416,0
JK_Rowling,rotation,20.00000000,1,0.98957115,0
JK_Rowling,blur,0.00000000,1,0.99555111,0
JK_Rowling,blur,1.00000000,1,0.99448758,0
JK_Rowling,blur,2.00000000,1,0.96050543,0
JK_Rowling,blur,3.00000000,1,0.87573016,0
JK_Rowling,blur,4.00000000,0,0.77671677,0
JK_Rowling,blur,5.00000000,0,0.66074336,0
JK_Rowling,occlusion,0.00000000,1,0.99913728,0
JK_Rowling,occlusion,0.10000000,0,0.41512102,0
JK_Rowling,occlusion,0.15000000,0,nan,1
JK_Rowling,occlusion,0.20000000,0,nan,1
JK_Rowling,occlusion,0.25000000,0,nan,1
JK_Rowling,occlusion,0.30000000,0,nan,1
Jack_Straw,gaussian,0.00000000,1,1.00000000,0
Jack_Straw,gaussian,0.02000000,1,0.99226528,0
Jack_Straw,gaussian,0.05000000,1,0.94906211,0
Jack_Straw,gaussian,0.10000000,1,0.87637198,0
Jack_Straw,gaussian,0.20000000,0,nan,1
Jack_Straw,gaussian,0.30000000,0,nan,1
Jack_Straw,brightness,1.00000000,1,1.00000000,0
Jack_Straw,brightness,0.90000000,1,0.99944425,0
Jack_Straw,brightness,0.80000000,1,0.99863350,0
Jack_Straw,brightness,0.65000000,1,0.99633974,0
Jack_Straw,brightness,0.50000000,1,0.99224901,0
Jack_Straw,brightness,0.35000000,1,0.98457313,0
Jack_Straw,rotation,0.00000000,1,1.00000000,0
Jack_Straw,rotation,3.00000000,1,0.99612510,0
Jack_Straw,rotation,6.00000000,1,0.99573427,0
Jack_Straw,rotation,10.00000000,1,0.99317849,0
Jack_Straw,rotation,15.00000000,1,0.99346977,0
Jack_Straw,rotation,20.00000000,1,0.98966610,0
Jack_Straw,blur,0.00000000,1,0.99143946,0
Jack_Straw,blur,1.00000000,1,0.98999500,0
Jack_Straw,blur,2.00000000,1,0.94888008,0
Jack_Straw,blur,3.00000000,1,0.87263876,0
Jack_Straw,blur,4.00000000,1,0.77800357,0
Jack_Straw,blur,5.00000000,1,0.62423599,0
Jack_Straw,occlusion,0.00000000,1,0.99895859,0
Jack_Straw,occlusion,0.10000000,0,0.41793790,0
Jack_Straw,occlusion,0.15000000,0,nan,1
Jack_Straw,occlusion,0.20000000,0,nan,1
Jack_Straw,occlusion,0.25000000,0,nan,1
Jack_Straw,occlusion,0.30000000,0,nan,1
Jackie_Chan,gaussian,0.00000000,1,1.00000000,0
Jackie_Chan,gaussian,0.02000000,1,0.98781967,0
Jackie_Chan,gaussian,0.05000000,1,0.95144296,0
Jackie_Chan,gaussian,0.10000000,1,0.90739036,0
Jackie_Chan,gaussian,0.20000000,0,nan,1
Jackie_Chan,gaussian,0.30000000,0,nan,1
Jackie_Chan,brightness,1.00000000,1,1.00000000,0
Jackie_Chan,brightness,0.90000000,1,0.99935842,0
Jackie_Chan,brightness,0.80000000,1,0.99823195,0
Jackie_Chan,brightness,0.65000000,1,0.99547863,0
Jackie_Chan,brightness,0.50000000,1,0.99174410,0
Jackie_Chan,brightness,0.35000000,1,0.98632371,0
Jackie_Chan,rotation,0.00000000,1,1.00000000,0
Jackie_Chan,rotation,3.00000000,1,0.99842620,0
Jackie_Chan,rotation,6.00000000,1,0.99845010,0
Jackie_Chan,rotation,10.00000000,1,0.99693447,0
Jackie_Chan,rotation,15.00000000,1,0.99776471,0
Jackie_Chan,rotation,20.00000000,1,0.99598241,0
Jackie_Chan,blur,0.00000000,1,0.99582469,0
Jackie_Chan,blur,1.00000000,1,0.99475998,0
Jackie_Chan,blur,2.00000000,1,0.96957499,0
Jackie_Chan,blur,3.00000000,1,0.91444707,0
Jackie_Chan,blur,4.00000000,1,0.82752508,0
Jackie_Chan,blur,5.00000000,1,0.72828805,0
Jackie_Chan,occlusion,0.00000000,1,0.99912870,0
Jackie_Chan,occlusion,0.10000000,0,-0.05019033,0
Jackie_Chan,occlusion,0.15000000,0,-0.05030355,0
Jackie_Chan,occlusion,0.20000000,0,-0.04995733,0
Jackie_Chan,occlusion,0.25000000,0,-0.04990344,0
Jackie_Chan,occlusion,0.30000000,0,-0.04966670,0
Jacques_Chirac,gaussian,0.00000000,1,0.99999988,0
Jacques_Chirac,gaussian,0.02000000,1,0.98648190,0
Jacques_Chirac,gaussian,0.05000000,1,0.93544012,0
Jacques_Chirac,gaussian,0.10000000,0,0.83845001,0
Jacques_Chirac,gaussian,0.20000000,0,nan,1
Jacques_Chirac,gaussian,0.30000000,0,nan,1
Jacques_Chirac,brightness,1.00000000,1,0.99999988,0
Jacques_Chirac,brightness,0.90000000,1,0.99935436,0
Jacques_Chirac,brightness,0.80000000,1,0.99832988,0
Jacques_Chirac,brightness,0.65000000,1,0.99588144,0
Jacques_Chirac,brightness,0.50000000,1,0.99138737,0
Jacques_Chirac,brightness,0.35000000,1,0.98409694,0
Jacques_Chirac,rotation,0.00000000,1,0.99999988,0
Jacques_Chirac,rotation,3.00000000,1,0.99662054,0
Jacques_Chirac,rotation,6.00000000,1,0.99644095,0
Jacques_Chirac,rotation,10.00000000,1,0.99568045,0
Jacques_Chirac,rotation,15.00000000,1,0.99396157,0
Jacques_Chirac,rotation,20.00000000,1,0.99491096,0
Jacques_Chirac,blur,0.00000000,1,0.99041426,0
Jacques_Chirac,blur,1.00000000,1,0.98868692,0
Jacques_Chirac,blur,2.00000000,1,0.94160134,0
Jacques_Chirac,blur,3.00000000,1,0.83385086,0
Jacques_Chirac,blur,4.00000000,0,0.70380014,0
Jacques_Chirac,blur,5.00000000,0,0.56567168,0
Jacques_Chirac,occlusion,0.00000000,1,0.99799299,0
Jacques_Chirac,occlusion,0.10000000,0,nan,1
Jacques_Chirac,occlusion,0.15000000,0,nan,1
Jacques_Chirac,occlusion,0.20000000,0,nan,1
Jacques_Chirac,occlusion,0.25000000,0,nan,1
Jacques_Chirac,occlusion,0.30000000,0,nan,1
Jacques_Rogge,gaussian,0.00000000,1,0.99999988,0
Jacques_Rogge,gaussian,0.02000000,1,0.98756552,0
Jacques_Rogge,gaussian,0.05000000,1,0.94815034,0
Jacques_Rogge,gaussian,0.10000000,1,0.85384512,0
Jacques_Rogge,gaussian,0.20000000,0,nan,1
Jacques_Rogge,gaussian,0.30000000,0,nan,1
Jacques_Rogge,brightness,1.00000000,1,0.99999988,0
Jacques_Rogge,brightness,0.90000000,1,0.99937075,0
Jacques_Rogge,brightness,0.80000000,1,0.99822927,0
Jacques_Rogge,brightness,0.65000000,1,0.99485224,0
Jacques_Rogge,brightness,0.50000000,1,0.98989677,0
Jacques_Rogge,brightness,0.35000000,1,0.98296845,0
Jacques_Rogge,rotation,0.00000000,1,0.99999988,0
Jacques_Rogge,rotation,3.00000000,1,0.99829185,0
Jacques_Rogge,rotation,6.00000000,1,0.99787354,0
Jacques_Rogge,rotation,10.00000000,1,0.99551380,0
Jacques_Rogge,rotation,15.00000000,1,0.98988843,0
Jacques_Rogge,rotation,20.00000000,1,0.98861563,0
Jacques_Rogge,blur,0.00000000,1,0.99524885,0
Jacques_Rogge,blur,1.00000000,1,0.99422801,0
Jacques_Rogge,blur,2.00000000,1,0.95746756,0
Jacques_Rogge,blur,3.00000000,1,0.87834024,0
Jacques_Rogge,blur,4.00000000,1,0.73810565,0
Jacques_Rogge,blur,5.00000000,0,0.60745007,0
Jacques_Rogge,occlusion,0.00000000,1,0.99952310,0
Jacques_Rogge,occlusion,0.10000000,0,0.30567229,0
Jacques_Rogge,occlusion,0.15000000,0,nan,1
Jacques_Rogge,occlusion,0.20000000,0,nan,1
Jacques_Rogge,occlusion,0.25000000,0,nan,1
Jacques_Rogge,occlusion,0.30000000,0,nan,1
Jake_Gyllenhaal,gaussian,0.00000000,1,0.99999988,0
Jake_Gyllenhaal,gaussian,0.02000000,1,0.98994625,0
Jake_Gyllenhaal,gaussian,0.05000000,1,0.94880867,0
Jake_Gyllenhaal,gaussian,0.10000000,1,0.87811047,0
Jake_Gyllenhaal,gaussian,0.20000000,0,nan,1
Jake_Gyllenhaal,gaussian,0.30000000,0,nan,1
Jake_Gyllenhaal,brightness,1.00000000,1,0.99999988,0
Jake_Gyllenhaal,brightness,0.90000000,1,0.99947417,0
Jake_Gyllenhaal,brightness,0.80000000,1,0.99841124,0
Jake_Gyllenhaal,brightness,0.65000000,1,0.99582380,0
Jake_Gyllenhaal,brightness,0.50000000,1,0.99167025,0
Jake_Gyllenhaal,brightness,0.35000000,1,0.98448431,0
Jake_Gyllenhaal,rotation,0.00000000,1,0.99999988,0
Jake_Gyllenhaal,rotation,3.00000000,1,0.99839878,0
Jake_Gyllenhaal,rotation,6.00000000,1,0.99810058,0
Jake_Gyllenhaal,rotation,10.00000000,1,0.99559140,0
Jake_Gyllenhaal,rotation,15.00000000,1,0.99561286,0
Jake_Gyllenhaal,rotation,20.00000000,1,0.99254733,0
Jake_Gyllenhaal,blur,0.00000000,1,0.99709165,0
Jake_Gyllenhaal,blur,1.00000000,1,0.99634194,0
Jake_Gyllenhaal,blur,2.00000000,1,0.97753048,0
Jake_Gyllenhaal,blur,3.00000000,1,0.93163443,0
Jake_Gyllenhaal,blur,4.00000000,1,0.85873890,0
Jake_Gyllenhaal,blur,5.00000000,1,0.76201940,0
Jake_Gyllenhaal,occlusion,0.00000000,1,0.99915940,0
Jake_Gyllenhaal,occlusion,0.10000000,0,0.38836634,0
Jake_Gyllenhaal,occlusion,0.15000000,0,nan,1
Jake_Gyllenhaal,occlusion,0.20000000,0,nan,1
Jake_Gyllenhaal,occlusion,0.25000000,0,nan,1
Jake_Gyllenhaal,occlusion,0.30000000,0,nan,1
James_Blake,gaussian,0.00000000,1,1.00000000,0
James_Blake,gaussian,0.02000000,1,0.99096131,0
James_Blake,gaussian,0.05000000,1,0.96789187,0
James_Blake,gaussian,0.10000000,1,0.90356517,0
James_Blake,gaussian,0.20000000,1,0.76676643,0
James_Blake,gaussian,0.30000000,0,nan,1
James_Blake,brightness,1.00000000,1,1.00000000,0
James_Blake,brightness,0.90000000,1,0.99839771,0
James_Blake,brightness,0.80000000,1,0.99609363,0
James_Blake,brightness,0.65000000,1,0.99295723,0
James_Blake,brightness,0.50000000,1,0.98743343,0
James_Blake,brightness,0.35000000,1,0.98085731,0
James_Blake,rotation,0.00000000,1,1.00000000,0
James_Blake,rotation,3.00000000,1,0.99837810,0
James_Blake,rotation,6.00000000,1,0.99690890,0
James_Blake,rotation,10.00000000,1,0.99575233,0
James_Blake,rotation,15.00000000,1,0.98986578,0
James_Blake,rotation,20.00000000,1,0.98782468,0
James_Blake,blur,0.00000000,1,0.99531442,0
James_Blake,blur,1.00000000,1,0.99438870,0
James_Blake,blur,2.00000000,1,0.97020584,0
James_Blake,blur,3.00000000,1,0.91191661,0
James_Blake,blur,4.00000000,1,0.83818775,0
James_Blake,blur,5.00000000,0,0.73448998,0
James_Blake,occlusion,0.00000000,1,0.99751693,0
James_Blake,occlusion,0.10000000,0,0.26950136,0
James_Blake,occlusion,0.15000000,0,nan,1
James_Blake,occlusion,0.20000000,0,nan,1
James_Blake,occlusion,0.25000000,0,nan,1
James_Blake,occlusion,0.30000000,0,nan,1
James_Kelly,gaussian,0.00000000,1,1.00000012,0
James_Kelly,gaussian,0.02000000,1,0.98822236,0
James_Kelly,gaussian,0.05000000,1,0.95021999,0
James_Kelly,gaussian,0.10000000,1,0.87646973,0
James_Kelly,gaussian,0.20000000,0,nan,1
James_Kelly,gaussian,0.30000000,0,nan,1
James_Kelly,brightness,1.00000000,1,1.00000012,0
James_Kelly,brightness,0.90000000,1,0.99921983,0
James_Kelly,brightness,0.80000000,1,0.99778771,0
James_Kelly,brightness,0.65000000,1,0.99358344,0
James_Kelly,brightness,0.50000000,1,0.98774344,0
James_Kelly,brightness,0.35000000,1,0.97811985,0
James_Kelly,rotation,0.00000000,1,1.00000012,0
James_Kelly,rotation,3.00000000,1,0.99768674,0
James_Kelly,rotation,6.00000000,1,0.99730957,0
James_Kelly,rotation,10.00000000,1,0.99766916,0
James_Kelly,rotation,15.00000000,1,0.99253231,0
James_Kelly,rotation,20.00000000,1,0.98902249,0
James_Kelly,blur,0.00000000,1,0.99321949,0
James_Kelly,blur,1.00000000,1,0.99219418,0
James_Kelly,blur,2.00000000,1,0.95997417,0
James_Kelly,blur,3.00000000,1,0.88988376,0
James_Kelly,blur,4.00000000,1,0.77862346,0
James_Kelly,blur,5.00000000,1,0.67148185,0
James_Kelly,occlusion,0.00000000,1,0.99816674,0
James_Kelly,occlusion,0.10000000,0,0.36184984,0
James_Kelly,occlusion,0.15000000,0,nan,1
James_Kelly,occlusion,0.20000000,0,nan,1
James_Kelly,occlusion,0.25000000,0,nan,1
James_Kelly,occlusion,0.30000000,0,nan,1
James_Wolfensohn,gaussian,0.00000000,1,1.00000012,0
James_Wolfensohn,gaussian,0.02000000,1,0.99097449,0
James_Wolfensohn,gaussian,0.05000000,1,0.96613121,0
James_Wolfensohn,gaussian,0.10000000,1,0.91145480,0
James_Wolfensohn,gaussian,0.20000000,0,nan,1
James_Wolfensohn,gaussian,0.30000000,0,nan,1
James_Wolfensohn,brightness,1.00000000,1,1.00000012,0
James_Wolfensohn,brightness,0.90000000,1,0.99955577,0
James_Wolfensohn,brightness,0.80000000,1,0.99855423,0
James_Wolfensohn,brightness,0.65000000,1,0.99592137,0
James_Wolfensohn,brightness,0.50000000,1,0.99106801,0
James_Wolfensohn,brightness,0.35000000,1,0.98318344,0
James_Wolfensohn,rotation,0.00000000,1,1.00000012,0
James_Wolfensohn,rotation,3.00000000,1,0.99852532,0
James_Wolfensohn,rotation,6.00000000,1,0.99748516,0
James_Wolfensohn,rotation,10.00000000,1,0.99873370,0
James_Wolfensohn,rotation,15.00000000,1,0.99750257,0
James_Wolfensohn,rotation,20.00000000,1,0.99681222,0
James_Wolfensohn,blur,0.00000000,1,0.99691010,0
James_Wolfensohn,blur,1.00000000,1,0.99636513,0
James_Wolfensohn,blur,2.00000000,1,0.97474974,0
James_Wolfensohn,blur,3.00000000,1,0.92874014,0
James_Wolfensohn,blur,4.00000000,1,0.84820890,0
James_Wolfensohn,blur,5.00000000,0,0.69586760,0
James_Wolfensohn,occlusion,0.00000000,1,0.99927294,0
James_Wolfensohn,occlusion,0.10000000,0,nan,1
James_Wolfensohn,occlusion,0.15000000,0,nan,1
James_Wolfensohn,occlusion,0.20000000,0,nan,1
James_Wolfensohn,occlusion,0.25000000,0,nan,1
James_Wolfensohn,occlusion,0.30000000,0,nan,1
Jan_Ullrich,gaussian,0.00000000,1,1.00000000,0
Jan_Ullrich,gaussian,0.02000000,1,0.98672199,0
Jan_Ullrich,gaussian,0.05000000,1,0.94339120,0
Jan_Ullrich,gaussian,0.10000000,0,0.87104058,0
Jan_Ullrich,gaussian,0.20000000,0,nan,1
Jan_Ullrich,gaussian,0.30000000,0,nan,1
Jan_Ullrich,brightness,1.00000000,1,1.00000000,0
Jan_Ullrich,brightness,0.90000000,1,0.99891400,0
Jan_Ullrich,brightness,0.80000000,1,0.99695265,0
Jan_Ullrich,brightness,0.65000000,1,0.99227560,0
Jan_Ullrich,brightness,0.50000000,1,0.98454285,0
Jan_Ullrich,brightness,0.35000000,1,0.96892720,0
Jan_Ullrich,rotation,0.00000000,1,1.00000000,0
Jan_Ullrich,rotation,3.00000000,1,0.99684125,0
Jan_Ullrich,rotation,6.00000000,1,0.99643183,0
Jan_Ullrich,rotation,10.00000000,1,0.99570870,0
Jan_Ullrich,rotation,15.00000000,1,0.98902452,0
Jan_Ullrich,rotation,20.00000000,1,0.98724973,0
Jan_Ullrich,blur,0.00000000,1,0.99762154,0
Jan_Ullrich,blur,1.00000000,1,0.99728060,0
Jan_Ullrich,blur,2.00000000,1,0.98101532,0
Jan_Ullrich,blur,3.00000000,0,0.92931962,0
Jan_Ullrich,blur,4.00000000,0,0.83398676,0
Jan_Ullrich,blur,5.00000000,0,0.73813361,0
Jan_Ullrich,occlusion,0.00000000,1,0.99828959,0
Jan_Ullrich,occlusion,0.10000000,0,0.43311757,0
Jan_Ullrich,occlusion,0.15000000,0,0.36302584,0
Jan_Ullrich,occlusion,0.20000000,0,nan,1
Jan_Ullrich,occlusion,0.25000000,0,nan,1
Jan_Ullrich,occlusion,0.30000000,0,nan,1
Jason_Kidd,gaussian,0.00000000,1,1.00000012,0
Jason_Kidd,gaussian,0.02000000,1,0.99151742,0
Jason_Kidd,gaussian,0.05000000,1,0.93811285,0
Jason_Kidd,gaussian,0.10000000,1,0.89597535,0
Jason_Kidd,gaussian,0.20000000,1,0.74754000,0
Jason_Kidd,gaussian,0.30000000,0,nan,1
Jason_Kidd,brightness,1.00000000,1,1.00000012,0
Jason_Kidd,brightness,0.90000000,1,0.99876320,0
Jason_Kidd,brightness,0.80000000,1,0.99680674,0
Jason_Kidd,brightness,0.65000000,1,0.99224782,0
Jason_Kidd,brightness,0.50000000,1,0.98368204,0
Jason_Kidd,brightness,0.35000000,1,0.97405577,0
Jason_Kidd,rotation,0.00000000,1,1.00000012,0
Jason_Kidd,rotation,3.00000000,1,0.99643946,0
Jason_Kidd,rotation,6.00000000,1,0.99753273,0
Jason_Kidd,rotation,10.00000000,1,0.99655735,0
Jason_Kidd,rotation,15.00000000,1,0.99706692,0
Jason_Kidd,rotation,20.00000000,1,0.99341321,0
Jason_Kidd,blur,0.00000000,1,0.99461979,0
Jason_Kidd,blur,1.00000000,1,0.99351937,0
Jason_Kidd,blur,2.00000000,1,0.95309699,0
Jason_Kidd,blur,3.00000000,1,0.87052143,0
Jason_Kidd,blur,4.00000000,1,0.78370273,0
Jason_Kidd,blur,5.00000000,0,0.68764007,0
Jason_Kidd,occlusion,0.00000000,1,0.99876112,0
Jason_Kidd,occlusion,0.10000000,0,nan,1
Jason_Kidd,occlusion,0.15000000,0,nan,1
Jason_Kidd,occlusion,0.20000000,0,nan,1
Jason_Kidd,occlusion,0.25000000,0,nan,1
Jason_Kidd,occlusion,0.30000000,0,nan,1
Javier_Solana,gaussian,0.00000000,1,1.00000012,0
Javier_Solana,gaussian,0.02000000,1,0.99198771,0
Javier_Solana,gaussian,0.05000000,1,0.96103907,0
Javier_Solana,gaussian,0.10000000,1,0.86035001,0
Javier_Solana,gaussian,0.20000000,0,nan,1
Javier_Solana,gaussian,0.30000000,0,nan,1
Javier_Solana,brightness,1.00000000,1,1.00000012,0
Javier_Solana,brightness,0.90000000,1,0.99735838,0
Javier_Solana,brightness,0.80000000,1,0.99331057,0
Javier_Solana,brightness,0.65000000,1,0.98811388,0
Javier_Solana,brightness,0.50000000,1,0.98135263,0
Javier_Solana,brightness,0.35000000,1,0.97179127,0
Javier_Solana,rotation,0.00000000,1,1.00000012,0
Javier_Solana,rotation,3.00000000,1,0.99643862,0
Javier_Solana,rotation,6.00000000,1,0.99546140,0
Javier_Solana,rotation,10.00000000,1,0.99656510,0
Javier_Solana,rotation,15.00000000,1,0.99611181,0
Javier_Solana,rotation,20.00000000,1,0.99010432,0
Javier_Solana,blur,0.00000000,1,0.99235368,0
Javier_Solana,blur,1.00000000,1,0.99031740,0
Javier_Solana,blur,2.00000000,1,0.93174696,0
Javier_Solana,blur,3.00000000,1,0.86174321,0
Javier_Solana,blur,4.00000000,1,0.77980238,0
Javier_Solana,blur,5.00000000,0,0.68039417,0
Javier_Solana,occlusion,0.00000000,1,0.99907386,0
Javier_Solana,occlusion,0.10000000,0,0.00215013,0
Javier_Solana,occlusion,0.15000000,0,0.00338008,0
Javier_Solana,occlusion,0.20000000,0,0.00323815,0
Javier_Solana,occlusion,0.25000000,0,0.00130865,0
Javier_Solana,occlusion,0.30000000,0,-0.00131071,0
Jay_Garner,gaussian,0.00000000,1,0.99999994,0
Jay_Garner,gaussian,0.02000000,1,0.98984092,0
Jay_Garner,gaussian,0.05000000,1,0.94382817,0
Jay_Garner,gaussian,0.10000000,1,0.87758088,0
Jay_Garner,gaussian,0.20000000,0,nan,1
Jay_Garner,gaussian,0.30000000,0,nan,1
Jay_Garner,brightness,1.00000000,1,0.99999994,0
Jay_Garner,brightness,0.90000000,1,0.99959445,0
Jay_Garner,brightness,0.80000000,1,0.99837828,0
Jay_Garner,brightness,0.65000000,1,0.99470592,0
Jay_Garner,brightness,0.50000000,1,0.98984689,0
Jay_Garner,brightness,0.35000000,1,0.98420358,0
Jay_Garner,rotation,0.00000000,1,0.99999994,0
Jay_Garner,rotation,3.00000000,1,0.99814242,0
Jay_Garner,rotation,6.00000000,1,0.99775130,0
Jay_Garner,rotation,10.00000000,1,0.99585140,0
Jay_Garner,rotation,15.00000000,1,0.99541748,0
Jay_Garner,rotation,20.00000000,1,0.99396873,0
Jay_Garner,blur,0.00000000,1,0.99576402,0
Jay_Garner,blur,1.00000000,1,0.99470490,0
Jay_Garner,blur,2.00000000,1,0.96426296,0
Jay_Garner,blur,3.00000000,1,0.88962507,0
Jay_Garner,blur,4.00000000,1,0.79443592,0
Jay_Garner,blur,5.00000000,1,0.67899615,0
Jay_Garner,occlusion,0.00000000,1,0.99826252,0
Jay_Garner,occlusion,0.10000000,0,nan,1
Jay_Garner,occlusion,0.15000000,0,nan,1
Jay_Garner,occlusion,0.20000000,0,nan,1
Jay_Garner,occlusion,0.25000000,0,nan,1
Jay_Garner,occlusion,0.30000000,0,nan,1
Jean-David_Levitte,gaussian,0.00000000,1,0.99999988,0
Jean-David_Levitte,gaussian,0.02000000,1,0.98463082,0
Jean-David_Levitte,gaussian,0.05000000,1,0.93395555,0
Jean-David_Levitte,gaussian,0.10000000,1,0.86620963,0
Jean-David_Levitte,gaussian,0.20000000,0,nan,1
Jean-David_Levitte,gaussian,0.30000000,0,nan,1
Jean-David_Levitte,brightness,1.00000000,1,0.99999988,0
Jean-David_Levitte,brightness,0.90000000,1,0.99936688,0
Jean-David_Levitte,brightness,0.80000000,1,0.99850005,0
Jean-David_Levitte,brightness,0.65000000,1,0.99618769,0
Jean-David_Levitte,brightness,0.50000000,1,0.99236703,0
Jean-David_Levitte,brightness,0.35000000,1,0.98405224,0
Jean-David_Levitte,rotation,0.00000000,1,0.99999988,0
Jean-David_Levitte,rotation,3.00000000,1,0.99842477,0
Jean-David_Levitte,rotation,6.00000000,1,0.99837673,0
Jean-David_Levitte,rotation,10.00000000,1,0.99844098,0
Jean-David_Levitte,rotation,15.00000000,1,0.99702954,0
Jean-David_Levitte,rotation,20.00000000,1,0.99565297,0
Jean-David_Levitte,blur,0.00000000,1,0.99709713,0
Jean-David_Levitte,blur,1.00000000,1,0.99652874,0
Jean-David_Levitte,blur,2.00000000,1,0.96882838,0
Jean-David_Levitte,blur,3.00000000,1,0.88567364,0
Jean-David_Levitte,blur,4.00000000,1,0.76432341,0
Jean-David_Levitte,blur,5.00000000,1,0.66234815,0
Jean-David_Levitte,occlusion,0.00000000,1,0.99869007,0
Jean-David_Levitte,occlusion,0.10000000,0,0.29147875,0
Jean-David_Levitte,occlusion,0.15000000,0,nan,1
Jean-David_Levitte,occlusion,0.20000000,0,nan,1
Jean-David_Levitte,occlusion,0.25000000,0,nan,1
Jean-David_Levitte,occlusion,0.30000000,0,nan,1
Jean-Pierre_Raffarin,gaussian,0.00000000,1,1.00000000,0
Jean-Pierre_Raffarin,gaussian,0.02000000,1,0.99208826,0
Jean-Pierre_Raffarin,gaussian,0.05000000,1,0.94117999,0
Jean-Pierre_Raffarin,gaussian,0.10000000,0,0.86245298,0
Jean-Pierre_Raffarin,gaussian,0.20000000,0,nan,1
Jean-Pierre_Raffarin,gaussian,0.30000000,0,nan,1
Jean-Pierre_Raffarin,brightness,1.00000000,1,1.00000000,0
Jean-Pierre_Raffarin,brightness,0.90000000,1,0.99934042,0
Jean-Pierre_Raffarin,brightness,0.80000000,1,0.99825418,0
Jean-Pierre_Raffarin,brightness,0.65000000,1,0.99470073,0
Jean-Pierre_Raffarin,brightness,0.50000000,1,0.98903614,0
Jean-Pierre_Raffarin,brightness,0.35000000,1,0.97938514,0
Jean-Pierre_Raffarin,rotation,0.00000000,1,1.00000000,0
Jean-Pierre_Raffarin,rotation,3.00000000,1,0.99737060,0
Jean-Pierre_Raffarin,rotation,6.00000000,1,0.99630988,0
Jean-Pierre_Raffarin,rotation,10.00000000,1,0.99395049,0
Jean-Pierre_Raffarin,rotation,15.00000000,1,0.99225944,0
Jean-Pierre_Raffarin,rotation,20.00000000,1,0.98752594,0
Jean-Pierre_Raffarin,blur,0.00000000,1,0.99446321,0
Jean-Pierre_Raffarin,blur,1.00000000,1,0.99305058,0
Jean-Pierre_Raffarin,blur,2.00000000,1,0.94524765,0
Jean-Pierre_Raffarin,blur,3.00000000,0,0.85856724,0
Jean-Pierre_Raffarin,blur,4.00000000,1,0.75419927,0
Jean-Pierre_Raffarin,blur,5.00000000,1,0.63134480,0
Jean-Pierre_Raffarin,occlusion,0.00000000,1,0.99989146,0
Jean-Pierre_Raffarin,occlusion,0.10000000,0,0.41906220,0
Jean-Pierre_Raffarin,occlusion,0.15000000,0,0.28406721,0
Jean-Pierre_Raffarin,occlusion,0.20000000,0,nan,1
Jean-Pierre_Raffarin,occlusion,0.25000000,0,nan,1
Jean-Pierre_Raffarin,occlusion,0.30000000,0,nan,1
Jean_Charest,gaussian,0.00000000,1,1.00000012,0
Jean_Charest,gaussian,0.02000000,1,0.98276722,0
Jean_Charest,gaussian,0.05000000,1,0.94062650,0
Jean_Charest,gaussian,0.10000000,1,0.83243215,0
Jean_Charest,gaussian,0.20000000,0,nan,1
Jean_Charest,gaussian,0.30000000,0,nan,1
Jean_Charest,brightness,1.00000000,1,1.00000012,0
Jean_Charest,brightness,0.90000000,1,0.99913692,0
Jean_Charest,brightness,0.80000000,1,0.99751025,0
Jean_Charest,brightness,0.65000000,1,0.99340826,0
Jean_Charest,brightness,0.50000000,1,0.98736465,0
Jean_Charest,brightness,0.35000000,1,0.97545958,0
Jean_Charest,rotation,0.00000000,1,1.00000012,0
Jean_Charest,rotation,3.00000000,1,0.99777806,0
Jean_Charest,rotation,6.00000000,1,0.99709475,0
Jean_Charest,rotation,10.00000000,1,0.99676394,0
Jean_Charest,rotation,15.00000000,1,0.99059033,0
Jean_Charest,rotation,20.00000000,1,0.97761941,0
Jean_Charest,blur,0.00000000,1,0.99336934,0
Jean_Charest,blur,1.00000000,1,0.99277318,0
Jean_Charest,blur,2.00000000,1,0.95505059,0
Jean_Charest,blur,3.00000000,1,0.85202187,0
Jean_Charest,blur,4.00000000,1,0.73818344,0
Jean_Charest,blur,5.00000000,0,0.62098753,0
Jean_Charest,occlusion,0.00000000,1,0.99758172,0
Jean_Charest,occlusion,0.10000000,0,0.12313391,0
Jean_Charest,occlusion,0.15000000,0,0.13524689,0
Jean_Charest,occlusion,0.20000000,0,0.11990523,0
Jean_Charest,occlusion,0.25000000,0,0.11932984,0
Jean_Charest,occlusion,0.30000000,0,0.17746623,0
Jean_Chretien,gaussian,0.00000000,1,1.00000000,0
Jean_Chretien,gaussian,0.02000000,1,0.98436576,0
Jean_Chretien,gaussian,0.05000000,1,0.92508453,0
Jean_Chretien,gaussian,0.10000000,0,0.77413994,0
Jean_Chretien,gaussian,0.20000000,0,nan,1
Jean_Chretien,gaussian,0.30000000,0,nan,1
Jean_Chretien,brightness,1.00000000,1,1.00000000,0
Jean_Chretien,brightness,0.90000000,1,0.99891901,0
Jean_Chretien,brightness,0.80000000,1,0.99726635,0
Jean_Chretien,brightness,0.65000000,1,0.99263209,0
Jean_Chretien,brightness,0.50000000,1,0.98389387,0
Jean_Chretien,brightness,0.35000000,1,0.96938241,0
Jean_Chretien,rotation,0.00000000,1,1.00000000,0
Jean_Chretien,rotation,3.00000000,1,0.99413317,0
Jean_Chretien,rotation,6.00000000,1,0.99319059,0
Jean_Chretien,rotation,10.00000000,1,0.98843604,0
Jean_Chretien,rotation,15.00000000,1,0.98764318,0
Jean_Chretien,rotation,20.00000000,1,0.99011362,0
Jean_Chretien,blur,0.00000000,1,0.98734176,0
Jean_Chretien,blur,1.00000000,1,0.98482960,0
Jean_Chretien,blur,2.00000000,1,0.91575783,0
Jean_Chretien,blur,3.00000000,1,0.79957539,0
Jean_Chretien,blur,4.00000000,1,0.64645898,0
Jean_Chretien,blur,5.00000000,0,0.51654422,0
Jean_Chretien,occlusion,0.00000000,1,0.99678981,0
Jean_Chretien,occlusion,0.10000000,0,0.20371860,0
Jean_Chretien,occlusion,0.15000000,0,-0.05904827,0
Jean_Chretien,occlusion,0.20000000,0,nan,1
Jean_Chretien,occlusion,0.25000000,0,nan,1
Jean_Chretien,occlusion,0.30000000,0,nan,1
Jeb_Bush,gaussian,0.00000000,1,0.99999994,0
Jeb_Bush,gaussian,0.02000000,1,0.98515624,0
Jeb_Bush,gaussian,0.05000000,1,0.91283524,0
Jeb_Bush,gaussian,0.10000000,1,0.80474806,0
Jeb_Bush,gaussian,0.20000000,0,nan,1
Jeb_Bush,gaussian,0.30000000,0,nan,1
Jeb_Bush,brightness,1.00000000,1,0.99999994,0
Jeb_Bush,brightness,0.90000000,1,0.99900377,0
Jeb_Bush,brightness,0.80000000,1,0.99741518,0
Jeb_Bush,brightness,0.65000000,1,0.99442184,0
Jeb_Bush,brightness,0.50000000,1,0.98843521,0
Jeb_Bush,brightness,0.35000000,1,0.97741669,0
Jeb_Bush,rotation,0.00000000,1,0.99999994,0
Jeb_Bush,rotation,3.00000000,1,0.99470198,0
Jeb_Bush,rotation,6.00000000,1,0.99377197,0
Jeb_Bush,rotation,10.00000000,1,0.99483383,0
Jeb_Bush,rotation,15.00000000,1,0.99363244,0
Jeb_Bush,rotation,20.00000000,1,0.99160367,0
Jeb_Bush,blur,0.00000000,1,0.99561024,0
Jeb_Bush,blur,1.00000000,1,0.99479890,0
Jeb_Bush,blur,2.00000000,1,0.96899056,0
Jeb_Bush,blur,3.00000000,0,0.88553667,0
Jeb_Bush,blur,4.00000000,1,0.73753881,0
Jeb_Bush,blur,5.00000000,0,0.55786550,0
Jeb_Bush,occlusion,0.00000000,1,0.99813485,0
Jeb_Bush,occlusion,0.10000000,0,0.42468223,0
Jeb_Bush,occlusion,0.15000000,0,0.08437207,0
Jeb_Bush,occlusion,0.20000000,0,nan,1
Jeb_Bush,occlusion,0.25000000,0,nan,1
Jeb_Bush,occlusion,0.30000000,0,nan,1
Jelena_Dokic,gaussian,0.00000000,1,1.00000000,0
Jelena_Dokic,gaussian,0.02000000,1,0.98127639,0
Jelena_Dokic,gaussian,0.05000000,1,0.92523396,0
Jelena_Dokic,gaussian,0.10000000,0,0.80130208,0
Jelena_Dokic,gaussian,0.20000000,0,nan,1
Jelena_Dokic,gaussian,0.30000000,0,nan,1
Jelena_Dokic,brightness,1.00000000,1,1.00000000,0
Jelena_Dokic,brightness,0.90000000,1,0.99907154,0
Jelena_Dokic,brightness,0.80000000,1,0.99731362,0
Jelena_Dokic,brightness,0.65000000,1,0.99243426,0
Jelena_Dokic,brightness,0.50000000,1,0.98389828,0
Jelena_Dokic,brightness,0.35000000,1,0.96899498,0
Jelena_Dokic,rotation,0.00000000,1,1.00000000,0
Jelena_Dokic,rotation,3.00000000,1,0.99711895,0
Jelena_Dokic,rotation,6.00000000,1,0.99701381,0
Jelena_Dokic,rotation,10.00000000,1,0.98797446,0
Jelena_Dokic,rotation,15.00000000,1,0.98333895,0
Jelena_Dokic,rotation,20.00000000,1,0.97970945,0
Jelena_Dokic,blur,0.00000000,1,0.99193633,0
Jelena_Dokic,blur,1.00000000,1,0.99064350,0
Jelena_Dokic,blur,2.00000000,1,0.93179971,0
Jelena_Dokic,blur,3.00000000,1,0.83413219,0
Jelena_Dokic,blur,4.00000000,0,0.76094055,0
Jelena_Dokic,blur,5.00000000,1,0.69278729,0
Jelena_Dokic,occlusion,0.00000000,1,0.99888456,0
Jelena_Dokic,occlusion,0.10000000,0,nan,1
Jelena_Dokic,occlusion,0.15000000,0,nan,1
Jelena_Dokic,occlusion,0.20000000,0,nan,1
Jelena_Dokic,occlusion,0.25000000,0,nan,1
Jelena_Dokic,occlusion,0.30000000,0,nan,1
Jennifer_Aniston,gaussian,0.00000000,1,1.00000000,0
Jennifer_Aniston,gaussian,0.02000000,1,0.98594666,0
Jennifer_Aniston,gaussian,0.05000000,1,0.93244809,0
Jennifer_Aniston,gaussian,0.10000000,1,0.85797024,0
Jennifer_Aniston,gaussian,0.20000000,0,nan,1
Jennifer_Aniston,gaussian,0.30000000,0,nan,1
Jennifer_Aniston,brightness,1.00000000,1,1.00000000,0
Jennifer_Aniston,brightness,0.90000000,1,0.99950302,0
Jennifer_Aniston,brightness,0.80000000,1,0.99832547,0
Jennifer_Aniston,brightness,0.65000000,1,0.99571776,0
Jennifer_Aniston,brightness,0.50000000,1,0.99076432,0
Jennifer_Aniston,brightness,0.35000000,1,0.98064584,0
Jennifer_Aniston,rotation,0.00000000,1,1.00000000,0
Jennifer_Aniston,rotation,3.00000000,1,0.99793261,0
Jennifer_Aniston,rotation,6.00000000,1,0.99672902,0
Jennifer_Aniston,rotation,10.00000000,1,0.99204671,0
Jennifer_Aniston,rotation,15.00000000,1,0.99255037,0
Jennifer_Aniston,rotation,20.00000000,1,0.99225521,0
Jennifer_Aniston,blur,0.00000000,1,0.99624997,0
Jennifer_Aniston,blur,1.00000000,1,0.99564731,0
Jennifer_Aniston,blur,2.00000000,1,0.96716887,0
Jennifer_Aniston,blur,3.00000000,1,0.89608979,0
Jennifer_Aniston,blur,4.00000000,0,0.74903351,0
Jennifer_Aniston,blur,5.00000000,0,0.54440832,0
Jennifer_Aniston,occlusion,0.00000000,1,0.99926275,0
Jennifer_Aniston,occlusion,0.10000000,0,0.33960479,0
Jennifer_Aniston,occlusion,0.15000000,0,nan,1
Jennifer_Aniston,occlusion,0.20000000,0,nan,1
Jennifer_Aniston,occlusion,0.25000000,0,nan,1
Jennifer_Aniston,occlusion,0.30000000,0,nan,1
Jennifer_Capriati,gaussian,0.00000000,1,1.00000012,0
Jennifer_Capriati,gaussian,0.02000000,1,0.98878014,0
Jennifer_Capriati,gaussian,0.05000000,1,0.94045579,0
Jennifer_Capriati,gaussian,0.10000000,1,0.88793552,0
Jennifer_Capriati,gaussian,0.20000000,0,nan,1
Jennifer_Capriati,gaussian,0.30000000,0,nan,1
Jennifer_Capriati,brightness,1.00000000,1,1.00000012,0
Jennifer_Capriati,brightness,0.90000000,1,0.99918211,0
Jennifer_Capriati,brightness,0.80000000,1,0.99717432,0
Jennifer_Capriati,brightness,0.65000000,1,0.99174368,0
Jennifer_Capriati,brightness,0.50000000,1,0.98555928,0
Jennifer_Capriati,brightness,0.35000000,1,0.97598398,0
Jennifer_Capriati,rotation,0.00000000,1,1.00000012,0
Jennifer_Capriati,rotation,3.00000000,1,0.99668676,0
Jennifer_Capriati,rotation,6.00000000,1,0.99541998,0
Jennifer_Capriati,rotation,10.00000000,1,0.99398696,0
Jennifer_Capriati,rotation,15.00000000,1,0.99150056,0
Jennifer_Capriati,rotation,20.00000000,1,0.99126649,0
Jennifer_Capriati,blur,0.00000000,1,0.99448293,0
Jennifer_Capriati,blur,1.00000000,1,0.99335170,0
Jennifer_Capriati,blur,2.00000000,1,0.95847344,0
Jennifer_Capriati,blur,3.00000000,1,0.87083340,0
Jennifer_Capriati,blur,4.00000000,0,0.71713603,0
Jennifer_Capriati,blur,5.00000000,0,0.60826403,0
Jennifer_Capriati,occlusion,0.00000000,1,0.99848241,0
Jennifer_Capriati,occlusion,0.10000000,0,nan,1
Jennifer_Capriati,occlusion,0.15000000,0,nan,1
Jennifer_Capriati,occlusion,0.20000000,0,nan,1
Jennifer_Capriati,occlusion,0.25000000,0,nan,1
Jennifer_Capriati,occlusion,0.30000000,0,nan,1
Jennifer_Garner,gaussian,0.00000000,1,1.00000000,0
Jennifer_Garner,gaussian,0.02000000,1,0.98763990,0
Jennifer_Garner,gaussian,0.05000000,1,0.94101870,0
Jennifer_Garner,gaussian,0.10000000,1,0.90216863,0
Jennifer_Garner,gaussian,0.20000000,0,nan,1
Jennifer_Garner,gaussian,0.30000000,0,nan,1
Jennifer_Garner,brightness,1.00000000,1,1.00000000,0
Jennifer_Garner,brightness,0.90000000,1,0.99945700,0
Jennifer_Garner,brightness,0.80000000,1,0.99847752,0
Jennifer_Garner,brightness,0.65000000,1,0.99581903,0
Jennifer_Garner,brightness,0.50000000,1,0.99115318,0
Jennifer_Garner,brightness,0.35000000,1,0.98350483,0
Jennifer_Garner,rotation,0.00000000,1,1.00000000,0
Jennifer_Garner,rotation,3.00000000,1,0.99823314,0
Jennifer_Garner,rotation,6.00000000,1,0.99787211,0
Jennifer_Garner,rotation,10.00000000,1,0.99761957,0
Jennifer_Garner,rotation,15.00000000,1,0.99760604,0
Jennifer_Garner,rotation,20.00000000,1,0.99739152,0
Jennifer_Garner,blur,0.00000000,1,0.99602908,0
Jennifer_Garner,blur,1.00000000,1,0.99549204,0
Jennifer_Garner,blur,2.00000000,1,0.96602404,0
Jennifer_Garner,blur,3.00000000,1,0.89625585,0
Jennifer_Garner,blur,4.00000000,1,0.82544804,0
Jennifer_Garner,blur,5.00000000,0,0.73072624,0
Jennifer_Garner,occlusion,0.00000000,1,0.99895966,0
Jennifer_Garner,occlusion,0.10000000,0,-0.06868229,0
Jennifer_Garner,occlusion,0.15000000,0,-0.06908911,0
Jennifer_Garner,occlusion,0.20000000,0,-0.06777025,0
Jennifer_Garner,occlusion,0.25000000,0,-0.06878984,0
Jennifer_Garner,occlusion,0.30000000,0,-0.06745949,0
Jennifer_Lopez,gaussian,0.00000000,1,0.99999994,0
Jennifer_Lopez,gaussian,0.02000000,1,0.97793043,0
Jennifer_Lopez,gaussian,0.05000000,1,0.84987706,0
Jennifer_Lopez,gaussian,0.10000000,1,0.80476099,0
Jennifer_Lopez,gaussian,0.20000000,0,nan,1
Jennifer_Lopez,gaussian,0.30000000,0,nan,1
Jennifer_Lopez,brightness,1.00000000,1,0.99999994,0
Jennifer_Lopez,brightness,0.90000000,1,0.99865431,0
Jennifer_Lopez,brightness,0.80000000,1,0.99697489,0
Jennifer_Lopez,brightness,0.65000000,1,0.99345660,0
Jennifer_Lopez,brightness,0.50000000,1,0.98726797,0
Jennifer_Lopez,brightness,0.35000000,1,0.96800745,0
Jennifer_Lopez,rotation,0.00000000,1,0.99999994,0
Jennifer_Lopez,rotation,3.00000000,1,0.99648821,0
Jennifer_Lopez,rotation,6.00000000,1,0.99470979,0
Jennifer_Lopez,rotation,10.00000000,1,0.99480879,0
Jennifer_Lopez,rotation,15.00000000,1,0.99117059,0
Jennifer_Lopez,rotation,20.00000000,1,0.98914695,0
Jennifer_Lopez,blur,0.00000000,1,0.99734557,0
Jennifer_Lopez,blur,1.00000000,1,0.99684191,0
Jennifer_Lopez,blur,2.00000000,1,0.97705555,0
Jennifer_Lopez,blur,3.00000000,1,0.92634308,0
Jennifer_Lopez,blur,4.00000000,1,0.83074963,0
Jennifer_Lopez,blur,5.00000000,0,0.71941829,0
Jennifer_Lopez,occlusion,0.00000000,1,0.99652684,0
Jennifer_Lopez,occlusion,0.10000000,0,0.38156912,0
Jennifer_Lopez,occlusion,0.15000000,0,nan,1
Jennifer_Lopez,occlusion,0.20000000,0,nan,1
Jennifer_Lopez,occlusion,0.25000000,0,nan,1
Jennifer_Lopez,occlusion,0.30000000,0,nan,1
Jeong_Se-hyun,gaussian,0.00000000,1,1.00000012,0
Jeong_Se-hyun,gaussian,0.02000000,1,0.99135756,0
Jeong_Se-hyun,gaussian,0.05000000,1,0.96028018,0
Jeong_Se-hyun,gaussian,0.10000000,1,0.88507497,0
Jeong_Se-hyun,gaussian,0.20000000,0,nan,1
Jeong_Se-hyun,gaussian,0.30000000,0,nan,1
Jeong_Se-hyun,brightness,1.00000000,1,1.00000012,0
Jeong_Se-hyun,brightness,0.90000000,1,0.99930000,0
Jeong_Se-hyun,brightness,0.80000000,1,0.99793303,0
Jeong_Se-hyun,brightness,0.65000000,1,0.99441099,0
Jeong_Se-hyun,brightness,0.50000000,1,0.98980886,0
Jeong_Se-hyun,brightness,0.35000000,1,0.98331869,0
Jeong_Se-hyun,rotation,0.00000000,1,1.00000012,0
Jeong_Se-hyun,rotation,3.00000000,1,0.99837482,0
Jeong_Se-hyun,rotation,6.00000000,1,0.99697447,0
Jeong_Se-hyun,rotation,10.00000000,1,0.99681282,0
Jeong_Se-hyun,rotation,15.00000000,1,0.99625409,0
Jeong_Se-hyun,rotation,20.00000000,1,0.99458671,0
Jeong_Se-hyun,blur,0.00000000,1,0.99625814,0
Jeong_Se-hyun,blur,1.00000000,1,0.99547958,0
Jeong_Se-hyun,blur,2.00000000,1,0.97021002,0
Jeong_Se-hyun,blur,3.00000000,1,0.89808762,0
Jeong_Se-hyun,blur,4.00000000,1,0.80476022,0
Jeong_Se-hyun,blur,5.00000000,1,0.72385466,0
Jeong_Se-hyun,occlusion,0.00000000,1,0.99909568,0
Jeong_Se-hyun,occlusion,0.10000000,0,0.42869771,0
Jeong_Se-hyun,occlusion,0.15000000,0,nan,1
Jeong_Se-hyun,occlusion,0.20000000,0,nan,1
Jeong_Se-hyun,occlusion,0.25000000,0,nan,1
Jeong_Se-hyun,occlusion,0.30000000,0,nan,1
Jeremy_Greenstock,gaussian,0.00000000,1,0.99999988,0
Jeremy_Greenstock,gaussian,0.02000000,0,-0.04870852,0
Jeremy_Greenstock,gaussian,0.05000000,0,-0.07773607,0
Jeremy_Greenstock,gaussian,0.10000000,1,0.88075471,0
Jeremy_Greenstock,gaussian,0.20000000,0,nan,1
Jeremy_Greenstock,gaussian,0.30000000,0,nan,1
Jeremy_Greenstock,brightness,1.00000000,1,0.99999988,0
Jeremy_Greenstock,brightness,0.90000000,1,0.99926567,0
Jeremy_Greenstock,brightness,0.80000000,1,0.99789417,0
Jeremy_Greenstock,brightness,0.65000000,1,0.99486274,0
Jeremy_Greenstock,brightness,0.50000000,1,0.98990154,0
Jeremy_Greenstock,brightness,0.35000000,1,0.98199725,0
Jeremy_Greenstock,rotation,0.00000000,1,0.99999988,0
Jeremy_Greenstock,rotation,3.00000000,1,0.99762046,0
Jeremy_Greenstock,rotation,6.00000000,1,0.99816370,0
Jeremy_Greenstock,rotation,10.00000000,1,0.99764401,0
Jeremy_Greenstock,rotation,15.00000000,1,0.99147660,0
Jeremy_Greenstock,rotation,20.00000000,1,0.98674178,0
Jeremy_Greenstock,blur,0.00000000,1,0.99440539,0
Jeremy_Greenstock,blur,1.00000000,1,0.99332327,0
Jeremy_Greenstock,blur,2.00000000,1,0.96582198,0
Jeremy_Greenstock,blur,3.00000000,1,0.90328634,0
Jeremy_Greenstock,blur,4.00000000,1,0.82945448,0
Jeremy_Greenstock,blur,5.00000000,1,0.74823463,0
Jeremy_Greenstock,occlusion,0.00000000,0,-0.04878373,0
Jeremy_Greenstock,occlusion,0.10000000,0,-0.04876356,0
Jeremy_Greenstock,occlusion,0.15000000,0,-0.04773617,0
Jeremy_Greenstock,occlusion,0.20000000,0,-0.04849016,0
Jeremy_Greenstock,occlusion,0.25000000,0,-0.04565718,0
Jeremy_Greenstock,occlusion,0.30000000,0,-0.03986662,0
Jesse_Jackson,gaussian,0.00000000,1,1.00000000,0
Jesse_Jackson,gaussian,0.02000000,1,0.98743832,0
Jesse_Jackson,gaussian,0.05000000,1,0.94897246,0
Jesse_Jackson,gaussian,0.10000000,0,-0.01032096,0
Jesse_Jackson,gaussian,0.20000000,0,nan,1
Jesse_Jackson,gaussian,0.30000000,0,nan,1
Jesse_Jackson,brightness,1.00000000,1,1.00000000,0
Jesse_Jackson,brightness,0.90000000,1,0.99939120,0
Jesse_Jackson,brightness,0.80000000,1,0.99800014,0
Jesse_Jackson,brightness,0.65000000,1,0.99415982,0
Jesse_Jackson,brightness,0.50000000,1,0.98775649,0
Jesse_Jackson,brightness,0.35000000,1,0.97603786,0
Jesse_Jackson,rotation,0.00000000,1,1.00000000,0
Jesse_Jackson,rotation,3.00000000,1,0.99810737,0
Jesse_Jackson,rotation,6.00000000,1,0.99735719,0
Jesse_Jackson,rotation,10.00000000,1,0.99557996,0
Jesse_Jackson,rotation,15.00000000,1,0.99389303,0
Jesse_Jackson,rotation,20.00000000,1,0.99128503,0
Jesse_Jackson,blur,0.00000000,1,0.99376762,0
Jesse_Jackson,blur,1.00000000,1,0.99222553,0
Jesse_Jackson,blur,2.00000000,1,0.95796633,0
Jesse_Jackson,blur,3.00000000,1,0.89290452,0
Jesse_Jackson,blur,4.00000000,0,0.00845492,0
Jesse_Jackson,blur,5.00000000,0,0.01374313,0
Jesse_Jackson,occlusion,0.00000000,1,0.99889874,0
Jesse_Jackson,occlusion,0.10000000,0,-0.04052354,0
Jesse_Jackson,occlusion,0.15000000,0,-0.04000426,0
Jesse_Jackson,occlusion,0.20000000,0,-0.03894714,0
Jesse_Jackson,occlusion,0.25000000,0,-0.04110204,0
Jesse_Jackson,occlusion,0.30000000,0,-0.04190870,0
Jiang_Zemin,gaussian,0.00000000,1,1.00000000,0
Jiang_Zemin,gaussian,0.02000000,1,0.99036479,0
Jiang_Zemin,gaussian,0.05000000,1,0.95794839,0
Jiang_Zemin,gaussian,0.10000000,1,0.87257081,0
Jiang_Zemin,gaussian,0.20000000,0,nan,1
Jiang_Zemin,gaussian,0.30000000,0,nan,1
Jiang_Zemin,brightness,1.00000000,1,1.00000000,0
Jiang_Zemin,brightness,0.90000000,1,0.99951947,0
Jiang_Zemin,brightness,0.80000000,1,0.99865073,0
Jiang_Zemin,brightness,0.65000000,1,0.99576849,0
Jiang_Zemin,brightness,0.50000000,1,0.99181867,0
Jiang_Zemin,brightness,0.35000000,1,0.98567325,0
Jiang_Zemin,rotation,0.00000000,1,1.00000000,0
Jiang_Zemin,rotation,3.00000000,1,0.99566704,0
Jiang_Zemin,rotation,6.00000000,1,0.99447709,0
Jiang_Zemin,rotation,10.00000000,1,0.98884475,0
Jiang_Zemin,rotation,15.00000000,1,0.98969835,0
Jiang_Zemin,rotation,20.00000000,1,0.98689580,0
Jiang_Zemin,blur,0.00000000,1,0.99355251,0
Jiang_Zemin,blur,1.00000000,1,0.99265826,0
Jiang_Zemin,blur,2.00000000,1,0.95663536,0
Jiang_Zemin,blur,3.00000000,1,0.89448309,0
Jiang_Zemin,blur,4.00000000,1,0.68312091,0
Jiang_Zemin,blur,5.00000000,0,0.55907863,0
Jiang_Zemin,occlusion,0.00000000,1,0.99862498,0
Jiang_Zemin,occlusion,0.10000000,0,0.42344525,0
Jiang_Zemin,occlusion,0.15000000,0,nan,1
Jiang_Zemin,occlusion,0.20000000,0,nan,1
Jiang_Zemin,occlusion,0.25000000,0,nan,1
Jiang_Zemin,occlusion,0.30000000,0,nan,1
Jim_Furyk,gaussian,0.00000000,1,0.99999988,0
Jim_Furyk,gaussian,0.02000000,1,0.98310697,0
Jim_Furyk,gaussian,0.05000000,1,0.92094088,0
Jim_Furyk,gaussian,0.10000000,1,0.81805182,0
Jim_Furyk,gaussian,0.20000000,0,nan,1
Jim_Furyk,gaussian,0.30000000,0,nan,1
Jim_Furyk,brightness,1.00000000,1,0.99999988,0
Jim_Furyk,brightness,0.90000000,1,0.99919236,0
Jim_Furyk,brightness,0.80000000,1,0.99797571,0
Jim_Furyk,brightness,0.65000000,1,0.99470562,0
Jim_Furyk,brightness,0.50000000,1,0.98842305,0
Jim_Furyk,brightness,0.35000000,1,0.97942865,0
Jim_Furyk,rotation,0.00000000,1,0.99999988,0
Jim_Furyk,rotation,3.00000000,1,0.99885565,0
Jim_Furyk,rotation,6.00000000,1,0.99785191,0
Jim_Furyk,rotation,10.00000000,1,0.99682224,0
Jim_Furyk,rotation,15.00000000,1,0.99700451,0
Jim_Furyk,rotation,20.00000000,1,0.99535561,0
Jim_Furyk,blur,0.00000000,1,0.99730241,0
Jim_Furyk,blur,1.00000000,1,0.99714363,0
Jim_Furyk,blur,2.00000000,1,0.97541410,0
Jim_Furyk,blur,3.00000000,1,0.92219216,0
Jim_Furyk,blur,4.00000000,1,0.82759249,0
Jim_Furyk,blur,5.00000000,0,0.72024786,0
Jim_Furyk,occlusion,0.00000000,1,0.99926037,0
Jim_Furyk,occlusion,0.10000000,0,0.52165991,0
Jim_Furyk,occlusion,0.15000000,0,nan,1
Jim_Furyk,occlusion,0.20000000,0,nan,1
Jim_Furyk,occlusion,0.25000000,0,nan,1
Jim_Furyk,occlusion,0.30000000,0,nan,1
Jimmy_Carter,gaussian,0.00000000,1,1.00000000,0
Jimmy_Carter,gaussian,0.02000000,1,0.99347830,0
Jimmy_Carter,gaussian,0.05000000,1,0.96428788,0
Jimmy_Carter,gaussian,0.10000000,1,0.91747522,0
Jimmy_Carter,gaussian,0.20000000,0,nan,1
Jimmy_Carter,gaussian,0.30000000,0,nan,1
Jimmy_Carter,brightness,1.00000000,1,1.00000000,0
Jimmy_Carter,brightness,0.90000000,1,0.99947095,0
Jimmy_Carter,brightness,0.80000000,1,0.99848890,0
Jimmy_Carter,brightness,0.65000000,1,0.99547458,0
Jimmy_Carter,brightness,0.50000000,1,0.99088657,0
Jimmy_Carter,brightness,0.35000000,1,0.98420846,0
Jimmy_Carter,rotation,0.00000000,1,1.00000000,0
Jimmy_Carter,rotation,3.00000000,1,0.99775994,0
Jimmy_Carter,rotation,6.00000000,1,0.99612498,0
Jimmy_Carter,rotation,10.00000000,1,0.99536663,0
Jimmy_Carter,rotation,15.00000000,1,0.99394685,0
Jimmy_Carter,rotation,20.00000000,0,0.01596300,0
Jimmy_Carter,blur,0.00000000,1,0.99596214,0
Jimmy_Carter,blur,1.00000000,1,0.99523306,0
Jimmy_Carter,blur,2.00000000,1,0.96156210,0
Jimmy_Carter,blur,3.00000000,1,0.85677421,0
Jimmy_Carter,blur,4.00000000,0,0.00161476,0
Jimmy_Carter,blur,5.00000000,0,-0.01304137,0
Jimmy_Carter,occlusion,0.00000000,1,0.99851692,0
Jimmy_Carter,occlusion,0.10000000,0,0.01946328,0
Jimmy_Carter,occlusion,0.15000000,0,0.01350792,0
Jimmy_Carter,occlusion,0.20000000,0,0.01811742,0
Jimmy_Carter,occlusion,0.25000000,0,0.00636278,0
Jimmy_Carter,occlusion,0.30000000,0,-0.02257056,0
Jiri_Novak,gaussian,0.00000000,1,1.00000000,0
Jiri_Novak,gaussian,0.02000000,1,0.98559225,0
Jiri_Novak,gaussian,0.05000000,1,0.95236170,0
Jiri_Novak,gaussian,0.10000000,1,0.87739307,0
Jiri_Novak,gaussian,0.20000000,0,nan,1
Jiri_Novak,gaussian,0.30000000,0,nan,1
Jiri_Novak,brightness,1.00000000,1,1.00000000,0
Jiri_Novak,brightness,0.90000000,1,0.99924397,0
Jiri_Novak,brightness,0.80000000,1,0.99792886,0
Jiri_Novak,brightness,0.65000000,1,0.99408853,0
Jiri_Novak,brightness,0.50000000,1,0.98609710,0
Jiri_Novak,brightness,0.35000000,1,0.97560430,0
Jiri_Novak,rotation,0.00000000,1,1.00000000,0
Jiri_Novak,rotation,3.00000000,1,0.99797732,0
Jiri_Novak,rotation,6.00000000,1,0.99746293,0
Jiri_Novak,rotation,10.00000000,1,0.99697179,0
Jiri_Novak,rotation,15.00000000,1,0.99426240,0
Jiri_Novak,rotation,20.00000000,1,0.99235040,0
Jiri_Novak,blur,0.00000000,1,0.99589407,0
Jiri_Novak,blur,1.00000000,1,0.99520892,0
Jiri_Novak,blur,2.00000000,1,0.96150017,0
Jiri_Novak,blur,3.00000000,1,0.90140808,0
Jiri_Novak,blur,4.00000000,0,0.81956577,0
Jiri_Novak,blur,5.00000000,1,0.73618495,0
Jiri_Novak,occlusion,0.00000000,1,0.99873698,0
Jiri_Novak,occlusion,0.10000000,0,nan,1
Jiri_Novak,occlusion,0.15000000,0,nan,1
Jiri_Novak,occlusion,0.20000000,0,nan,1
Jiri_Novak,occlusion,0.25000000,0,nan,1
Jiri_Novak,occlusion,0.30000000,0,nan,1
Joan_Laporta,gaussian,0.00000000,1,0.99999988,0
Joan_Laporta,gaussian,0.02000000,1,0.98425347,0
Joan_Laporta,gaussian,0.05000000,1,0.92723441,0
Joan_Laporta,gaussian,0.10000000,1,0.85011220,0
Joan_Laporta,gaussian,0.20000000,0,nan,1
Joan_Laporta,gaussian,0.30000000,0,nan,1
Joan_Laporta,brightness,1.00000000,1,0.99999988,0
Joan_Laporta,brightness,0.90000000,1,0.99924278,0
Joan_Laporta,brightness,0.80000000,1,0.99794722,0
Joan_Laporta,brightness,0.65000000,1,0.99469459,0
Joan_Laporta,brightness,0.50000000,1,0.98869419,0
Joan_Laporta,brightness,0.35000000,1,0.97733259,0
Joan_Laporta,rotation,0.00000000,1,0.99999988,0
Joan_Laporta,rotation,3.00000000,1,0.99854255,0
Joan_Laporta,rotation,6.00000000,1,0.99765372,0
Joan_Laporta,rotation,10.00000000,1,0.99632084,0
Joan_Laporta,rotation,15.00000000,1,0.99560469,0
Joan_Laporta,rotation,20.00000000,1,0.99558342,0
Joan_Laporta,blur,0.00000000,1,0.99827397,0
Joan_Laporta,blur,1.00000000,1,0.99796224,0
Joan_Laporta,blur,2.00000000,1,0.98231328,0
Joan_Laporta,blur,3.00000000,1,0.92568737,0
Joan_Laporta,blur,4.00000000,1,0.84391630,0
Joan_Laporta,blur,5.00000000,0,0.73568916,0
Joan_Laporta,occlusion,0.00000000,1,0.99906659,0
Joan_Laporta,occlusion,0.10000000,0,0.33691686,0
Joan_Laporta,occlusion,0.15000000,0,nan,1
Joan_Laporta,occlusion,0.20000000,0,nan,1
Joan_Laporta,occlusion,0.25000000,0,nan,1
Joan_Laporta,occlusion,0.30000000,0,nan,1
Joe_Lieberman,gaussian,0.00000000,1,1.00000000,0
Joe_Lieberman,gaussian,0.02000000,1,0.98740983,0
Joe_Lieberman,gaussian,0.05000000,1,0.95067358,0
Joe_Lieberman,gaussian,0.10000000,1,0.88233346,0
Joe_Lieberman,gaussian,0.20000000,0,nan,1
Joe_Lieberman,gaussian,0.30000000,0,nan,1
Joe_Lieberman,brightness,1.00000000,1,1.00000000,0
Joe_Lieberman,brightness,0.90000000,1,0.99960572,0
Joe_Lieberman,brightness,0.80000000,1,0.99914008,0
Joe_Lieberman,brightness,0.65000000,1,0.99739403,0
Joe_Lieberman,brightness,0.50000000,1,0.99300176,0
Joe_Lieberman,brightness,0.35000000,1,0.98349035,0
Joe_Lieberman,rotation,0.00000000,1,1.00000000,0
Joe_Lieberman,rotation,3.00000000,1,0.99896693,0
Joe_Lieberman,rotation,6.00000000,1,0.99816352,0
Joe_Lieberman,rotation,10.00000000,1,0.99855578,0
Joe_Lieberman,rotation,15.00000000,1,0.99901640,0
Joe_Lieberman,rotation,20.00000000,1,0.99874437,0
Joe_Lieberman,blur,0.00000000,1,0.99801487,0
Joe_Lieberman,blur,1.00000000,1,0.99777341,0
Joe_Lieberman,blur,2.00000000,1,0.97791207,0
Joe_Lieberman,blur,3.00000000,1,0.89744979,0
Joe_Lieberman,blur,4.00000000,1,0.78988230,0
Joe_Lieberman,blur,5.00000000,1,0.68771911,0
Joe_Lieberman,occlusion,0.00000000,1,0.99886894,0
Joe_Lieberman,occlusion,0.10000000,0,nan,1
Joe_Lieberman,occlusion,0.15000000,0,nan,1
Joe_Lieberman,occlusion,0.20000000,0,nan,1
Joe_Lieberman,occlusion,0.25000000,0,nan,1
Joe_Lieberman,occlusion,0.30000000,0,nan,1
John_Abizaid,gaussian,0.00000000,1,1.00000000,0
John_Abizaid,gaussian,0.02000000,1,0.98462880,0
John_Abizaid,gaussian,0.05000000,1,0.94123459,0
John_Abizaid,gaussian,0.10000000,1,0.85687971,0
John_Abizaid,gaussian,0.20000000,0,nan,1
John_Abizaid,gaussian,0.30000000,0,nan,1
John_Abizaid,brightness,1.00000000,1,1.00000000,0
John_Abizaid,brightness,0.90000000,1,0.99943686,0
John_Abizaid,brightness,0.80000000,1,0.99862683,0
John_Abizaid,brightness,0.65000000,1,0.99613899,0
John_Abizaid,brightness,0.50000000,1,0.99082166,0
John_Abizaid,brightness,0.35000000,1,0.98218423,0
John_Abizaid,rotation,0.00000000,1,1.00000000,0
John_Abizaid,rotation,3.00000000,1,0.99763179,0
John_Abizaid,rotation,6.00000000,1,0.99735361,0
John_Abizaid,rotation,10.00000000,1,0.99628806,0
John_Abizaid,rotation,15.00000000,1,0.99261838,0
John_Abizaid,rotation,20.00000000,1,0.99152005,0
John_Abizaid,blur,0.00000000,1,0.99349558,0
John_Abizaid,blur,1.00000000,1,0.99208206,0
John_Abizaid,blur,2.00000000,1,0.95347393,0
John_Abizaid,blur,3.00000000,1,0.89694130,0
John_Abizaid,blur,4.00000000,1,0.77343857,0
John_Abizaid,blur,5.00000000,0,0.64815360,0
John_Abizaid,occlusion,0.00000000,1,0.99907315,0
John_Abizaid,occlusion,0.10000000,0,0.38449872,0
John_Abizaid,occlusion,0.15000000,0,nan,1
John_Abizaid,occlusion,0.20000000,0,nan,1
John_Abizaid,occlusion,0.25000000,0,nan,1
John_Abizaid,occlusion,0.30000000,0,nan,1
John_Allen_Muhammad,gaussian,0.00000000,1,1.00000000,0
John_Allen_Muhammad,gaussian,0.02000000,1,0.98734629,0
John_Allen_Muhammad,gaussian,0.05000000,1,0.95794475,0
John_Allen_Muhammad,gaussian,0.10000000,1,0.88332844,0
John_Allen_Muhammad,gaussian,0.20000000,0,nan,1
John_Allen_Muhammad,gaussian,0.30000000,0,nan,1
John_Allen_Muhammad,brightness,1.00000000,1,1.00000000,0
John_Allen_Muhammad,brightness,0.90000000,1,0.99945140,0
John_Allen_Muhammad,brightness,0.80000000,1,0.99812037,0
John_Allen_Muhammad,brightness,0.65000000,1,0.99549323,0
John_Allen_Muhammad,brightness,0.50000000,1,0.99129230,0
John_Allen_Muhammad,brightness,0.35000000,1,0.98030454,0
John_Allen_Muhammad,rotation,0.00000000,1,1.00000000,0
John_Allen_Muhammad,rotation,3.00000000,1,0.99897230,0
John_Allen_Muhammad,rotation,6.00000000,1,0.99829376,0
John_Allen_Muhammad,rotation,10.00000000,1,0.99801469,0
John_Allen_Muhammad,rotation,15.00000000,1,0.99850523,0
John_Allen_Muhammad,rotation,20.00000000,1,0.99311161,0
John_Allen_Muhammad,blur,0.00000000,1,0.99675804,0
John_Allen_Muhammad,blur,1.00000000,1,0.99638861,0
John_Allen_Muhammad,blur,2.00000000,1,0.97320366,0
John_Allen_Muhammad,blur,3.00000000,1,0.92363012,0
John_Allen_Muhammad,blur,4.00000000,0,0.83615088,0
John_Allen_Muhammad,blur,5.00000000,0,0.74549216,0
John_Allen_Muhammad,occlusion,0.00000000,1,0.99879038,0
John_Allen_Muhammad,occlusion,0.10000000,0,0.46573102,0
John_Allen_Muhammad,occlusion,0.15000000,0,0.23337790,0
John_Allen_Muhammad,occlusion,0.20000000,0,nan,1
John_Allen_Muhammad,occlusion,0.25000000,0,nan,1
John_Allen_Muhammad,occlusion,0.30000000,0,nan,1
John_Ashcroft,gaussian,0.00000000,1,1.00000012,0
John_Ashcroft,gaussian,0.02000000,1,0.98154759,0
John_Ashcroft,gaussian,0.05000000,1,0.91392624,0
John_Ashcroft,gaussian,0.10000000,1,0.80190349,0
John_Ashcroft,gaussian,0.20000000,0,nan,1
John_Ashcroft,gaussian,0.30000000,0,nan,1
John_Ashcroft,brightness,1.00000000,1,1.00000012,0
John_Ashcroft,brightness,0.90000000,1,0.99909806,0
John_Ashcroft,brightness,0.80000000,1,0.99742860,0
John_Ashcroft,brightness,0.65000000,1,0.99239349,0
John_Ashcroft,brightness,0.50000000,1,0.98205388,0
John_Ashcroft,brightness,0.35000000,1,0.96536958,0
John_Ashcroft,rotation,0.00000000,1,1.00000012,0
John_Ashcroft,rotation,3.00000000,1,0.99821573,0
John_Ashcroft,rotation,6.00000000,1,0.99835801,0
John_Ashcroft,rotation,10.00000000,1,0.99612772,0
John_Ashcroft,rotation,15.00000000,1,0.99409240,0
John_Ashcroft,rotation,20.00000000,1,0.98983258,0
John_Ashcroft,blur,0.00000000,1,0.99570608,0
John_Ashcroft,blur,1.00000000,1,0.99483210,0
John_Ashcroft,blur,2.00000000,1,0.96594989,0
John_Ashcroft,blur,3.00000000,1,0.89187002,0
John_Ashcroft,blur,4.00000000,0,0.76721656,0
John_Ashcroft,blur,5.00000000,0,0.63040984,0
John_Ashcroft,occlusion,0.00000000,1,0.99855149,0
John_Ashcroft,occlusion,0.10000000,0,0.29503083,0
John_Ashcroft,occlusion,0.15000000,0,nan,1
John_Ashcroft,occlusion,0.20000000,0,nan,1
John_Ashcroft,occlusion,0.25000000,0,nan,1
John_Ashcroft,occlusion,0.30000000,0,nan,1
John_Bolton,gaussian,0.00000000,1,1.00000012,0
John_Bolton,gaussian,0.02000000,1,0.99289805,0
John_Bolton,gaussian,0.05000000,1,0.97142965,0
John_Bolton,gaussian,0.10000000,1,0.89543599,0
John_Bolton,gaussian,0.20000000,0,nan,1
John_Bolton,gaussian,0.30000000,0,nan,1
John_Bolton,brightness,1.00000000,1,1.00000012,0
John_Bolton,brightness,0.90000000,1,0.99946392,0
John_Bolton,brightness,0.80000000,1,0.99829435,0
John_Bolton,brightness,0.65000000,1,0.99580818,0
John_Bolton,brightness,0.50000000,1,0.99230105,0
John_Bolton,brightness,0.35000000,1,0.98377466,0
John_Bolton,rotation,0.00000000,1,1.00000012,0
John_Bolton,rotation,3.00000000,1,0.99690270,0
John_Bolton,rotation,6.00000000,1,0.99485290,0
John_Bolton,rotation,10.00000000,1,0.99297535,0
John_Bolton,rotation,15.00000000,1,0.99393964,0
John_Bolton,rotation,20.00000000,1,0.99302596,0
John_Bolton,blur,0.00000000,1,0.99144709,0
John_Bolton,blur,1.00000000,1,0.98992813,0
John_Bolton,blur,2.00000000,1,0.94978833,0
John_Bolton,blur,3.00000000,1,0.87697661,0
John_Bolton,blur,4.00000000,1,0.80597949,0
John_Bolton,blur,5.00000000,0,0.69502801,0
John_Bolton,occlusion,0.00000000,1,0.99876487,0
John_Bolton,occlusion,0.10000000,0,0.37682408,0
John_Bolton,occlusion,0.15000000,0,nan,1
John_Bolton,occlusion,0.20000000,0,nan,1
John_Bolton,occlusion,0.25000000,0,nan,1
John_Bolton,occlusion,0.30000000,0,nan,1
John_Edwards,gaussian,0.00000000,1,1.00000000,0
John_Edwards,gaussian,0.02000000,1,0.98797303,0
John_Edwards,gaussian,0.05000000,1,0.93756104,0
John_Edwards,gaussian,0.10000000,1,0.84205854,0
John_Edwards,gaussian,0.20000000,0,nan,1
John_Edwards,gaussian,0.30000000,0,nan,1
John_Edwards,brightness,1.00000000,1,1.00000000,0
John_Edwards,brightness,0.90000000,1,0.99955654,0
John_Edwards,brightness,0.80000000,1,0.99844557,0
John_Edwards,brightness,0.65000000,1,0.99579132,0
John_Edwards,brightness,0.50000000,1,0.99061191,0
John_Edwards,brightness,0.35000000,1,0.98108888,0
John_Edwards,rotation,0.00000000,1,1.00000000,0
John_Edwards,rotation,3.00000000,1,0.99694538,0
John_Edwards,rotation,6.00000000,1,0.99417543,0
John_Edwards,rotation,10.00000000,1,0.99405259,0
John_Edwards,rotation,15.00000000,1,0.99009085,0
John_Edwards,rotation,20.00000000,1,0.97879875,0
John_Edwards,blur,0.00000000,1,0.99422491,0
John_Edwards,blur,1.00000000,1,0.99326718,0
John_Edwards,blur,2.00000000,1,0.96350461,0
John_Edwards,blur,3.00000000,1,0.88068295,0
John_Edwards,blur,4.00000000,1,0.71883774,0
John_Edwards,blur,5.00000000,1,0.59923875,0
John_Edwards,occlusion,0.00000000,1,0.99838686,0
John_Edwards,occlusion,0.10000000,0,0.34241796,0
John_Edwards,occlusion,0.15000000,0,nan,1
John_Edwards,occlusion,0.20000000,0,nan,1
John_Edwards,occlusion,0.25000000,0,nan,1
John_Edwards,occlusion,0.30000000,0,nan,1
John_Howard,gaussian,0.00000000,1,1.00000000,0
John_Howard,gaussian,0.02000000,1,0.98875916,0
John_Howard,gaussian,0.05000000,1,0.95143032,0
John_Howard,gaussian,0.10000000,1,0.80599368,0
John_Howard,gaussian,0.20000000,0,nan,1
John_Howard,gaussian,0.30000000,0,nan,1
John_Howard,brightness,1.00000000,1,1.00000000,0
John_Howard,brightness,0.90000000,1,0.99958527,0
John_Howard,brightness,0.80000000,1,0.99842203,0
John_Howard,brightness,0.65000000,1,0.99446917,0
John_Howard,brightness,0.50000000,1,0.98919034,0
John_Howard,brightness,0.35000000,1,0.97800350,0
John_Howard,rotation,0.00000000,1,1.00000000,0
John_Howard,rotation,3.00000000,1,0.99613911,0
John_Howard,rotation,6.00000000,1,0.99519563,0
John_Howard,rotation,10.00000000,1,0.99539113,0
John_Howard,rotation,15.00000000,1,0.99531031,0
John_Howard,rotation,20.00000000,1,0.99033374,0
John_Howard,blur,0.00000000,1,0.99217510,0
John_Howard,blur,1.00000000,1,0.99103683,0
John_Howard,blur,2.00000000,1,0.94449490,0
John_Howard,blur,3.00000000,1,0.84940612,0
John_Howard,blur,4.00000000,1,0.72112882,0
John_Howard,blur,5.00000000,0,0.58555907,0
John_Howard,occlusion,0.00000000,1,0.99939239,0
John_Howard,occlusion,0.10000000,0,0.33467963,0
John_Howard,occlusion,0.15000000,0,nan,1
John_Howard,occlusion,0.20000000,0,nan,1
John_Howard,occlusion,0.25000000,0,nan,1
John_Howard,occlusion,0.30000000,0,nan,1
John_Kerry,gaussian,0.00000000,1,1.00000000,0
John_Kerry,gaussian,0.02000000,1,0.99529439,0
John_Kerry,gaussian,0.05000000,1,0.97115672,0
John_Kerry,gaussian,0.10000000,1,0.94098026,0
John_Kerry,gaussian,0.20000000,0,nan,1
John_Kerry,gaussian,0.30000000,0,nan,1
John_Kerry,brightness,1.00000000,1,1.00000000,0
John_Kerry,brightness,0.90000000,1,0.99972391,0
John_Kerry,brightness,0.80000000,1,0.99909431,0
John_Kerry,brightness,0.65000000,1,0.99733877,0
John_Kerry,brightness,0.50000000,1,0.99443758,0
John_Kerry,brightness,0.35000000,1,0.98953283,0
John_Kerry,rotation,0.00000000,1,1.00000000,0
John_Kerry,rotation,3.00000000,1,0.99687254,0
John_Kerry,rotation,6.00000000,1,0.99373806,0
John_Kerry,rotation,10.00000000,1,0.99217874,0
John_Kerry,rotation,15.00000000,1,0.99325681,0
John_Kerry,rotation,20.00000000,1,0.99527460,0
John_Kerry,blur,0.00000000,1,0.99638093,0
John_Kerry,blur,1.00000000,1,0.99588060,0
John_Kerry,blur,2.00000000,1,0.97652853,0
John_Kerry,blur,3.00000000,1,0.92877251,0
John_Kerry,blur,4.00000000,1,0.85619175,0
John_Kerry,blur,5.00000000,1,0.77584380,0
John_Kerry,occlusion,0.00000000,1,0.99875736,0
John_Kerry,occlusion,0.10000000,0,0.41884044,0
John_Kerry,occlusion,0.15000000,0,nan,1
John_Kerry,occlusion,0.20000000,0,nan,1
John_Kerry,occlusion,0.25000000,0,nan,1
John_Kerry,occlusion,0.30000000,0,nan,1
John_Manley,gaussian,0.00000000,1,1.00000000,0
John_Manley,gaussian,0.02000000,1,0.98887444,0
John_Manley,gaussian,0.05000000,1,0.96566784,0
John_Manley,gaussian,0.10000000,1,0.85318744,0
John_Manley,gaussian,0.20000000,0,nan,1
John_Manley,gaussian,0.30000000,0,nan,1
John_Manley,brightness,1.00000000,1,1.00000000,0
John_Manley,brightness,0.90000000,1,0.99964803,0
John_Manley,brightness,0.80000000,1,0.99889362,0
John_Manley,brightness,0.65000000,1,0.99733847,0
John_Manley,brightness,0.50000000,1,0.99418271,0
John_Manley,brightness,0.35000000,1,0.98815310,0
John_Manley,rotation,0.00000000,1,1.00000000,0
John_Manley,rotation,3.00000000,1,0.99725485,0
John_Manley,rotation,6.00000000,1,0.99743134,0
John_Manley,rotation,10.00000000,1,0.99623913,0
John_Manley,rotation,15.00000000,1,0.99604970,0
John_Manley,rotation,20.00000000,1,0.99514246,0
John_Manley,blur,0.00000000,1,0.99723381,0
John_Manley,blur,1.00000000,1,0.99693722,0
John_Manley,blur,2.00000000,1,0.97884429,0
John_Manley,blur,3.00000000,1,0.91607630,0
John_Manley,blur,4.00000000,1,0.79963386,0
John_Manley,blur,5.00000000,1,0.68069494,0
John_Manley,occlusion,0.00000000,1,0.99872798,0
John_Manley,occlusion,0.10000000,0,0.38997561,0
John_Manley,occlusion,0.15000000,0,nan,1
John_Manley,occlusion,0.20000000,0,nan,1
John_Manley,occlusion,0.25000000,0,nan,1
John_Manley,occlusion,0.30000000,0,nan,1
John_McCain,gaussian,0.00000000,1,1.00000000,0
John_McCain,gaussian,0.02000000,1,0.98112941,0
John_McCain,gaussian,0.05000000,1,0.93852592,0
John_McCain,gaussian,0.10000000,1,0.78731894,0
John_McCain,gaussian,0.20000000,0,nan,1
John_McCain,gaussian,0.30000000,0,nan,1
John_McCain,brightness,1.00000000,1,1.00000000,0
John_McCain,brightness,0.90000000,1,0.99906880,0
John_McCain,brightness,0.80000000,1,0.99734056,0
John_McCain,brightness,0.65000000,1,0.99313158,0
John_McCain,brightness,0.50000000,1,0.98554367,0
John_McCain,brightness,0.35000000,1,0.97517544,0
John_McCain,rotation,0.00000000,1,1.00000000,0
John_McCain,rotation,3.00000000,1,0.99697465,0
John_McCain,rotation,6.00000000,1,0.99738121,0
John_McCain,rotation,10.00000000,1,0.99670929,0
John_McCain,rotation,15.00000000,1,0.99779713,0
John_McCain,rotation,20.00000000,1,0.99785733,0
John_McCain,blur,0.00000000,1,0.99106163,0
John_McCain,blur,1.00000000,1,0.98962355,0
John_McCain,blur,2.00000000,1,0.94742304,0
John_McCain,blur,3.00000000,1,0.86384988,0
John_McCain,blur,4.00000000,1,0.76993895,0
John_McCain,blur,5.00000000,1,0.68050909,0
John_McCain,occlusion,0.00000000,1,0.99902260,0
John_McCain,occlusion,0.10000000,0,nan,1
John_McCain,occlusion,0.15000000,0,nan,1
John_McCain,occlusion,0.20000000,0,nan,1
John_McCain,occlusion,0.25000000,0,nan,1
John_McCain,occlusion,0.30000000,0,nan,1
John_Negroponte,gaussian,0.00000000,1,1.00000000,0
John_Negroponte,gaussian,0.02000000,1,0.98267573,0
John_Negroponte,gaussian,0.05000000,1,0.93281317,0
John_Negroponte,gaussian,0.10000000,1,0.85458529,0
John_Negroponte,gaussian,0.20000000,0,nan,1
John_Negroponte,gaussian,0.30000000,0,nan,1
John_Negroponte,brightness,1.00000000,1,1.00000000,0
John_Negroponte,brightness,0.90000000,1,0.99890178,0
John_Negroponte,brightness,0.80000000,1,0.99727583,0
John_Negroponte,brightness,0.65000000,1,0.99277282,0
John_Negroponte,brightness,0.50000000,1,0.98551404,0
John_Negroponte,brightness,0.35000000,1,0.97722536,0
John_Negroponte,rotation,0.00000000,1,1.00000000,0
John_Negroponte,rotation,3.00000000,1,0.99819279,0
John_Negroponte,rotation,6.00000000,1,0.99602002,0
John_Negroponte,rotation,10.00000000,1,0.99616659,0
John_Negroponte,rotation,15.00000000,1,0.99437094,0
John_Negroponte,rotation,20.00000000,1,0.99205333,0
John_Negroponte,blur,0.00000000,1,0.99639314,0
John_Negroponte,blur,1.00000000,1,0.99580967,0
John_Negroponte,blur,2.00000000,1,0.97257715,0
John_Negroponte,blur,3.00000000,1,0.91451788,0
John_Negroponte,blur,4.00000000,1,0.81543708,0
John_Negroponte,blur,5.00000000,1,0.71450329,0
John_Negroponte,occlusion,0.00000000,1,0.99859095,0
John_Negroponte,occlusion,0.10000000,0,nan,1
John_Negroponte,occlusion,0.15000000,0,nan,1
John_Negroponte,occlusion,0.20000000,0,nan,1
John_Negroponte,occlusion,0.25000000,0,nan,1
John_Negroponte,occlusion,0.30000000,0,nan,1
John_Snow,gaussian,0.00000000,1,0.99999994,0
John_Snow,gaussian,0.02000000,1,0.98906374,0
John_Snow,gaussian,0.05000000,1,0.95455337,0
John_Snow,gaussian,0.10000000,1,0.88314527,0
John_Snow,gaussian,0.20000000,0,nan,1
John_Snow,gaussian,0.30000000,0,nan,1
John_Snow,brightness,1.00000000,1,0.99999994,0
John_Snow,brightness,0.90000000,1,0.99960935,0
John_Snow,brightness,0.80000000,1,0.99886298,0
John_Snow,brightness,0.65000000,1,0.99650204,0
John_Snow,brightness,0.50000000,1,0.99339575,0
John_Snow,brightness,0.35000000,1,0.98653483,0
John_Snow,rotation,0.00000000,1,0.99999994,0
John_Snow,rotation,3.00000000,1,0.99792725,0
John_Snow,rotation,6.00000000,1,0.99633604,0
John_Snow,rotation,10.00000000,1,0.99640948,0
John_Snow,rotation,15.00000000,1,0.99481034,0
John_Snow,rotation,20.00000000,1,0.99085826,0
John_Snow,blur,0.00000000,1,0.99499512,0
John_Snow,blur,1.00000000,1,0.99444723,0
John_Snow,blur,2.00000000,1,0.96657175,0
John_Snow,blur,3.00000000,1,0.89325702,0
John_Snow,blur,4.00000000,1,0.81241560,0
John_Snow,blur,5.00000000,0,0.75904375,0
John_Snow,occlusion,0.00000000,1,0.99805027,0
John_Snow,occlusion,0.10000000,0,nan,1
John_Snow,occlusion,0.15000000,0,nan,1
John_Snow,occlusion,0.20000000,0,nan,1
John_Snow,occlusion,0.25000000,0,nan,1
John_Snow,occlusion,0.30000000,0,nan,1
John_Stockton,gaussian,0.00000000,1,1.00000000,0
John_Stockton,gaussian,0.02000000,1,0.98702455,0
John_Stockton,gaussian,0.05000000,1,0.94732642,0
John_Stockton,gaussian,0.10000000,0,nan,1
John_Stockton,gaussian,0.20000000,0,nan,1
John_Stockton,gaussian,0.30000000,0,nan,1
John_Stockton,brightness,1.00000000,1,1.00000000,0
John_Stockton,brightness,0.90000000,1,0.99948013,0
John_Stockton,brightness,0.80000000,1,0.99763596,0
John_Stockton,brightness,0.65000000,1,0.99305767,0
John_Stockton,brightness,0.50000000,1,0.98604047,0
John_Stockton,brightness,0.35000000,1,0.97186428,0
John_Stockton,rotation,0.00000000,1,1.00000000,0
John_Stockton,rotation,3.00000000,1,0.99380064,0
John_Stockton,rotation,6.00000000,1,0.99187988,0
John_Stockton,rotation,10.00000000,1,0.99132198,0
John_Stockton,rotation,15.00000000,1,0.99111366,0
John_Stockton,rotation,20.00000000,1,0.99090588,0
John_Stockton,blur,0.00000000,1,0.99692047,0
John_Stockton,blur,1.00000000,1,0.99637079,0
John_Stockton,blur,2.00000000,1,0.97657645,0
John_Stockton,blur,3.00000000,1,0.93911415,0
John_Stockton,blur,4.00000000,1,0.89454454,0
John_Stockton,blur,5.00000000,1,0.83330321,0
John_Stockton,occlusion,0.00000000,1,0.99874461,0
John_Stockton,occlusion,0.10000000,0,0.42027771,0
John_Stockton,occlusion,0.15000000,0,nan,1
John_Stockton,occlusion,0.20000000,0,nan,1
John_Stockton,occlusion,0.25000000,0,nan,1
John_Stockton,occlusion,0.30000000,0,nan,1
John_Travolta,gaussian,0.00000000,1,1.00000000,0
John_Travolta,gaussian,0.02000000,1,0.99104667,0
John_Travolta,gaussian,0.05000000,1,0.95766860,0
John_Travolta,gaussian,0.10000000,1,0.86101776,0
John_Travolta,gaussian,0.20000000,0,nan,1
John_Travolta,gaussian,0.30000000,0,nan,1
John_Travolta,brightness,1.00000000,1,1.00000000,0
John_Travolta,brightness,0.90000000,1,0.99937844,0
John_Travolta,brightness,0.80000000,1,0.99808711,0
John_Travolta,brightness,0.65000000,1,0.99459392,0
John_Travolta,brightness,0.50000000,1,0.98813123,0
John_Travolta,brightness,0.35000000,1,0.98222584,0
John_Travolta,rotation,0.00000000,1,1.00000000,0
John_Travolta,rotation,3.00000000,1,0.99751526,0
John_Travolta,rotation,6.00000000,1,0.99574101,0
John_Travolta,rotation,10.00000000,1,0.99389368,0
John_Travolta,rotation,15.00000000,1,0.99099898,0
John_Travolta,rotation,20.00000000,1,0.97941244,0
John_Travolta,blur,0.00000000,1,0.99315917,0
John_Travolta,blur,1.00000000,1,0.99162680,0
John_Travolta,blur,2.00000000,1,0.94815552,0
John_Travolta,blur,3.00000000,1,0.85016608,0
John_Travolta,blur,4.00000000,1,0.73613423,0
John_Travolta,blur,5.00000000,0,0.64344943,0
John_Travolta,occlusion,0.00000000,1,0.99902707,0
John_Travolta,occlusion,0.10000000,0,0.35598350,0
John_Travolta,occlusion,0.15000000,0,0.02597103,0
John_Travolta,occlusion,0.20000000,0,0.02810325,0
John_Travolta,occlusion,0.25000000,0,0.02481582,0
John_Travolta,occlusion,0.30000000,0,0.02270179,0
Jon_Gruden,gaussian,0.00000000,1,0.99999988,0
Jon_Gruden,gaussian,0.02000000,1,0.98578084,0
Jon_Gruden,gaussian,0.05000000,1,0.88931173,0
Jon_Gruden,gaussian,0.10000000,0,0.78942794,0
Jon_Gruden,gaussian,0.20000000,0,nan,1
Jon_Gruden,gaussian,0.30000000,0,nan,1
Jon_Gruden,brightness,1.00000000,1,0.99999988,0
Jon_Gruden,brightness,0.90000000,1,0.99932873,0
Jon_Gruden,brightness,0.80000000,1,0.99808437,0
Jon_Gruden,brightness,0.65000000,1,0.99428308,0
Jon_Gruden,brightness,0.50000000,1,0.98743224,0
Jon_Gruden,brightness,0.35000000,1,0.97686470,0
Jon_Gruden,rotation,0.00000000,1,0.99999988,0
Jon_Gruden,rotation,3.00000000,1,0.99797666,0
Jon_Gruden,rotation,6.00000000,1,0.99549043,0
Jon_Gruden,rotation,10.00000000,1,0.99687433,0
Jon_Gruden,rotation,15.00000000,1,0.99534881,0
Jon_Gruden,rotation,20.00000000,1,0.99455869,0
Jon_Gruden,blur,0.00000000,1,0.99619538,0
Jon_Gruden,blur,1.00000000,1,0.99531436,0
Jon_Gruden,blur,2.00000000,1,0.96115994,0
Jon_Gruden,blur,3.00000000,1,0.87947667,0
Jon_Gruden,blur,4.00000000,0,0.77327991,0
Jon_Gruden,blur,5.00000000,0,0.68554169,0
Jon_Gruden,occlusion,0.00000000,1,0.99875188,0
Jon_Gruden,occlusion,0.10000000,0,0.33418411,0
Jon_Gruden,occlusion,0.15000000,0,nan,1
Jon_Gruden,occlusion,0.20000000,0,nan,1
Jon_Gruden,occlusion,0.25000000,0,nan,1
Jon_Gruden,occlusion,0.30000000,0,nan,1
Jonathan_Edwards,gaussian,0.00000000,1,1.00000000,0
Jonathan_Edwards,gaussian,0.02000000,1,0.98998159,0
Jonathan_Edwards,gaussian,0.05000000,1,0.94518733,0
Jonathan_Edwards,gaussian,0.10000000,1,0.87889874,0
Jonathan_Edwards,gaussian,0.20000000,0,nan,1
Jonathan_Edwards,gaussian,0.30000000,0,nan,1
Jonathan_Edwards,brightness,1.00000000,1,1.00000000,0
Jonathan_Edwards,brightness,0.90000000,1,0.99950504,0
Jonathan_Edwards,brightness,0.80000000,1,0.99835706,0
Jonathan_Edwards,brightness,0.65000000,1,0.99594110,0
Jonathan_Edwards,brightness,0.50000000,1,0.99051344,0
Jonathan_Edwards,brightness,0.35000000,1,0.98488492,0
Jonathan_Edwards,rotation,0.00000000,1,1.00000000,0
Jonathan_Edwards,rotation,3.00000000,1,0.99815172,0
Jonathan_Edwards,rotation,6.00000000,1,0.99738723,0
Jonathan_Edwards,rotation,10.00000000,1,0.99820727,0
Jonathan_Edwards,rotation,15.00000000,1,0.99438244,0
Jonathan_Edwards,rotation,20.00000000,1,0.99399090,0
Jonathan_Edwards,blur,0.00000000,1,0.99555498,0
Jonathan_Edwards,blur,1.00000000,1,0.99478912,0
Jonathan_Edwards,blur,2.00000000,1,0.96839738,0
Jonathan_Edwards,blur,3.00000000,1,0.88964868,0
Jonathan_Edwards,blur,4.00000000,0,0.76016641,0
Jonathan_Edwards,blur,5.00000000,0,0.64755106,0
Jonathan_Edwards,occlusion,0.00000000,1,0.99798220,0
Jonathan_Edwards,occlusion,0.10000000,0,0.37600029,0
Jonathan_Edwards,occlusion,0.15000000,0,nan,1
Jonathan_Edwards,occlusion,0.20000000,0,nan,1
Jonathan_Edwards,occlusion,0.25000000,0,nan,1
Jonathan_Edwards,occlusion,0.30000000,0,nan,1
Joschka_Fischer,gaussian,0.00000000,1,1.00000000,0
Joschka_Fischer,gaussian,0.02000000,1,0.99009371,0
Joschka_Fischer,gaussian,0.05000000,1,0.96432704,0
Joschka_Fischer,gaussian,0.10000000,1,0.89085293,0
Joschka_Fischer,gaussian,0.20000000,0,nan,1
Joschka_Fischer,gaussian,0.30000000,0,nan,1
Joschka_Fischer,brightness,1.00000000,1,1.00000000,0
Joschka_Fischer,brightness,0.90000000,1,0.99960834,0
Joschka_Fischer,brightness,0.80000000,1,0.99869335,0
Joschka_Fischer,brightness,0.65000000,1,0.99620563,0
Joschka_Fischer,brightness,0.50000000,1,0.99303615,0
Joschka_Fischer,brightness,0.35000000,1,0.98702484,0
Joschka_Fischer,rotation,0.00000000,1,1.00000000,0
Joschka_Fischer,rotation,3.00000000,1,0.99768943,0
Joschka_Fischer,rotation,6.00000000,1,0.99678743,0
Joschka_Fischer,rotation,10.00000000,1,0.99689090,0
Joschka_Fischer,rotation,15.00000000,1,0.99469209,0
Joschka_Fischer,rotation,20.00000000,1,0.99026155,0
Joschka_Fischer,blur,0.00000000,1,0.99520552,0
Joschka_Fischer,blur,1.00000000,1,0.99415737,0
Joschka_Fischer,blur,2.00000000,1,0.96687746,0
Joschka_Fischer,blur,3.00000000,1,0.90003723,0
Joschka_Fischer,blur,4.00000000,0,0.80358040,0
Joschka_Fischer,blur,5.00000000,0,0.67169166,0
Joschka_Fischer,occlusion,0.00000000,1,0.99611801,0
Joschka_Fischer,occlusion,0.10000000,0,nan,1
Joschka_Fischer,occlusion,0.15000000,0,nan,1
Joschka_Fischer,occlusion,0.20000000,0,nan,1
Joschka_Fischer,occlusion,0.25000000,0,nan,1
Joschka_Fischer,occlusion,0.30000000,0,nan,1
Jose_Manuel_Durao_Barroso,gaussian,0.00000000,1,1.00000000,0
Jose_Manuel_Durao_Barroso,gaussian,0.02000000,1,0.99194646,0
Jose_Manuel_Durao_Barroso,gaussian,0.05000000,1,0.95772988,0
Jose_Manuel_Durao_Barroso,gaussian,0.10000000,1,0.89823234,0
Jose_Manuel_Durao_Barroso,gaussian,0.20000000,0,nan,1
Jose_Manuel_Durao_Barroso,gaussian,0.30000000,0,nan,1
Jose_Manuel_Durao_Barroso,brightness,1.00000000,1,1.00000000,0
Jose_Manuel_Durao_Barroso,brightness,0.90000000,1,0.99929768,0
Jose_Manuel_Durao_Barroso,brightness,0.80000000,1,0.99790680,0
Jose_Manuel_Durao_Barroso,brightness,0.65000000,1,0.99420881,0
Jose_Manuel_Durao_Barroso,brightness,0.50000000,1,0.98897862,0
Jose_Manuel_Durao_Barroso,brightness,0.35000000,1,0.97999120,0
Jose_Manuel_Durao_Barroso,rotation,0.00000000,1,1.00000000,0
Jose_Manuel_Durao_Barroso,rotation,3.00000000,1,0.99679804,0
Jose_Manuel_Durao_Barroso,rotation,6.00000000,1,0.99492228,0
Jose_Manuel_Durao_Barroso,rotation,10.00000000,1,0.98978949,0
Jose_Manuel_Durao_Barroso,rotation,15.00000000,1,0.98660636,0
Jose_Manuel_Durao_Barroso,rotation,20.00000000,1,0.99110335,0
Jose_Manuel_Durao_Barroso,blur,0.00000000,1,0.99391603,0
Jose_Manuel_Durao_Barroso,blur,1.00000000,1,0.99297732,0
Jose_Manuel_Durao_Barroso,blur,2.00000000,1,0.96324831,0
Jose_Manuel_Durao_Barroso,blur,3.00000000,1,0.89636433,0
Jose_Manuel_Durao_Barroso,blur,4.00000000,1,0.78311992,0
Jose_Manuel_Durao_Barroso,blur,5.00000000,1,0.66964215,0
Jose_Manuel_Durao_Barroso,occlusion,0.00000000,1,0.99755287,0
Jose_Manuel_Durao_Barroso,occlusion,0.10000000,0,nan,1
Jose_Manuel_Durao_Barroso,occlusion,0.15000000,0,nan,1
Jose_Manuel_Durao_Barroso,occlusion,0.20000000,0,nan,1
Jose_Manuel_Durao_Barroso,occlusion,0.25000000,0,nan,1
Jose_Manuel_Durao_Barroso,occlusion,0.30000000,0,nan,1
Jose_Maria_Aznar,gaussian,0.00000000,1,1.00000000,0
Jose_Maria_Aznar,gaussian,0.02000000,1,0.99389684,0
Jose_Maria_Aznar,gaussian,0.05000000,1,0.96959478,0
Jose_Maria_Aznar,gaussian,0.10000000,1,0.92370474,0
Jose_Maria_Aznar,gaussian,0.20000000,1,0.80158460,0
Jose_Maria_Aznar,gaussian,0.30000000,0,nan,1
Jose_Maria_Aznar,brightness,1.00000000,1,1.00000000,0
Jose_Maria_Aznar,brightness,0.90000000,1,0.99958396,0
Jose_Maria_Aznar,brightness,0.80000000,1,0.99880755,0
Jose_Maria_Aznar,brightness,0.65000000,1,0.99589133,0
Jose_Maria_Aznar,brightness,0.50000000,1,0.99224877,0
Jose_Maria_Aznar,brightness,0.35000000,1,0.98313344,0
Jose_Maria_Aznar,rotation,0.00000000,1,1.00000000,0
Jose_Maria_Aznar,rotation,3.00000000,1,0.99845457,0
Jose_Maria_Aznar,rotation,6.00000000,1,0.99741888,0
Jose_Maria_Aznar,rotation,10.00000000,1,0.99482930,0
Jose_Maria_Aznar,rotation,15.00000000,1,0.99367082,0
Jose_Maria_Aznar,rotation,20.00000000,1,0.99474674,0
Jose_Maria_Aznar,blur,0.00000000,1,0.99354500,0
Jose_Maria_Aznar,blur,1.00000000,1,0.99251175,0
Jose_Maria_Aznar,blur,2.00000000,1,0.95678222,0
Jose_Maria_Aznar,blur,3.00000000,1,0.86673254,0
Jose_Maria_Aznar,blur,4.00000000,0,0.77953565,0
Jose_Maria_Aznar,blur,5.00000000,0,0.69027102,0
Jose_Maria_Aznar,occlusion,0.00000000,1,0.99830830,0
Jose_Maria_Aznar,occlusion,0.10000000,0,0.42682773,0
Jose_Maria_Aznar,occlusion,0.15000000,0,nan,1
Jose_Maria_Aznar,occlusion,0.20000000,0,nan,1
Jose_Maria_Aznar,occlusion,0.25000000,0,nan,1
Jose_Maria_Aznar,occlusion,0.30000000,0,nan,1
Jose_Serra,gaussian,0.00000000,1,0.99999988,0
Jose_Serra,gaussian,0.02000000,1,0.97541988,0
Jose_Serra,gaussian,0.05000000,1,0.91550422,0
Jose_Serra,gaussian,0.10000000,0,nan,1
Jose_Serra,gaussian,0.20000000,0,nan,1
Jose_Serra,gaussian,0.30000000,0,nan,1
Jose_Serra,brightness,1.00000000,1,0.99999988,0
Jose_Serra,brightness,0.90000000,1,0.99930543,0
Jose_Serra,brightness,0.80000000,1,0.99843788,0
Jose_Serra,brightness,0.65000000,1,0.99571490,0
Jose_Serra,brightness,0.50000000,1,0.99129403,0
Jose_Serra,brightness,0.35000000,1,0.97997665,0
Jose_Serra,rotation,0.00000000,1,0.99999988,0
Jose_Serra,rotation,3.00000000,1,0.99837446,0
Jose_Serra,rotation,6.00000000,1,0.99795961,0
Jose_Serra,rotation,10.00000000,1,0.99618614,0
Jose_Serra,rotation,15.00000000,1,0.99522960,0
Jose_Serra,rotation,20.00000000,1,0.99207747,0
Jose_Serra,blur,0.00000000,1,0.99416351,0
Jose_Serra,blur,1.00000000,1,0.99286675,0
Jose_Serra,blur,2.00000000,1,0.94113410,0
Jose_Serra,blur,3.00000000,1,0.86026621,0
Jose_Serra,blur,4.00000000,1,0.76265359,0
Jose_Serra,blur,5.00000000,0,0.68243551,0
Jose_Serra,occlusion,0.00000000,1,0.99882752,0
Jose_Serra,occlusion,0.10000000,0,nan,1
Jose_Serra,occlusion,0.15000000,0,nan,1
Jose_Serra,occlusion,0.20000000,0,nan,1
Jose_Serra,occlusion,0.25000000,0,nan,1
Jose_Serra,occlusion,0.30000000,0,nan,1
Joseph_Biden,gaussian,0.00000000,1,0.99999994,0
Joseph_Biden,gaussian,0.02000000,1,0.98184597,0
Joseph_Biden,gaussian,0.05000000,1,0.93174899,0
Joseph_Biden,gaussian,0.10000000,1,0.82099617,0
Joseph_Biden,gaussian,0.20000000,0,nan,1
Joseph_Biden,gaussian,0.30000000,0,nan,1
Joseph_Biden,brightness,1.00000000,1,0.99999994,0
Joseph_Biden,brightness,0.90000000,1,0.99896407,0
Joseph_Biden,brightness,0.80000000,1,0.99711877,0
Joseph_Biden,brightness,0.65000000,1,0.99262154,0
Joseph_Biden,brightness,0.50000000,1,0.98519516,0
Joseph_Biden,brightness,0.35000000,1,0.97529006,0
Joseph_Biden,rotation,0.00000000,1,0.99999994,0
Joseph_Biden,rotation,3.00000000,1,0.99572194,0
Joseph_Biden,rotation,6.00000000,1,0.99208677,0
Joseph_Biden,rotation,10.00000000,1,0.99095333,0
Joseph_Biden,rotation,15.00000000,1,0.98761123,0
Joseph_Biden,rotation,20.00000000,1,0.99220687,0
Joseph_Biden,blur,0.00000000,1,0.99214941,0
Joseph_Biden,blur,1.00000000,1,0.99088150,0
Joseph_Biden,blur,2.00000000,1,0.93399096,0
Joseph_Biden,blur,3.00000000,0,0.77030861,0
Joseph_Biden,blur,4.00000000,0,0.61687863,0
Joseph_Biden,blur,5.00000000,0,0.54690093,0
Joseph_Biden,occlusion,0.00000000,1,0.99487996,0
Joseph_Biden,occlusion,0.10000000,0,nan,1
Joseph_Biden,occlusion,0.15000000,0,nan,1
Joseph_Biden,occlusion,0.20000000,0,nan,1
Joseph_Biden,occlusion,0.25000000,0,nan,1
Joseph_Biden,occlusion,0.30000000,0,nan,1
Juan_Carlos_Ferrero,gaussian,0.00000000,1,1.00000012,0
Juan_Carlos_Ferrero,gaussian,0.02000000,1,0.99121946,0
Juan_Carlos_Ferrero,gaussian,0.05000000,1,0.95072126,0
Juan_Carlos_Ferrero,gaussian,0.10000000,1,0.83515197,0
Juan_Carlos_Ferrero,gaussian,0.20000000,0,nan,1
Juan_Carlos_Ferrero,gaussian,0.30000000,0,nan,1
Juan_Carlos_Ferrero,brightness,1.00000000,1,1.00000012,0
Juan_Carlos_Ferrero,brightness,0.90000000,1,0.99953163,0
Juan_Carlos_Ferrero,brightness,0.80000000,1,0.99861902,0
Juan_Carlos_Ferrero,brightness,0.65000000,1,0.99584186,0
Juan_Carlos_Ferrero,brightness,0.50000000,1,0.99140120,0
Juan_Carlos_Ferrero,brightness,0.35000000,1,0.98240149,0
Juan_Carlos_Ferrero,rotation,0.00000000,1,1.00000012,0
Juan_Carlos_Ferrero,rotation,3.00000000,1,0.99703956,0
Juan_Carlos_Ferrero,rotation,6.00000000,1,0.99568713,0
Juan_Carlos_Ferrero,rotation,10.00000000,1,0.99385345,0
Juan_Carlos_Ferrero,rotation,15.00000000,1,0.99313444,0
Juan_Carlos_Ferrero,rotation,20.00000000,1,0.99271512,0
Juan_Carlos_Ferrero,blur,0.00000000,1,0.99438703,0
Juan_Carlos_Ferrero,blur,1.00000000,1,0.99333614,0
Juan_Carlos_Ferrero,blur,2.00000000,1,0.96383303,0
Juan_Carlos_Ferrero,blur,3.00000000,1,0.90145361,0
Juan_Carlos_Ferrero,blur,4.00000000,1,0.82161599,0
Juan_Carlos_Ferrero,blur,5.00000000,1,0.74023521,0
Juan_Carlos_Ferrero,occlusion,0.00000000,1,0.99960780,0
Juan_Carlos_Ferrero,occlusion,0.10000000,0,0.19762695,0
Juan_Carlos_Ferrero,occlusion,0.15000000,0,nan,1
Juan_Carlos_Ferrero,occlusion,0.20000000,0,nan,1
Juan_Carlos_Ferrero,occlusion,0.25000000,0,nan,1
Juan_Carlos_Ferrero,occlusion,0.30000000,0,nan,1
Juan_Pablo_Montoya,gaussian,0.00000000,1,1.00000000,0
Juan_Pablo_Montoya,gaussian,0.02000000,1,0.98123908,0
Juan_Pablo_Montoya,gaussian,0.05000000,1,0.89882064,0
Juan_Pablo_Montoya,gaussian,0.10000000,1,0.81438237,0
Juan_Pablo_Montoya,gaussian,0.20000000,0,nan,1
Juan_Pablo_Montoya,gaussian,0.30000000,0,nan,1
Juan_Pablo_Montoya,brightness,1.00000000,1,1.00000000,0
Juan_Pablo_Montoya,brightness,0.90000000,1,0.99895310,0
Juan_Pablo_Montoya,brightness,0.80000000,1,0.99713171,0
Juan_Pablo_Montoya,brightness,0.65000000,1,0.99319273,0
Juan_Pablo_Montoya,brightness,0.50000000,1,0.98784113,0
Juan_Pablo_Montoya,brightness,0.35000000,1,0.97577500,0
Juan_Pablo_Montoya,rotation,0.00000000,1,1.00000000,0
Juan_Pablo_Montoya,rotation,3.00000000,1,0.99890804,0
Juan_Pablo_Montoya,rotation,6.00000000,1,0.99861521,0
Juan_Pablo_Montoya,rotation,10.00000000,1,0.99540532,0
Juan_Pablo_Montoya,rotation,15.00000000,1,0.99276662,0
Juan_Pablo_Montoya,rotation,20.00000000,1,0.98892242,0
Juan_Pablo_Montoya,blur,0.00000000,1,0.99720931,0
Juan_Pablo_Montoya,blur,1.00000000,1,0.99698514,0
Juan_Pablo_Montoya,blur,2.00000000,1,0.97983146,0
Juan_Pablo_Montoya,blur,3.00000000,1,0.93875837,0
Juan_Pablo_Montoya,blur,4.00000000,1,0.87291032,0
Juan_Pablo_Montoya,blur,5.00000000,1,0.82317030,0
Juan_Pablo_Montoya,occlusion,0.00000000,1,0.99801278,0
Juan_Pablo_Montoya,occlusion,0.10000000,0,0.35094160,0
Juan_Pablo_Montoya,occlusion,0.15000000,0,nan,1
Juan_Pablo_Montoya,occlusion,0.20000000,0,nan,1
Juan_Pablo_Montoya,occlusion,0.25000000,0,nan,1
Juan_Pablo_Montoya,occlusion,0.30000000,0,nan,1
Julianne_Moore,gaussian,0.00000000,1,0.99999994,0
Julianne_Moore,gaussian,0.02000000,1,0.98288554,0
Julianne_Moore,gaussian,0.05000000,1,0.91867769,0
Julianne_Moore,gaussian,0.10000000,0,-0.05680851,0
Julianne_Moore,gaussian,0.20000000,0,nan,1
Julianne_Moore,gaussian,0.30000000,0,nan,1
Julianne_Moore,brightness,1.00000000,1,0.99999994,0
Julianne_Moore,brightness,0.90000000,1,0.99899876,0
Julianne_Moore,brightness,0.80000000,1,0.99759161,0
Julianne_Moore,brightness,0.65000000,1,0.99322689,0
Julianne_Moore,brightness,0.50000000,1,0.98688149,0
Julianne_Moore,brightness,0.35000000,1,0.97454673,0
Julianne_Moore,rotation,0.00000000,1,0.99999994,0
Julianne_Moore,rotation,3.00000000,0,-0.07226836,0
Julianne_Moore,rotation,6.00000000,0,-0.06694756,0
Julianne_Moore,rotation,10.00000000,1,0.98510236,0
Julianne_Moore,rotation,15.00000000,1,0.96775615,0
Julianne_Moore,rotation,20.00000000,1,0.96020460,0
Julianne_Moore,blur,0.00000000,1,0.98958564,0
Julianne_Moore,blur,1.00000000,1,0.98754746,0
Julianne_Moore,blur,2.00000000,1,0.93339407,0
Julianne_Moore,blur,3.00000000,1,0.84453845,0
Julianne_Moore,blur,4.00000000,1,0.73782456,0
Julianne_Moore,blur,5.00000000,1,0.63409746,0
Julianne_Moore,occlusion,0.00000000,1,0.99391818,0
Julianne_Moore,occlusion,0.10000000,0,-0.05481488,0
Julianne_Moore,occlusion,0.15000000,0,-0.04484871,0
Julianne_Moore,occlusion,0.20000000,0,-0.03249818,0
Julianne_Moore,occlusion,0.25000000,0,0.01439216,0
Julianne_Moore,occlusion,0.30000000,0,-0.00045796,0
Julie_Gerberding,gaussian,0.00000000,1,1.00000000,0
Julie_Gerberding,gaussian,0.02000000,1,0.98879623,0
Julie_Gerberding,gaussian,0.05000000,1,0.95205092,0
Julie_Gerberding,gaussian,0.10000000,1,0.89570493,0
Julie_Gerberding,gaussian,0.20000000,0,nan,1
Julie_Gerberding,gaussian,0.30000000,0,nan,1
Julie_Gerberding,brightness,1.00000000,1,1.00000000,0
Julie_Gerberding,brightness,0.90000000,1,0.99943018,0
Julie_Gerberding,brightness,0.80000000,1,0.99841779,0
Julie_Gerberding,brightness,0.65000000,1,0.99550331,0
Julie_Gerberding,brightness,0.50000000,1,0.99048781,0
Julie_Gerberding,brightness,0.35000000,1,0.98204601,0
Julie_Gerberding,rotation,0.00000000,1,1.00000000,0
Julie_Gerberding,rotation,3.00000000,1,0.99788892,0
Julie_Gerberding,rotation,6.00000000,1,0.99623406,0
Julie_Gerberding,rotation,10.00000000,1,0.99347460,0
Julie_Gerberding,rotation,15.00000000,1,0.99057972,0
Julie_Gerberding,rotation,20.00000000,1,0.98493826,0
Julie_Gerberding,blur,0.00000000,1,0.99686277,0
Julie_Gerberding,blur,1.00000000,1,0.99615055,0
Julie_Gerberding,blur,2.00000000,1,0.96955943,0
Julie_Gerberding,blur,3.00000000,1,0.90076452,0
Julie_Gerberding,blur,4.00000000,1,0.83677661,0
Julie_Gerberding,blur,5.00000000,1,0.76930904,0
Julie_Gerberding,occlusion,0.00000000,1,0.99875730,0
Julie_Gerberding,occlusion,0.10000000,0,0.23706552,0
Julie_Gerberding,occlusion,0.15000000,0,0.16180763,0
Julie_Gerberding,occlusion,0.20000000,0,nan,1
Julie_Gerberding,occlusion,0.25000000,0,nan,1
Julie_Gerberding,occlusion,0.30000000,0,nan,1
Junichiro_Koizumi,gaussian,0.00000000,1,1.00000012,0
Junichiro_Koizumi,gaussian,0.02000000,1,0.99313271,0
Junichiro_Koizumi,gaussian,0.05000000,1,0.96174997,0
Junichiro_Koizumi,gaussian,0.10000000,1,0.89525712,0
Junichiro_Koizumi,gaussian,0.20000000,0,nan,1
Junichiro_Koizumi,gaussian,0.30000000,0,nan,1
Junichiro_Koizumi,brightness,1.00000000,1,1.00000012,0
Junichiro_Koizumi,brightness,0.90000000,1,0.99941856,0
Junichiro_Koizumi,brightness,0.80000000,1,0.99839181,0
Junichiro_Koizumi,brightness,0.65000000,1,0.99558330,0
Junichiro_Koizumi,brightness,0.50000000,1,0.99119037,0
Junichiro_Koizumi,brightness,0.35000000,1,0.98350751,0
Junichiro_Koizumi,rotation,0.00000000,1,1.00000012,0
Junichiro_Koizumi,rotation,3.00000000,1,0.99809182,0
Junichiro_Koizumi,rotation,6.00000000,1,0.99832588,0
Junichiro_Koizumi,rotation,10.00000000,1,0.99859428,0
Junichiro_Koizumi,rotation,15.00000000,1,0.99587953,0
Junichiro_Koizumi,rotation,20.00000000,1,0.99130797,0
Junichiro_Koizumi,blur,0.00000000,1,0.99645877,0
Junichiro_Koizumi,blur,1.00000000,1,0.99584842,0
Junichiro_Koizumi,blur,2.00000000,1,0.97384191,0
Junichiro_Koizumi,blur,3.00000000,1,0.90467799,0
Junichiro_Koizumi,blur,4.00000000,1,0.82145345,0
Junichiro_Koizumi,blur,5.00000000,1,0.74577940,0
Junichiro_Koizumi,occlusion,0.00000000,1,0.99957097,0
Junichiro_Koizumi,occlusion,0.10000000,0,0.40113103,0
Junichiro_Koizumi,occlusion,0.15000000,0,-0.00179244,0
Junichiro_Koizumi,occlusion,0.20000000,0,0.01844917,0
Junichiro_Koizumi,occlusion,0.25000000,0,-0.02921103,0
Junichiro_Koizumi,occlusion,0.30000000,0,-0.00607059,0
Justin_Timberlake,gaussian,0.00000000,1,0.99999976,0
Justin_Timberlake,gaussian,0.02000000,1,0.98612010,0
Justin_Timberlake,gaussian,0.05000000,1,0.93566525,0
Justin_Timberlake,gaussian,0.10000000,1,0.87923318,0
Justin_Timberlake,gaussian,0.20000000,0,nan,1
Justin_Timberlake,gaussian,0.30000000,0,nan,1
Justin_Timberlake,brightness,1.00000000,1,0.99999976,0
Justin_Timberlake,brightness,0.90000000,1,0.99810028,0
Justin_Timberlake,brightness,0.80000000,1,0.99518621,0
Justin_Timberlake,brightness,0.65000000,1,0.99013841,0
Justin_Timberlake,brightness,0.50000000,1,0.98020124,0
Justin_Timberlake,brightness,0.35000000,1,0.96694815,0
Justin_Timberlake,rotation,0.00000000,1,0.99999976,0
Justin_Timberlake,rotation,3.00000000,1,0.99479979,0
Justin_Timberlake,rotation,6.00000000,1,0.99475342,0
Justin_Timberlake,rotation,10.00000000,1,0.99366713,0
Justin_Timberlake,rotation,15.00000000,1,0.99453360,0
Justin_Timberlake,rotation,20.00000000,1,0.99429852,0
Justin_Timberlake,blur,0.00000000,1,0.99454570,0
Justin_Timberlake,blur,1.00000000,1,0.99361533,0
Justin_Timberlake,blur,2.00000000,1,0.96517307,0
Justin_Timberlake,blur,3.00000000,1,0.89901853,0
Justin_Timberlake,blur,4.00000000,1,0.78122663,0
Justin_Timberlake,blur,5.00000000,1,0.67088199,0
Justin_Timberlake,occlusion,0.00000000,1,0.99896502,0
Justin_Timberlake,occlusion,0.10000000,0,0.36261687,0
Justin_Timberlake,occlusion,0.15000000,0,nan,1
Justin_Timberlake,occlusion,0.20000000,0,nan,1
Justin_Timberlake,occlusion,0.25000000,0,nan,1
Justin_Timberlake,occlusion,0.30000000,0,nan,1
Justine_Pasek,gaussian,0.00000000,1,1.00000000,0
Justine_Pasek,gaussian,0.02000000,1,0.98228478,0
Justine_Pasek,gaussian,0.05000000,1,0.93079597,0
Justine_Pasek,gaussian,0.10000000,1,0.80388093,0
Justine_Pasek,gaussian,0.20000000,0,nan,1
Justine_Pasek,gaussian,0.30000000,0,nan,1
Justine_Pasek,brightness,1.00000000,1,1.00000000,0
Justine_Pasek,brightness,0.90000000,1,0.99933958,0
Justine_Pasek,brightness,0.80000000,1,0.99758863,0
Justine_Pasek,brightness,0.65000000,1,0.99286377,0
Justine_Pasek,brightness,0.50000000,1,0.98633927,0
Justine_Pasek,brightness,0.35000000,1,0.97640681,0
Justine_Pasek,rotation,0.00000000,1,1.00000000,0
Justine_Pasek,rotation,3.00000000,1,0.99519104,0
Justine_Pasek,rotation,6.00000000,1,0.99510610,0
Justine_Pasek,rotation,10.00000000,1,0.99250668,0
Justine_Pasek,rotation,15.00000000,1,0.99206012,0
Justine_Pasek,rotation,20.00000000,1,0.98747551,0
Justine_Pasek,blur,0.00000000,1,0.98938620,0
Justine_Pasek,blur,1.00000000,1,0.98785383,0
Justine_Pasek,blur,2.00000000,1,0.93584335,0
Justine_Pasek,blur,3.00000000,1,0.86974394,0
Justine_Pasek,blur,4.00000000,1,0.77134591,0
Justine_Pasek,blur,5.00000000,1,0.62818277,0
Justine_Pasek,occlusion,0.00000000,1,0.99374551,0
Justine_Pasek,occlusion,0.10000000,0,0.20084599,0
Justine_Pasek,occlusion,0.15000000,0,nan,1
Justine_Pasek,occlusion,0.20000000,0,nan,1
Justine_Pasek,occlusion,0.25000000,0,nan,1
Justine_Pasek,occlusion,0.30000000,0,nan,1
Kalpana_Chawla,gaussian,0.00000000,1,0.99999988,0
Kalpana_Chawla,gaussian,0.02000000,1,0.99463832,0
Kalpana_Chawla,gaussian,0.05000000,1,0.97624671,0
Kalpana_Chawla,gaussian,0.10000000,1,0.90110493,0
Kalpana_Chawla,gaussian,0.20000000,1,0.84352994,0
Kalpana_Chawla,gaussian,0.30000000,0,nan,1
Kalpana_Chawla,brightness,1.00000000,1,0.99999988,0
Kalpana_Chawla,brightness,0.90000000,1,0.99924183,0
Kalpana_Chawla,brightness,0.80000000,1,0.99796009,0
Kalpana_Chawla,brightness,0.65000000,1,0.99466598,0
Kalpana_Chawla,brightness,0.50000000,1,0.98967016,0
Kalpana_Chawla,brightness,0.35000000,1,0.98041248,0
Kalpana_Chawla,rotation,0.00000000,1,0.99999988,0
Kalpana_Chawla,rotation,3.00000000,1,0.99654579,0
Kalpana_Chawla,rotation,6.00000000,1,0.99361879,0
Kalpana_Chawla,rotation,10.00000000,1,0.99332237,0
Kalpana_Chawla,rotation,15.00000000,1,0.99559319,0
Kalpana_Chawla,rotation,20.00000000,1,0.99193710,0
Kalpana_Chawla,blur,0.00000000,1,0.99325645,0
Kalpana_Chawla,blur,1.00000000,1,0.99174011,0
Kalpana_Chawla,blur,2.00000000,1,0.95784932,0
Kalpana_Chawla,blur,3.00000000,1,0.89439797,0
Kalpana_Chawla,blur,4.00000000,1,0.80606437,0
Kalpana_Chawla,blur,5.00000000,0,0.67987633,0
Kalpana_Chawla,occlusion,0.00000000,1,0.99929476,0
Kalpana_Chawla,occlusion,0.10000000,0,nan,1
Kalpana_Chawla,occlusion,0.15000000,0,nan,1
Kalpana_Chawla,occlusion,0.20000000,0,nan,1
Kalpana_Chawla,occlusion,0.25000000,0,nan,1
Kalpana_Chawla,occlusion,0.30000000,0,nan,1
Kamal_Kharrazi,gaussian,0.00000000,1,1.00000000,0
Kamal_Kharrazi,gaussian,0.02000000,1,0.99228829,0
Kamal_Kharrazi,gaussian,0.05000000,1,0.96968794,0
Kamal_Kharrazi,gaussian,0.10000000,1,0.90765357,0
Kamal_Kharrazi,gaussian,0.20000000,0,nan,1
Kamal_Kharrazi,gaussian,0.30000000,0,nan,1
Kamal_Kharrazi,brightness,1.00000000,1,1.00000000,0
Kamal_Kharrazi,brightness,0.90000000,1,0.99922276,0
Kamal_Kharrazi,brightness,0.80000000,1,0.99810088,0
Kamal_Kharrazi,brightness,0.65000000,1,0.99458426,0
Kamal_Kharrazi,brightness,0.50000000,1,0.99027228,0
Kamal_Kharrazi,brightness,0.35000000,1,0.98225200,0
Kamal_Kharrazi,rotation,0.00000000,1,1.00000000,0
Kamal_Kharrazi,rotation,3.00000000,1,0.99697673,0
Kamal_Kharrazi,rotation,6.00000000,1,0.99652344,0
Kamal_Kharrazi,rotation,10.00000000,1,0.99325931,0
Kamal_Kharrazi,rotation,15.00000000,1,0.99279261,0
Kamal_Kharrazi,rotation,20.00000000,1,0.99170190,0
Kamal_Kharrazi,blur,0.00000000,1,0.99333829,0
Kamal_Kharrazi,blur,1.00000000,1,0.99238420,0
Kamal_Kharrazi,blur,2.00000000,1,0.96314096,0
Kamal_Kharrazi,blur,3.00000000,1,0.89144838,0
Kamal_Kharrazi,blur,4.00000000,1,0.78427947,0
Kamal_Kharrazi,blur,5.00000000,1,0.70291960,0
Kamal_Kharrazi,occlusion,0.00000000,1,0.99848437,0
Kamal_Kharrazi,occlusion,0.10000000,0,0.41547483,0
Kamal_Kharrazi,occlusion,0.15000000,0,nan,1
Kamal_Kharrazi,occlusion,0.20000000,0,nan,1
Kamal_Kharrazi,occlusion,0.25000000,0,nan,1
Kamal_Kharrazi,occlusion,0.30000000,0,nan,1
Kate_Hudson,gaussian,0.00000000,1,1.00000000,0
Kate_Hudson,gaussian,0.02000000,1,0.97709310,0
Kate_Hudson,gaussian,0.05000000,1,0.92514682,0
Kate_Hudson,gaussian,0.10000000,1,0.79942566,0
Kate_Hudson,gaussian,0.20000000,0,nan,1
Kate_Hudson,gaussian,0.30000000,0,nan,1
Kate_Hudson,brightness,1.00000000,1,1.00000000,0
Kate_Hudson,brightness,0.90000000,1,0.99918354,0
Kate_Hudson,brightness,0.80000000,1,0.99805129,0
Kate_Hudson,brightness,0.65000000,1,0.99422538,0
Kate_Hudson,brightness,0.50000000,1,0.98669398,0
Kate_Hudson,brightness,0.35000000,1,0.97553337,0
Kate_Hudson,rotation,0.00000000,1,1.00000000,0
Kate_Hudson,rotation,3.00000000,1,0.99703699,0
Kate_Hudson,rotation,6.00000000,1,0.99685270,0
Kate_Hudson,rotation,10.00000000,1,0.99723136,0
Kate_Hudson,rotation,15.00000000,1,0.99468064,0
Kate_Hudson,rotation,20.00000000,1,0.99034828,0
Kate_Hudson,blur,0.00000000,1,0.99341387,0
Kate_Hudson,blur,1.00000000,1,0.99209946,0
Kate_Hudson,blur,2.00000000,1,0.95690894,0
Kate_Hudson,blur,3.00000000,1,0.87458426,0
Kate_Hudson,blur,4.00000000,0,0.74967533,0
Kate_Hudson,blur,5.00000000,0,0.61292803,0
Kate_Hudson,occlusion,0.00000000,1,0.99795949,0
Kate_Hudson,occlusion,0.10000000,0,0.20555724,0
Kate_Hudson,occlusion,0.15000000,0,nan,1
Kate_Hudson,occlusion,0.20000000,0,nan,1
Kate_Hudson,occlusion,0.25000000,0,nan,1
Kate_Hudson,occlusion,0.30000000,0,nan,1
Keanu_Reeves,gaussian,0.00000000,1,0.99999994,0
Keanu_Reeves,gaussian,0.02000000,1,0.98390687,0
Keanu_Reeves,gaussian,0.05000000,1,0.93220091,0
Keanu_Reeves,gaussian,0.10000000,1,0.89227349,0
Keanu_Reeves,gaussian,0.20000000,0,nan,1
Keanu_Reeves,gaussian,0.30000000,0,nan,1
Keanu_Reeves,brightness,1.00000000,1,0.99999994,0
Keanu_Reeves,brightness,0.90000000,1,0.99935591,0
Keanu_Reeves,brightness,0.80000000,1,0.99837136,0
Keanu_Reeves,brightness,0.65000000,1,0.99479383,0
Keanu_Reeves,brightness,0.50000000,1,0.98797977,0
Keanu_Reeves,brightness,0.35000000,1,0.98032910,0
Keanu_Reeves,rotation,0.00000000,1,0.99999994,0
Keanu_Reeves,rotation,3.00000000,1,0.99713373,0
Keanu_Reeves,rotation,6.00000000,1,0.99800044,0
Keanu_Reeves,rotation,10.00000000,1,0.99836200,0
Keanu_Reeves,rotation,15.00000000,1,0.99614656,0
Keanu_Reeves,rotation,20.00000000,1,0.99208343,0
Keanu_Reeves,blur,0.00000000,1,0.99555898,0
Keanu_Reeves,blur,1.00000000,1,0.99490654,0
Keanu_Reeves,blur,2.00000000,1,0.96293145,0
Keanu_Reeves,blur,3.00000000,1,0.89736795,0
Keanu_Reeves,blur,4.00000000,1,0.80504155,0
Keanu_Reeves,blur,5.00000000,0,0.67333543,0
Keanu_Reeves,occlusion,0.00000000,1,0.99866503,0
Keanu_Reeves,occlusion,0.10000000,0,0.36663914,0
Keanu_Reeves,occlusion,0.15000000,0,0.06273843,0
Keanu_Reeves,occlusion,0.20000000,0,nan,1
Keanu_Reeves,occlusion,0.25000000,0,nan,1
Keanu_Reeves,occlusion,0.30000000,0,nan,1
Kevin_Costner,gaussian,0.00000000,1,1.00000012,0
Kevin_Costner,gaussian,0.02000000,1,0.97915655,0
Kevin_Costner,gaussian,0.05000000,1,0.92303991,0
Kevin_Costner,gaussian,0.10000000,1,0.79072171,0
Kevin_Costner,gaussian,0.20000000,0,nan,1
Kevin_Costner,gaussian,0.30000000,0,nan,1
Kevin_Costner,brightness,1.00000000,1,1.00000012,0
Kevin_Costner,brightness,0.90000000,1,0.99918252,0
Kevin_Costner,brightness,0.80000000,1,0.99721426,0
Kevin_Costner,brightness,0.65000000,1,0.99336046,0
Kevin_Costner,brightness,0.50000000,1,0.98749441,0
Kevin_Costner,brightness,0.35000000,1,0.97936177,0
Kevin_Costner,rotation,0.00000000,1,1.00000012,0
Kevin_Costner,rotation,3.00000000,1,0.99647504,0
Kevin_Costner,rotation,6.00000000,1,0.99466079,0
Kevin_Costner,rotation,10.00000000,1,0.99197555,0
Kevin_Costner,rotation,15.00000000,1,0.98970485,0
Kevin_Costner,rotation,20.00000000,1,0.98998147,0
Kevin_Costner,blur,0.00000000,1,0.99385220,0
Kevin_Costner,blur,1.00000000,1,0.99253261,0
Kevin_Costner,blur,2.00000000,1,0.94623452,0
Kevin_Costner,blur,3.00000000,1,0.82641721,0
Kevin_Costner,blur,4.00000000,0,0.73044682,0
Kevin_Costner,blur,5.00000000,0,0.63511682,0
Kevin_Costner,occlusion,0.00000000,1,0.99762732,0
Kevin_Costner,occlusion,0.10000000,0,0.29810396,0
Kevin_Costner,occlusion,0.15000000,0,0.01800129,0
Kevin_Costner,occlusion,0.20000000,0,0.01416973,0
Kevin_Costner,occlusion,0.25000000,0,0.01603371,0
Kevin_Costner,occlusion,0.30000000,0,0.01379240,0
Kevin_Spacey,gaussian,0.00000000,1,0.99999988,0
Kevin_Spacey,gaussian,0.02000000,1,0.98022032,0
Kevin_Spacey,gaussian,0.05000000,1,0.93063462,0
Kevin_Spacey,gaussian,0.10000000,1,0.88444901,0
Kevin_Spacey,gaussian,0.20000000,0,nan,1
Kevin_Spacey,gaussian,0.30000000,0,nan,1
Kevin_Spacey,brightness,1.00000000,1,0.99999988,0
Kevin_Spacey,brightness,0.90000000,1,0.99927866,0
Kevin_Spacey,brightness,0.80000000,1,0.99776006,0
Kevin_Spacey,brightness,0.65000000,1,0.99353921,0
Kevin_Spacey,brightness,0.50000000,1,0.98611057,0
Kevin_Spacey,brightness,0.35000000,1,0.97807169,0
Kevin_Spacey,rotation,0.00000000,1,0.99999988,0
Kevin_Spacey,rotation,3.00000000,1,0.99704510,0
Kevin_Spacey,rotation,6.00000000,1,0.99677902,0
Kevin_Spacey,rotation,10.00000000,1,0.99722785,0
Kevin_Spacey,rotation,15.00000000,1,0.99462920,0
Kevin_Spacey,rotation,20.00000000,1,0.99506062,0
Kevin_Spacey,blur,0.00000000,1,0.99567306,0
Kevin_Spacey,blur,1.00000000,1,0.99492383,0
Kevin_Spacey,blur,2.00000000,1,0.96858197,0
Kevin_Spacey,blur,3.00000000,1,0.90473253,0
Kevin_Spacey,blur,4.00000000,1,0.82924873,0
Kevin_Spacey,blur,5.00000000,1,0.73326564,0
Kevin_Spacey,occlusion,0.00000000,1,0.99756277,0
Kevin_Spacey,occlusion,0.10000000,0,0.24962473,0
Kevin_Spacey,occlusion,0.15000000,0,nan,1
Kevin_Spacey,occlusion,0.20000000,0,nan,1
Kevin_Spacey,occlusion,0.25000000,0,nan,1
Kevin_Spacey,occlusion,0.30000000,0,nan,1
Kim_Clijsters,gaussian,0.00000000,1,1.00000024,0
Kim_Clijsters,gaussian,0.02000000,0,0.98460084,0
Kim_Clijsters,gaussian,0.05000000,0,0.95414340,0
Kim_Clijsters,gaussian,0.10000000,1,0.84508282,0
Kim_Clijsters,gaussian,0.20000000,0,nan,1
Kim_Clijsters,gaussian,0.30000000,0,nan,1
Kim_Clijsters,brightness,1.00000000,1,1.00000024,0
Kim_Clijsters,brightness,0.90000000,1,0.99890006,0
Kim_Clijsters,brightness,0.80000000,1,0.99735534,0
Kim_Clijsters,brightness,0.65000000,1,0.99240136,0
Kim_Clijsters,brightness,0.50000000,1,0.98579043,0
Kim_Clijsters,brightness,0.35000000,1,0.97120333,0
Kim_Clijsters,rotation,0.00000000,1,1.00000024,0
Kim_Clijsters,rotation,3.00000000,1,0.99556136,0
Kim_Clijsters,rotation,6.00000000,1,0.99379194,0
Kim_Clijsters,rotation,10.00000000,1,0.99246871,0
Kim_Clijsters,rotation,15.00000000,1,0.98916113,0
Kim_Clijsters,rotation,20.00000000,1,0.98804724,0
Kim_Clijsters,blur,0.00000000,1,0.99354756,0
Kim_Clijsters,blur,1.00000000,1,0.99181426,0
Kim_Clijsters,blur,2.00000000,1,0.93879563,0
Kim_Clijsters,blur,3.00000000,1,0.82308429,0
Kim_Clijsters,blur,4.00000000,0,0.67723644,0
Kim_Clijsters,blur,5.00000000,0,0.57341665,0
Kim_Clijsters,occlusion,0.00000000,1,0.99690944,0
Kim_Clijsters,occlusion,0.10000000,0,-0.04674115,0
Kim_Clijsters,occlusion,0.15000000,0,-0.04180533,0
Kim_Clijsters,occlusion,0.20000000,0,-0.04438302,0
Kim_Clijsters,occlusion,0.25000000,0,-0.04274952,0
Kim_Clijsters,occlusion,0.30000000,0,-0.03580023,0
Kim_Dae-jung,gaussian,0.00000000,1,0.99999988,0
Kim_Dae-jung,gaussian,0.02000000,1,0.98888850,0
Kim_Dae-jung,gaussian,0.05000000,1,0.93349963,0
Kim_Dae-jung,gaussian,0.10000000,1,0.85224330,0
Kim_Dae-jung,gaussian,0.20000000,0,nan,1
Kim_Dae-jung,gaussian,0.30000000,0,nan,1
Kim_Dae-jung,brightness,1.00000000,1,0.99999988,0
Kim_Dae-jung,brightness,0.90000000,1,0.99947703,0
Kim_Dae-jung,brightness,0.80000000,1,0.99832201,0
Kim_Dae-jung,brightness,0.65000000,1,0.99523306,0
Kim_Dae-jung,brightness,0.50000000,1,0.98915482,0
Kim_Dae-jung,brightness,0.35000000,1,0.98247802,0
Kim_Dae-jung,rotation,0.00000000,1,0.99999988,0
Kim_Dae-jung,rotation,3.00000000,1,0.99727559,0
Kim_Dae-jung,rotation,6.00000000,1,0.99400508,0
Kim_Dae-jung,rotation,10.00000000,1,0.99178267,0
Kim_Dae-jung,rotation,15.00000000,1,0.99071121,0
Kim_Dae-jung,rotation,20.00000000,1,0.99163276,0
Kim_Dae-jung,blur,0.00000000,1,0.99450260,0
Kim_Dae-jung,blur,1.00000000,1,0.99371457,0
Kim_Dae-jung,blur,2.00000000,1,0.96835458,0
Kim_Dae-jung,blur,3.00000000,1,0.92939824,0
Kim_Dae-jung,blur,4.00000000,1,0.85488427,0
Kim_Dae-jung,blur,5.00000000,1,0.77624565,0
Kim_Dae-jung,occlusion,0.00000000,1,0.99429297,0
Kim_Dae-jung,occlusion,0.10000000,0,0.09593740,0
Kim_Dae-jung,occlusion,0.15000000,0,0.09699187,0
Kim_Dae-jung,occlusion,0.20000000,0,0.09610632,0
Kim_Dae-jung,occlusion,0.25000000,0,0.09476483,0
Kim_Dae-jung,occlusion,0.30000000,0,0.07655731,0
Kim_Ryong-sung,gaussian,0.00000000,1,1.00000000,0
Kim_Ryong-sung,gaussian,0.02000000,1,0.98907959,0
Kim_Ryong-sung,gaussian,0.05000000,1,0.94591236,0
Kim_Ryong-sung,gaussian,0.10000000,1,0.85270619,0
Kim_Ryong-sung,gaussian,0.20000000,0,nan,1
Kim_Ryong-sung,gaussian,0.30000000,0,nan,1
Kim_Ryong-sung,brightness,1.00000000,1,1.00000000,0
Kim_Ryong-sung,brightness,0.90000000,1,0.99944377,0
Kim_Ryong-sung,brightness,0.80000000,1,0.99805892,0
Kim_Ryong-sung,brightness,0.65000000,1,0.99477243,0
Kim_Ryong-sung,brightness,0.50000000,1,0.99110425,0
Kim_Ryong-sung,brightness,0.35000000,1,0.98099470,0
Kim_Ryong-sung,rotation,0.00000000,1,1.00000000,0
Kim_Ryong-sung,rotation,3.00000000,1,0.99699903,0
Kim_Ryong-sung,rotation,6.00000000,1,0.99635768,0
Kim_Ryong-sung,rotation,10.00000000,1,0.99631631,0
Kim_Ryong-sung,rotation,15.00000000,1,0.99412906,0
Kim_Ryong-sung,rotation,20.00000000,1,0.99526316,0
Kim_Ryong-sung,blur,0.00000000,1,0.99164784,0
Kim_Ryong-sung,blur,1.00000000,1,0.99017620,0
Kim_Ryong-sung,blur,2.00000000,1,0.94889456,0
Kim_Ryong-sung,blur,3.00000000,1,0.86764377,0
Kim_Ryong-sung,blur,4.00000000,1,0.80827266,0
Kim_Ryong-sung,blur,5.00000000,0,0.72654754,0
Kim_Ryong-sung,occlusion,0.00000000,1,0.99933898,0
Kim_Ryong-sung,occlusion,0.10000000,0,0.30300003,0
Kim_Ryong-sung,occlusion,0.15000000,0,0.09617397,0
Kim_Ryong-sung,occlusion,0.20000000,0,0.09262504,0
Kim_Ryong-sung,occlusion,0.25000000,0,0.09595896,0
Kim_Ryong-sung,occlusion,0.30000000,0,0.07928991,0
King_Abdullah_II,gaussian,0.00000000,1,1.00000000,0
King_Abdullah_II,gaussian,0.02000000,1,0.98808545,0
King_Abdullah_II,gaussian,0.05000000,1,0.94608569,0
King_Abdullah_II,gaussian,0.10000000,1,0.86566561,0
King_Abdullah_II,gaussian,0.20000000,0,nan,1
King_Abdullah_II,gaussian,0.30000000,0,nan,1
King_Abdullah_II,brightness,1.00000000,1,1.00000000,0
King_Abdullah_II,brightness,0.90000000,1,0.99954540,0
King_Abdullah_II,brightness,0.80000000,1,0.99859035,0
King_Abdullah_II,brightness,0.65000000,1,0.99576318,0
King_Abdullah_II,brightness,0.50000000,1,0.99085289,0
King_Abdullah_II,brightness,0.35000000,1,0.98352939,0
King_Abdullah_II,rotation,0.00000000,1,1.00000000,0
King_Abdullah_II,rotation,3.00000000,1,0.99844468,0
King_Abdullah_II,rotation,6.00000000,1,0.99770045,0
King_Abdullah_II,rotation,10.00000000,1,0.99833202,0
King_Abdullah_II,rotation,15.00000000,1,0.99596465,0
King_Abdullah_II,rotation,20.00000000,1,0.99074990,0
King_Abdullah_II,blur,0.00000000,1,0.99789780,0
King_Abdullah_II,blur,1.00000000,1,0.99751258,0
King_Abdullah_II,blur,2.00000000,1,0.97524798,0
King_Abdullah_II,blur,3.00000000,1,0.90812188,0
King_Abdullah_II,blur,4.00000000,1,0.81999552,0
King_Abdullah_II,blur,5.00000000,1,0.69941598,0
King_Abdullah_II,occlusion,0.00000000,1,0.99885362,0
King_Abdullah_II,occlusion,0.10000000,0,0.34628528,0
King_Abdullah_II,occlusion,0.15000000,0,0.15912536,0
King_Abdullah_II,occlusion,0.20000000,0,nan,1
King_Abdullah_II,occlusion,0.25000000,0,nan,1
King_Abdullah_II,occlusion,0.30000000,0,nan,1
Kofi_Annan,gaussian,0.00000000,1,1.00000000,0
Kofi_Annan,gaussian,0.02000000,1,0.99356949,0
Kofi_Annan,gaussian,0.05000000,1,0.97549057,0
Kofi_Annan,gaussian,0.10000000,1,0.92929202,0
Kofi_Annan,gaussian,0.20000000,0,nan,1
Kofi_Annan,gaussian,0.30000000,0,nan,1
Kofi_Annan,brightness,1.00000000,1,1.00000000,0
Kofi_Annan,brightness,0.90000000,1,0.99953812,0
Kofi_Annan,brightness,0.80000000,1,0.99855006,0
Kofi_Annan,brightness,0.65000000,1,0.99631989,0
Kofi_Annan,brightness,0.50000000,1,0.99221349,0
Kofi_Annan,brightness,0.35000000,1,0.98479664,0
Kofi_Annan,rotation,0.00000000,1,1.00000000,0
Kofi_Annan,rotation,3.00000000,1,0.99917388,0
Kofi_Annan,rotation,6.00000000,1,0.99784684,0
Kofi_Annan,rotation,10.00000000,1,0.99726307,0
Kofi_Annan,rotation,15.00000000,1,0.98884284,0
Kofi_Annan,rotation,20.00000000,1,0.97805101,0
Kofi_Annan,blur,0.00000000,1,0.99767959,0
Kofi_Annan,blur,1.00000000,1,0.99723947,0
Kofi_Annan,blur,2.00000000,1,0.98205960,0
Kofi_Annan,blur,3.00000000,1,0.91775918,0
Kofi_Annan,blur,4.00000000,1,0.84750140,0
Kofi_Annan,blur,5.00000000,1,0.77371055,0
Kofi_Annan,occlusion,0.00000000,1,0.99916250,0
Kofi_Annan,occlusion,0.10000000,0,0.44169950,0
Kofi_Annan,occlusion,0.15000000,0,nan,1
Kofi_Annan,occlusion,0.20000000,0,nan,1
Kofi_Annan,occlusion,0.25000000,0,nan,1
Kofi_Annan,occlusion,0.30000000,0,nan,1
Kristanna_Loken,gaussian,0.00000000,1,1.00000012,0
Kristanna_Loken,gaussian,0.02000000,1,0.99142039,0
Kristanna_Loken,gaussian,0.05000000,1,0.95780158,0
Kristanna_Loken,gaussian,0.10000000,1,0.87436444,0
Kristanna_Loken,gaussian,0.20000000,0,nan,1
Kristanna_Loken,gaussian,0.30000000,0,nan,1
Kristanna_Loken,brightness,1.00000000,1,1.00000012,0
Kristanna_Loken,brightness,0.90000000,1,0.99913168,0
Kristanna_Loken,brightness,0.80000000,1,0.99778104,0
Kristanna_Loken,brightness,0.65000000,1,0.99499589,0
Kristanna_Loken,brightness,0.50000000,1,0.99106914,0
Kristanna_Loken,brightness,0.35000000,1,0.98389465,0
Kristanna_Loken,rotation,0.00000000,1,1.00000012,0
Kristanna_Loken,rotation,3.00000000,1,0.99800068,0
Kristanna_Loken,rotation,6.00000000,1,0.99667805,0
Kristanna_Loken,rotation,10.00000000,1,0.99635702,0
Kristanna_Loken,rotation,15.00000000,1,0.99221545,0
Kristanna_Loken,rotation,20.00000000,1,0.98477548,0
Kristanna_Loken,blur,0.00000000,1,0.99383104,0
Kristanna_Loken,blur,1.00000000,1,0.99240291,0
Kristanna_Loken,blur,2.00000000,1,0.94240820,0
Kristanna_Loken,blur,3.00000000,1,0.85720968,0
Kristanna_Loken,blur,4.00000000,1,0.74413633,0
Kristanna_Loken,blur,5.00000000,0,0.62808263,0
Kristanna_Loken,occlusion,0.00000000,1,0.99923658,0
Kristanna_Loken,occlusion,0.10000000,0,0.43318579,0
Kristanna_Loken,occlusion,0.15000000,0,nan,1
Kristanna_Loken,occlusion,0.20000000,0,nan,1
Kristanna_Loken,occlusion,0.25000000,0,nan,1
Kristanna_Loken,occlusion,0.30000000,0,nan,1
Kurt_Warner,gaussian,0.00000000,1,1.00000000,0
Kurt_Warner,gaussian,0.02000000,1,0.98824197,0
Kurt_Warner,gaussian,0.05000000,1,0.94785058,0
Kurt_Warner,gaussian,0.10000000,1,0.87574035,0
Kurt_Warner,gaussian,0.20000000,0,nan,1
Kurt_Warner,gaussian,0.30000000,0,nan,1
Kurt_Warner,brightness,1.00000000,1,1.00000000,0
Kurt_Warner,brightness,0.90000000,1,0.99940526,0
Kurt_Warner,brightness,0.80000000,1,0.99813163,0
Kurt_Warner,brightness,0.65000000,1,0.99538720,0
Kurt_Warner,brightness,0.50000000,1,0.98966312,0
Kurt_Warner,brightness,0.35000000,1,0.98008704,0
Kurt_Warner,rotation,0.00000000,1,1.00000000,0
Kurt_Warner,rotation,3.00000000,1,0.99769914,0
Kurt_Warner,rotation,6.00000000,1,0.99586976,0
Kurt_Warner,rotation,10.00000000,1,0.99464417,0
Kurt_Warner,rotation,15.00000000,1,0.99407941,0
Kurt_Warner,rotation,20.00000000,1,0.99560571,0
Kurt_Warner,blur,0.00000000,1,0.99542695,0
Kurt_Warner,blur,1.00000000,1,0.99460912,0
Kurt_Warner,blur,2.00000000,1,0.96360999,0
Kurt_Warner,blur,3.00000000,1,0.88936162,0
Kurt_Warner,blur,4.00000000,1,0.78705227,0
Kurt_Warner,blur,5.00000000,0,0.67732906,0
Kurt_Warner,occlusion,0.00000000,1,0.99910688,0
Kurt_Warner,occlusion,0.10000000,0,0.04657648,0
Kurt_Warner,occlusion,0.15000000,0,0.07441518,0
Kurt_Warner,occlusion,0.20000000,0,0.10489772,0
Kurt_Warner,occlusion,0.25000000,0,0.01271019,0
Kurt_Warner,occlusion,0.30000000,0,nan,1
Lance_Armstrong,gaussian,0.00000000,1,1.00000000,0
Lance_Armstrong,gaussian,0.02000000,1,0.98209929,0
Lance_Armstrong,gaussian,0.05000000,1,0.90632308,0
Lance_Armstrong,gaussian,0.10000000,1,0.85707718,0
Lance_Armstrong,gaussian,0.20000000,0,nan,1
Lance_Armstrong,gaussian,0.30000000,0,nan,1
Lance_Armstrong,brightness,1.00000000,1,1.00000000,0
Lance_Armstrong,brightness,0.90000000,1,0.99945402,0
Lance_Armstrong,brightness,0.80000000,1,0.99830961,0
Lance_Armstrong,brightness,0.65000000,1,0.99533546,0
Lance_Armstrong,brightness,0.50000000,1,0.98872936,0
Lance_Armstrong,brightness,0.35000000,1,0.97699976,0
Lance_Armstrong,rotation,0.00000000,1,1.00000000,0
Lance_Armstrong,rotation,3.00000000,1,0.99840772,0
Lance_Armstrong,rotation,6.00000000,1,0.99784970,0
Lance_Armstrong,rotation,10.00000000,1,0.99562424,0
Lance_Armstrong,rotation,15.00000000,1,0.99153233,0
Lance_Armstrong,rotation,20.00000000,1,0.98505020,0
Lance_Armstrong,blur,0.00000000,1,0.99599773,0
Lance_Armstrong,blur,1.00000000,1,0.99515259,0
Lance_Armstrong,blur,2.00000000,1,0.97066158,0
Lance_Armstrong,blur,3.00000000,1,0.90791810,0
Lance_Armstrong,blur,4.00000000,1,0.81837124,0
Lance_Armstrong,blur,5.00000000,1,0.71623528,0
Lance_Armstrong,occlusion,0.00000000,1,0.99898142,0
Lance_Armstrong,occlusion,0.10000000,0,0.42468041,0
Lance_Armstrong,occlusion,0.15000000,0,0.16574544,0
Lance_Armstrong,occlusion,0.20000000,0,nan,1
Lance_Armstrong,occlusion,0.25000000,0,nan,1
Lance_Armstrong,occlusion,0.30000000,0,nan,1
Lance_Bass,gaussian,0.00000000,1,1.00000000,0
Lance_Bass,gaussian,0.02000000,1,0.98342532,0
Lance_Bass,gaussian,0.05000000,1,0.94176936,0
Lance_Bass,gaussian,0.10000000,1,0.84726775,0
Lance_Bass,gaussian,0.20000000,0,nan,1
Lance_Bass,gaussian,0.30000000,0,nan,1
Lance_Bass,brightness,1.00000000,1,1.00000000,0
Lance_Bass,brightness,0.90000000,1,0.99929261,0
Lance_Bass,brightness,0.80000000,1,0.99832326,0
Lance_Bass,brightness,0.65000000,1,0.99530059,0
Lance_Bass,brightness,0.50000000,1,0.99038070,0
Lance_Bass,brightness,0.35000000,1,0.98111486,0
Lance_Bass,rotation,0.00000000,1,1.00000000,0
Lance_Bass,rotation,3.00000000,1,0.99805510,0
Lance_Bass,rotation,6.00000000,1,0.99843627,0
Lance_Bass,rotation,10.00000000,1,0.99648559,0
Lance_Bass,rotation,15.00000000,1,0.99602193,0
Lance_Bass,rotation,20.00000000,1,0.99609280,0
Lance_Bass,blur,0.00000000,1,0.99646622,0
Lance_Bass,blur,1.00000000,1,0.99567842,0
Lance_Bass,blur,2.00000000,1,0.96794617,0
Lance_Bass,blur,3.00000000,1,0.88287395,0
Lance_Bass,blur,4.00000000,1,0.76400977,0
Lance_Bass,blur,5.00000000,0,0.64302564,0
Lance_Bass,occlusion,0.00000000,1,0.99917054,0
Lance_Bass,occlusion,0.10000000,0,0.31327343,0
Lance_Bass,occlusion,0.15000000,0,nan,1
Lance_Bass,occlusion,0.20000000,0,nan,1
Lance_Bass,occlusion,0.25000000,0,nan,1
Lance_Bass,occlusion,0.30000000,0,nan,1
Larry_Brown,gaussian,0.00000000,1,1.00000000,0
Larry_Brown,gaussian,0.02000000,1,0.98415518,0
Larry_Brown,gaussian,0.05000000,1,0.93566787,0
Larry_Brown,gaussian,0.10000000,1,0.86013973,0
Larry_Brown,gaussian,0.20000000,0,nan,1
Larry_Brown,gaussian,0.30000000,0,nan,1
Larry_Brown,brightness,1.00000000,1,1.00000000,0
Larry_Brown,brightness,0.90000000,1,0.99924719,0
Larry_Brown,brightness,0.80000000,1,0.99784124,0
Larry_Brown,brightness,0.65000000,1,0.99439406,0
Larry_Brown,brightness,0.50000000,1,0.98883069,0
Larry_Brown,brightness,0.35000000,1,0.97958243,0
Larry_Brown,rotation,0.00000000,1,1.00000000,0
Larry_Brown,rotation,3.00000000,1,0.99836016,0
Larry_Brown,rotation,6.00000000,1,0.99655437,0
Larry_Brown,rotation,10.00000000,1,0.99398816,0
Larry_Brown,rotation,15.00000000,1,0.99001300,0
Larry_Brown,rotation,20.00000000,1,0.98832941,0
Larry_Brown,blur,0.00000000,1,0.99562436,0
Larry_Brown,blur,1.00000000,1,0.99484009,0
Larry_Brown,blur,2.00000000,1,0.96356761,0
Larry_Brown,blur,3.00000000,1,0.87833178,0
Larry_Brown,blur,4.00000000,1,0.75736630,0
Larry_Brown,blur,5.00000000,1,0.65235323,0
Larry_Brown,occlusion,0.00000000,1,0.99890614,0
Larry_Brown,occlusion,0.10000000,0,-0.03398946,0
Larry_Brown,occlusion,0.15000000,0,-0.03470728,0
Larry_Brown,occlusion,0.20000000,0,-0.03158058,0
Larry_Brown,occlusion,0.25000000,0,-0.03174718,0
Larry_Brown,occlusion,0.30000000,0,-0.02872617,0
Laura_Bush,gaussian,0.00000000,1,0.99999988,0
Laura_Bush,gaussian,0.02000000,1,0.97936165,0
Laura_Bush,gaussian,0.05000000,1,0.92338121,0
Laura_Bush,gaussian,0.10000000,1,0.84078789,0
Laura_Bush,gaussian,0.20000000,0,nan,1
Laura_Bush,gaussian,0.30000000,0,nan,1
Laura_Bush,brightness,1.00000000,1,0.99999988,0
Laura_Bush,brightness,0.90000000,1,0.99869764,0
Laura_Bush,brightness,0.80000000,1,0.99637544,0
Laura_Bush,brightness,0.65000000,1,0.99022782,0
Laura_Bush,brightness,0.50000000,1,0.98045826,0
Laura_Bush,brightness,0.35000000,1,0.96603256,0
Laura_Bush,rotation,0.00000000,1,0.99999988,0
Laura_Bush,rotation,3.00000000,1,0.99788582,0
Laura_Bush,rotation,6.00000000,1,0.99531275,0
Laura_Bush,rotation,10.00000000,1,0.99682242,0
Laura_Bush,rotation,15.00000000,1,0.99254584,0
Laura_Bush,rotation,20.00000000,1,0.99065375,0
Laura_Bush,blur,0.00000000,1,0.99109036,0
Laura_Bush,blur,1.00000000,1,0.98966473,0
Laura_Bush,blur,2.00000000,1,0.94702542,0
Laura_Bush,blur,3.00000000,0,0.85389078,0
Laura_Bush,blur,4.00000000,1,0.77425081,0
Laura_Bush,blur,5.00000000,0,0.67813063,0
Laura_Bush,occlusion,0.00000000,1,0.99768752,0
Laura_Bush,occlusion,0.10000000,0,0.04464906,0
Laura_Bush,occlusion,0.15000000,0,nan,1
Laura_Bush,occlusion,0.20000000,0,nan,1
Laura_Bush,occlusion,0.25000000,0,nan,1
Laura_Bush,occlusion,0.30000000,0,nan,1
LeBron_James,gaussian,0.00000000,1,1.00000000,0
LeBron_James,gaussian,0.02000000,1,0.98854607,0
LeBron_James,gaussian,0.05000000,1,0.94505346,0
LeBron_James,gaussian,0.10000000,1,0.86302084,0
LeBron_James,gaussian,0.20000000,0,nan,1
LeBron_James,gaussian,0.30000000,0,nan,1
LeBron_James,brightness,1.00000000,1,1.00000000,0
LeBron_James,brightness,0.90000000,1,0.99927306,0
LeBron_James,brightness,0.80000000,1,0.99792957,0
LeBron_James,brightness,0.65000000,1,0.99430627,0
LeBron_James,brightness,0.50000000,1,0.99011815,0
LeBron_James,brightness,0.35000000,1,0.98105288,0
LeBron_James,rotation,0.00000000,1,1.00000000,0
LeBron_James,rotation,3.00000000,1,0.99764246,0
LeBron_James,rotation,6.00000000,1,0.99779272,0
LeBron_James,rotation,10.00000000,1,0.99695110,0
LeBron_James,rotation,15.00000000,1,0.99659348,0
LeBron_James,rotation,20.00000000,1,0.99622631,0
LeBron_James,blur,0.00000000,1,0.99463814,0
LeBron_James,blur,1.00000000,1,0.99382216,0
LeBron_James,blur,2.00000000,1,0.96182036,0
LeBron_James,blur,3.00000000,1,0.87146395,0
LeBron_James,blur,4.00000000,1,0.76042759,0
LeBron_James,blur,5.00000000,1,0.66260028,0
LeBron_James,occlusion,0.00000000,1,0.99942279,0
LeBron_James,occlusion,0.10000000,0,0.43960652,0
LeBron_James,occlusion,0.15000000,0,nan,1
LeBron_James,occlusion,0.20000000,0,nan,1
LeBron_James,occlusion,0.25000000,0,nan,1
LeBron_James,occlusion,0.30000000,0,nan,1
Leonardo_DiCaprio,gaussian,0.00000000,1,0.99999982,0
Leonardo_DiCaprio,gaussian,0.02000000,1,0.99199796,0
Leonardo_DiCaprio,gaussian,0.05000000,1,0.94840199,0
Leonardo_DiCaprio,gaussian,0.10000000,1,0.89745206,0
Leonardo_DiCaprio,gaussian,0.20000000,0,nan,1
Leonardo_DiCaprio,gaussian,0.30000000,0,nan,1
Leonardo_DiCaprio,brightness,1.00000000,1,0.99999982,0
Leonardo_DiCaprio,brightness,0.90000000,1,0.99947160,0
Leonardo_DiCaprio,brightness,0.80000000,1,0.99851030,0
Leonardo_DiCaprio,brightness,0.65000000,1,0.99598062,0
Leonardo_DiCaprio,brightness,0.50000000,1,0.99265599,0
Leonardo_DiCaprio,brightness,0.35000000,1,0.98665380,0
Leonardo_DiCaprio,rotation,0.00000000,1,0.99999982,0
Leonardo_DiCaprio,rotation,3.00000000,1,0.99873662,0
Leonardo_DiCaprio,rotation,6.00000000,1,0.99844265,0
Leonardo_DiCaprio,rotation,10.00000000,1,0.99758565,0
Leonardo_DiCaprio,rotation,15.00000000,1,0.99457335,0
Leonardo_DiCaprio,rotation,20.00000000,1,0.99384212,0
Leonardo_DiCaprio,blur,0.00000000,1,0.99660552,0
Leonardo_DiCaprio,blur,1.00000000,1,0.99593675,0
Leonardo_DiCaprio,blur,2.00000000,1,0.97081780,0
Leonardo_DiCaprio,blur,3.00000000,1,0.91685027,0
Leonardo_DiCaprio,blur,4.00000000,1,0.83889925,0
Leonardo_DiCaprio,blur,5.00000000,1,0.78495169,0
Leonardo_DiCaprio,occlusion,0.00000000,1,0.99950826,0
Leonardo_DiCaprio,occlusion,0.10000000,0,0.31645778,0
Leonardo_DiCaprio,occlusion,0.15000000,0,nan,1
Leonardo_DiCaprio,occlusion,0.20000000,0,nan,1
Leonardo_DiCaprio,occlusion,0.25000000,0,nan,1
Leonardo_DiCaprio,occlusion,0.30000000,0,nan,1
Leonid_Kuchma,gaussian,0.00000000,1,1.00000000,0
Leonid_Kuchma,gaussian,0.02000000,1,0.99114931,0
Leonid_Kuchma,gaussian,0.05000000,1,0.94901800,0
Leonid_Kuchma,gaussian,0.10000000,1,0.85322684,0
Leonid_Kuchma,gaussian,0.20000000,0,nan,1
Leonid_Kuchma,gaussian,0.30000000,0,nan,1
Leonid_Kuchma,brightness,1.00000000,1,1.00000000,0
Leonid_Kuchma,brightness,0.90000000,1,0.99952388,0
Leonid_Kuchma,brightness,0.80000000,1,0.99857605,0
Leonid_Kuchma,brightness,0.65000000,1,0.99639583,0
Leonid_Kuchma,brightness,0.50000000,1,0.99208927,0
Leonid_Kuchma,brightness,0.35000000,1,0.98550886,0
Leonid_Kuchma,rotation,0.00000000,1,1.00000000,0
Leonid_Kuchma,rotation,3.00000000,1,0.99746430,0
Leonid_Kuchma,rotation,6.00000000,1,0.99706113,0
Leonid_Kuchma,rotation,10.00000000,1,0.99671316,0
Leonid_Kuchma,rotation,15.00000000,1,0.99544108,0
Leonid_Kuchma,rotation,20.00000000,1,0.99326974,0
Leonid_Kuchma,blur,0.00000000,1,0.99544007,0
Leonid_Kuchma,blur,1.00000000,1,0.99455869,0
Leonid_Kuchma,blur,2.00000000,1,0.96862310,0
Leonid_Kuchma,blur,3.00000000,1,0.91049325,0
Leonid_Kuchma,blur,4.00000000,0,0.81104243,0
Leonid_Kuchma,blur,5.00000000,0,0.69835329,0
Leonid_Kuchma,occlusion,0.00000000,1,0.99932253,0
Leonid_Kuchma,occlusion,0.10000000,0,0.32335186,0
Leonid_Kuchma,occlusion,0.15000000,0,nan,1
Leonid_Kuchma,occlusion,0.20000000,0,nan,1
Leonid_Kuchma,occlusion,0.25000000,0,nan,1
Leonid_Kuchma,occlusion,0.30000000,0,nan,1
Li_Peng,gaussian,0.00000000,1,1.00000000,0
Li_Peng,gaussian,0.02000000,1,0.98870254,0
Li_Peng,gaussian,0.05000000,1,0.94627959,0
Li_Peng,gaussian,0.10000000,1,0.88343048,0
Li_Peng,gaussian,0.20000000,0,nan,1
Li_Peng,gaussian,0.30000000,0,nan,1
Li_Peng,brightness,1.00000000,1,1.00000000,0
Li_Peng,brightness,0.90000000,1,0.99934161,0
Li_Peng,brightness,0.80000000,1,0.99787158,0
Li_Peng,brightness,0.65000000,1,0.99505204,0
Li_Peng,brightness,0.50000000,1,0.98936284,0
Li_Peng,brightness,0.35000000,1,0.98045486,0
Li_Peng,rotation,0.00000000,1,1.00000000,0
Li_Peng,rotation,3.00000000,1,0.99686718,0
Li_Peng,rotation,6.00000000,1,0.99719441,0
Li_Peng,rotation,10.00000000,1,0.99592304,0
Li_Peng,rotation,15.00000000,1,0.99360728,0
Li_Peng,rotation,20.00000000,1,0.98601013,0
Li_Peng,blur,0.00000000,1,0.99307746,0
Li_Peng,blur,1.00000000,1,0.99163735,0
Li_Peng,blur,2.00000000,1,0.95650852,0
Li_Peng,blur,3.00000000,1,0.87403274,0
Li_Peng,blur,4.00000000,1,0.75103152,0
Li_Peng,blur,5.00000000,0,0.59757328,0
Li_Peng,occlusion,0.00000000,1,0.99932778,0
Li_Peng,occlusion,0.10000000,0,0.36276940,0
Li_Peng,occlusion,0.15000000,0,nan,1
Li_Peng,occlusion,0.20000000,0,nan,1
Li_Peng,occlusion,0.25000000,0,nan,1
Li_Peng,occlusion,0.30000000,0,nan,1
Li_Zhaoxing,gaussian,0.00000000,1,0.99999988,0
Li_Zhaoxing,gaussian,0.02000000,1,0.98649538,0
Li_Zhaoxing,gaussian,0.05000000,1,0.93888503,0
Li_Zhaoxing,gaussian,0.10000000,1,0.84800208,0
Li_Zhaoxing,gaussian,0.20000000,0,nan,1
Li_Zhaoxing,gaussian,0.30000000,0,nan,1
Li_Zhaoxing,brightness,1.00000000,1,0.99999988,0
Li_Zhaoxing,brightness,0.90000000,1,0.99932438,0
Li_Zhaoxing,brightness,0.80000000,1,0.99802142,0
Li_Zhaoxing,brightness,0.65000000,1,0.99581707,0
Li_Zhaoxing,brightness,0.50000000,1,0.99139464,0
Li_Zhaoxing,brightness,0.35000000,1,0.98382986,0
Li_Zhaoxing,rotation,0.00000000,1,0.99999988,0
Li_Zhaoxing,rotation,3.00000000,1,0.99856812,0
Li_Zhaoxing,rotation,6.00000000,1,0.99748963,0
Li_Zhaoxing,rotation,10.00000000,1,0.99479383,0
Li_Zhaoxing,rotation,15.00000000,1,0.98980010,0
Li_Zhaoxing,rotation,20.00000000,1,0.98864198,0
Li_Zhaoxing,blur,0.00000000,1,0.99655581,0
Li_Zhaoxing,blur,1.00000000,1,0.99620110,0
Li_Zhaoxing,blur,2.00000000,1,0.97336537,0
Li_Zhaoxing,blur,3.00000000,1,0.90757060,0
Li_Zhaoxing,blur,4.00000000,1,0.79700339,0
Li_Zhaoxing,blur,5.00000000,1,0.71181703,0
Li_Zhaoxing,occlusion,0.00000000,1,0.99933964,0
Li_Zhaoxing,occlusion,0.10000000,0,0.34008068,0
Li_Zhaoxing,occlusion,0.15000000,0,nan,1
Li_Zhaoxing,occlusion,0.20000000,0,nan,1
Li_Zhaoxing,occlusion,0.25000000,0,nan,1
Li_Zhaoxing,occlusion,0.30000000,0,nan,1
Lindsay_Davenport,gaussian,0.00000000,1,1.00000000,0
Lindsay_Davenport,gaussian,0.02000000,1,0.98930579,0
Lindsay_Davenport,gaussian,0.05000000,1,0.94348854,0
Lindsay_Davenport,gaussian,0.10000000,1,0.85876256,0
Lindsay_Davenport,gaussian,0.20000000,0,nan,1
Lindsay_Davenport,gaussian,0.30000000,0,nan,1
Lindsay_Davenport,brightness,1.00000000,1,1.00000000,0
Lindsay_Davenport,brightness,0.90000000,1,0.99948192,0
Lindsay_Davenport,brightness,0.80000000,1,0.99846661,0
Lindsay_Davenport,brightness,0.65000000,1,0.99560803,0
Lindsay_Davenport,brightness,0.50000000,1,0.99171233,0
Lindsay_Davenport,brightness,0.35000000,1,0.98348498,0
Lindsay_Davenport,rotation,0.00000000,1,1.00000000,0
Lindsay_Davenport,rotation,3.00000000,1,0.99696016,0
Lindsay_Davenport,rotation,6.00000000,1,0.99711412,0
Lindsay_Davenport,rotation,10.00000000,1,0.99817252,0
Lindsay_Davenport,rotation,15.00000000,1,0.99302590,0
Lindsay_Davenport,rotation,20.00000000,1,0.98430473,0
Lindsay_Davenport,blur,0.00000000,1,0.99501139,0
Lindsay_Davenport,blur,1.00000000,1,0.99408078,0
Lindsay_Davenport,blur,2.00000000,1,0.95763469,0
Lindsay_Davenport,blur,3.00000000,1,0.88340938,0
Lindsay_Davenport,blur,4.00000000,1,0.80277288,0
Lindsay_Davenport,blur,5.00000000,1,0.70614707,0
Lindsay_Davenport,occlusion,0.00000000,1,0.99889505,0
Lindsay_Davenport,occlusion,0.10000000,0,0.25262070,0
Lindsay_Davenport,occlusion,0.15000000,0,nan,1
Lindsay_Davenport,occlusion,0.20000000,0,nan,1
Lindsay_Davenport,occlusion,0.25000000,0,nan,1
Lindsay_Davenport,occlusion,0.30000000,0,nan,1
Liza_Minnelli,gaussian,0.00000000,1,0.99999994,0
Liza_Minnelli,gaussian,0.02000000,1,0.98756641,0
Liza_Minnelli,gaussian,0.05000000,1,0.94550991,0
Liza_Minnelli,gaussian,0.10000000,1,0.87703168,0
Liza_Minnelli,gaussian,0.20000000,0,nan,1
Liza_Minnelli,gaussian,0.30000000,0,nan,1
Liza_Minnelli,brightness,1.00000000,1,0.99999994,0
Liza_Minnelli,brightness,0.90000000,1,0.99921423,0
Liza_Minnelli,brightness,0.80000000,1,0.99807292,0
Liza_Minnelli,brightness,0.65000000,1,0.99491858,0
Liza_Minnelli,brightness,0.50000000,1,0.98918110,0
Liza_Minnelli,brightness,0.35000000,1,0.97819126,0
Liza_Minnelli,rotation,0.00000000,1,0.99999994,0
Liza_Minnelli,rotation,3.00000000,1,0.99749470,0
Liza_Minnelli,rotation,6.00000000,1,0.99360132,0
Liza_Minnelli,rotation,10.00000000,1,0.99450070,0
Liza_Minnelli,rotation,15.00000000,1,0.98985308,0
Liza_Minnelli,rotation,20.00000000,1,0.98232716,0
Liza_Minnelli,blur,0.00000000,1,0.99536127,0
Liza_Minnelli,blur,1.00000000,1,0.99438363,0
Liza_Minnelli,blur,2.00000000,1,0.97296017,0
Liza_Minnelli,blur,3.00000000,1,0.91907483,0
Liza_Minnelli,blur,4.00000000,1,0.83874238,0
Liza_Minnelli,blur,5.00000000,1,0.78118503,0
Liza_Minnelli,occlusion,0.00000000,1,0.99639440,0
Liza_Minnelli,occlusion,0.10000000,0,0.24411927,0
Liza_Minnelli,occlusion,0.15000000,0,nan,1
Liza_Minnelli,occlusion,0.20000000,0,nan,1
Liza_Minnelli,occlusion,0.25000000,0,nan,1
Liza_Minnelli,occlusion,0.30000000,0,nan,1
Lleyton_Hewitt,gaussian,0.00000000,1,1.00000012,0
Lleyton_Hewitt,gaussian,0.02000000,1,0.98770434,0
Lleyton_Hewitt,gaussian,0.05000000,1,0.93659329,0
Lleyton_Hewitt,gaussian,0.10000000,1,0.86279136,0
Lleyton_Hewitt,gaussian,0.20000000,0,nan,1
Lleyton_Hewitt,gaussian,0.30000000,0,nan,1
Lleyton_Hewitt,brightness,1.00000000,1,1.00000012,0
Lleyton_Hewitt,brightness,0.90000000,1,0.99912691,0
Lleyton_Hewitt,brightness,0.80000000,1,0.99740463,0
Lleyton_Hewitt,brightness,0.65000000,1,0.99311608,0
Lleyton_Hewitt,brightness,0.50000000,1,0.98709404,0
Lleyton_Hewitt,brightness,0.35000000,1,0.97361469,0
Lleyton_Hewitt,rotation,0.00000000,1,1.00000012,0
Lleyton_Hewitt,rotation,3.00000000,1,0.99690199,0
Lleyton_Hewitt,rotation,6.00000000,1,0.99696493,0
Lleyton_Hewitt,rotation,10.00000000,1,0.99413037,0
Lleyton_Hewitt,rotation,15.00000000,1,0.98800439,0
Lleyton_Hewitt,rotation,20.00000000,1,0.97771716,0
Lleyton_Hewitt,blur,0.00000000,1,0.99167633,0
Lleyton_Hewitt,blur,1.00000000,1,0.99042863,0
Lleyton_Hewitt,blur,2.00000000,1,0.95232677,0
Lleyton_Hewitt,blur,3.00000000,1,0.90740561,0
Lleyton_Hewitt,blur,4.00000000,1,0.83544326,0
Lleyton_Hewitt,blur,5.00000000,0,0.75843167,0
Lleyton_Hewitt,occlusion,0.00000000,1,0.99649972,0
Lleyton_Hewitt,occlusion,0.10000000,0,0.32180166,0
Lleyton_Hewitt,occlusion,0.15000000,0,nan,1
Lleyton_Hewitt,occlusion,0.20000000,0,nan,1
Lleyton_Hewitt,occlusion,0.25000000,0,nan,1
Lleyton_Hewitt,occlusion,0.30000000,0,nan,1
Lucio_Gutierrez,gaussian,0.00000000,1,1.00000000,0
Lucio_Gutierrez,gaussian,0.02000000,1,0.98767424,0
Lucio_Gutierrez,gaussian,0.05000000,1,0.94257814,0
Lucio_Gutierrez,gaussian,0.10000000,1,0.87279141,0
Lucio_Gutierrez,gaussian,0.20000000,0,nan,1
Lucio_Gutierrez,gaussian,0.30000000,0,nan,1
Lucio_Gutierrez,brightness,1.00000000,1,1.00000000,0
Lucio_Gutierrez,brightness,0.90000000,1,0.99855924,0
Lucio_Gutierrez,brightness,0.80000000,1,0.99598134,0
Lucio_Gutierrez,brightness,0.65000000,1,0.99019498,0
Lucio_Gutierrez,brightness,0.50000000,1,0.98265868,0
Lucio_Gutierrez,brightness,0.35000000,1,0.97063577,0
Lucio_Gutierrez,rotation,0.00000000,1,1.00000000,0
Lucio_Gutierrez,rotation,3.00000000,1,0.99717247,0
Lucio_Gutierrez,rotation,6.00000000,1,0.99762249,0
Lucio_Gutierrez,rotation,10.00000000,1,0.99468762,0
Lucio_Gutierrez,rotation,15.00000000,1,0.99513239,0
Lucio_Gutierrez,rotation,20.00000000,1,0.99318153,0
Lucio_Gutierrez,blur,0.00000000,1,0.99513578,0
Lucio_Gutierrez,blur,1.00000000,1,0.99420977,0
Lucio_Gutierrez,blur,2.00000000,1,0.95826924,0
Lucio_Gutierrez,blur,3.00000000,1,0.86999613,0
Lucio_Gutierrez,blur,4.00000000,1,0.77839041,0
Lucio_Gutierrez,blur,5.00000000,1,0.72355515,0
Lucio_Gutierrez,occlusion,0.00000000,1,0.99888176,0
Lucio_Gutierrez,occlusion,0.10000000,0,nan,1
Lucio_Gutierrez,occlusion,0.15000000,0,nan,1
Lucio_Gutierrez,occlusion,0.20000000,0,nan,1
Lucio_Gutierrez,occlusion,0.25000000,0,nan,1
Lucio_Gutierrez,occlusion,0.30000000,0,nan,1
Lucy_Liu,gaussian,0.00000000,1,0.99999988,0
Lucy_Liu,gaussian,0.02000000,1,0.98113525,0
Lucy_Liu,gaussian,0.05000000,1,0.92363828,0
Lucy_Liu,gaussian,0.10000000,0,0.83969790,0
Lucy_Liu,gaussian,0.20000000,0,nan,1
Lucy_Liu,gaussian,0.30000000,0,nan,1
Lucy_Liu,brightness,1.00000000,1,0.99999988,0
Lucy_Liu,brightness,0.90000000,1,0.99928683,0
Lucy_Liu,brightness,0.80000000,1,0.99753034,0
Lucy_Liu,brightness,0.65000000,1,0.99369788,0
Lucy_Liu,brightness,0.50000000,1,0.98390162,0
Lucy_Liu,brightness,0.35000000,1,0.97120577,0
Lucy_Liu,rotation,0.00000000,1,0.99999988,0
Lucy_Liu,rotation,3.00000000,1,0.99655944,0
Lucy_Liu,rotation,6.00000000,1,0.99580187,0
Lucy_Liu,rotation,10.00000000,1,0.99431980,0
Lucy_Liu,rotation,15.00000000,1,0.99134076,0
Lucy_Liu,rotation,20.00000000,1,0.98455882,0
Lucy_Liu,blur,0.00000000,1,0.99540997,0
Lucy_Liu,blur,1.00000000,1,0.99430013,0
Lucy_Liu,blur,2.00000000,1,0.94259608,0
Lucy_Liu,blur,3.00000000,1,0.85188842,0
Lucy_Liu,blur,4.00000000,0,0.76581842,0
Lucy_Liu,blur,5.00000000,0,0.69934356,0
Lucy_Liu,occlusion,0.00000000,1,0.99834830,0
Lucy_Liu,occlusion,0.10000000,0,0.39485955,0
Lucy_Liu,occlusion,0.15000000,0,nan,1
Lucy_Liu,occlusion,0.20000000,0,nan,1
Lucy_Liu,occlusion,0.25000000,0,nan,1
Lucy_Liu,occlusion,0.30000000,0,nan,1
Ludivine_Sagnier,gaussian,0.00000000,1,1.00000000,0
Ludivine_Sagnier,gaussian,0.02000000,1,0.98147291,0
Ludivine_Sagnier,gaussian,0.05000000,1,0.89454639,0
Ludivine_Sagnier,gaussian,0.10000000,1,0.80829835,0
Ludivine_Sagnier,gaussian,0.20000000,0,nan,1
Ludivine_Sagnier,gaussian,0.30000000,0,nan,1
Ludivine_Sagnier,brightness,1.00000000,1,1.00000000,0
Ludivine_Sagnier,brightness,0.90000000,1,0.99928641,0
Ludivine_Sagnier,brightness,0.80000000,1,0.99800867,0
Ludivine_Sagnier,brightness,0.65000000,1,0.99375838,0
Ludivine_Sagnier,brightness,0.50000000,1,0.98349804,0
Ludivine_Sagnier,brightness,0.35000000,1,0.96784997,0
Ludivine_Sagnier,rotation,0.00000000,1,1.00000000,0
Ludivine_Sagnier,rotation,3.00000000,1,0.99484837,0
Ludivine_Sagnier,rotation,6.00000000,1,0.99147594,0
Ludivine_Sagnier,rotation,10.00000000,1,0.99101484,0
Ludivine_Sagnier,rotation,15.00000000,1,0.99379134,0
Ludivine_Sagnier,rotation,20.00000000,1,0.97623199,0
Ludivine_Sagnier,blur,0.00000000,1,0.99047160,0
Ludivine_Sagnier,blur,1.00000000,1,0.98904800,0
Ludivine_Sagnier,blur,2.00000000,1,0.93015623,0
Ludivine_Sagnier,blur,3.00000000,1,0.80017996,0
Ludivine_Sagnier,blur,4.00000000,1,0.69571567,0
Ludivine_Sagnier,blur,5.00000000,1,0.59038615,0
Ludivine_Sagnier,occlusion,0.00000000,1,0.99761277,0
Ludivine_Sagnier,occlusion,0.10000000,0,nan,1
Ludivine_Sagnier,occlusion,0.15000000,0,nan,1
Ludivine_Sagnier,occlusion,0.20000000,0,nan,1
Ludivine_Sagnier,occlusion,0.25000000,0,nan,1
Ludivine_Sagnier,occlusion,0.30000000,0,nan,1
Luis_Ernesto_Derbez_Bautista,gaussian,0.00000000,1,1.00000000,0
Luis_Ernesto_Derbez_Bautista,gaussian,0.02000000,1,0.98957986,0
Luis_Ernesto_Derbez_Bautista,gaussian,0.05000000,1,0.95063233,0
Luis_Ernesto_Derbez_Bautista,gaussian,0.10000000,1,0.89573997,0
Luis_Ernesto_Derbez_Bautista,gaussian,0.20000000,0,nan,1
Luis_Ernesto_Derbez_Bautista,gaussian,0.30000000,0,nan,1
Luis_Ernesto_Derbez_Bautista,brightness,1.00000000,1,1.00000000,0
Luis_Ernesto_Derbez_Bautista,brightness,0.90000000,1,0.99944890,0
Luis_Ernesto_Derbez_Bautista,brightness,0.80000000,1,0.99827003,0
Luis_Ernesto_Derbez_Bautista,brightness,0.65000000,1,0.99466330,0
Luis_Ernesto_Derbez_Bautista,brightness,0.50000000,1,0.98971403,0
Luis_Ernesto_Derbez_Bautista,brightness,0.35000000,1,0.98086149,0
Luis_Ernesto_Derbez_Bautista,rotation,0.00000000,1,1.00000000,0
Luis_Ernesto_Derbez_Bautista,rotation,3.00000000,1,0.99689150,0
Luis_Ernesto_Derbez_Bautista,rotation,6.00000000,1,0.99694651,0
Luis_Ernesto_Derbez_Bautista,rotation,10.00000000,1,0.99551642,0
Luis_Ernesto_Derbez_Bautista,rotation,15.00000000,1,0.99492300,0
Luis_Ernesto_Derbez_Bautista,rotation,20.00000000,1,0.99347067,0
Luis_Ernesto_Derbez_Bautista,blur,0.00000000,1,0.99435866,0
Luis_Ernesto_Derbez_Bautista,blur,1.00000000,1,0.99322295,0
Luis_Ernesto_Derbez_Bautista,blur,2.00000000,1,0.95456660,0
Luis_Ernesto_Derbez_Bautista,blur,3.00000000,1,0.88570732,0
Luis_Ernesto_Derbez_Bautista,blur,4.00000000,1,0.77041489,0
Luis_Ernesto_Derbez_Bautista,blur,5.00000000,1,0.68298244,0
Luis_Ernesto_Derbez_Bautista,occlusion,0.00000000,1,0.99907756,0
Luis_Ernesto_Derbez_Bautista,occlusion,0.10000000,0,0.38281429,0
Luis_Ernesto_Derbez_Bautista,occlusion,0.15000000,0,0.04570185,0
Luis_Ernesto_Derbez_Bautista,occlusion,0.20000000,0,nan,1
Luis_Ernesto_Derbez_Bautista,occlusion,0.25000000,0,nan,1
Luis_Ernesto_Derbez_Bautista,occlusion,0.30000000,0,nan,1
Luis_Gonzalez_Macchi,gaussian,0.00000000,1,1.00000012,0
Luis_Gonzalez_Macchi,gaussian,0.02000000,1,0.97962195,0
Luis_Gonzalez_Macchi,gaussian,0.05000000,1,0.90181744,0
Luis_Gonzalez_Macchi,gaussian,0.10000000,1,0.77592278,0
Luis_Gonzalez_Macchi,gaussian,0.20000000,0,nan,1
Luis_Gonzalez_Macchi,gaussian,0.30000000,0,nan,1
Luis_Gonzalez_Macchi,brightness,1.00000000,1,1.00000012,0
Luis_Gonzalez_Macchi,brightness,0.90000000,1,0.99908352,0
Luis_Gonzalez_Macchi,brightness,0.80000000,1,0.99789739,0
Luis_Gonzalez_Macchi,brightness,0.65000000,1,0.99448740,0
Luis_Gonzalez_Macchi,brightness,0.50000000,1,0.98512053,0
Luis_Gonzalez_Macchi,brightness,0.35000000,1,0.96759987,0
Luis_Gonzalez_Macchi,rotation,0.00000000,1,1.00000012,0
Luis_Gonzalez_Macchi,rotation,3.00000000,1,0.99588537,0
Luis_Gonzalez_Macchi,rotation,6.00000000,1,0.99429786,0
Luis_Gonzalez_Macchi,rotation,10.00000000,1,0.99640322,0
Luis_Gonzalez_Macchi,rotation,15.00000000,1,0.99286997,0
Luis_Gonzalez_Macchi,rotation,20.00000000,1,0.99177682,0
Luis_Gonzalez_Macchi,blur,0.00000000,1,0.98995125,0
Luis_Gonzalez_Macchi,blur,1.00000000,1,0.98880202,0
Luis_Gonzalez_Macchi,blur,2.00000000,1,0.93362606,0
Luis_Gonzalez_Macchi,blur,3.00000000,1,0.82838130,0
Luis_Gonzalez_Macchi,blur,4.00000000,1,0.71175969,0
Luis_Gonzalez_Macchi,blur,5.00000000,0,0.61944789,0
Luis_Gonzalez_Macchi,occlusion,0.00000000,1,0.99832350,0
Luis_Gonzalez_Macchi,occlusion,0.10000000,0,0.04892611,0
Luis_Gonzalez_Macchi,occlusion,0.15000000,0,0.04878470,0
Luis_Gonzalez_Macchi,occlusion,0.20000000,0,0.04781878,0
Luis_Gonzalez_Macchi,occlusion,0.25000000,0,0.04848067,0
Luis_Gonzalez_Macchi,occlusion,0.30000000,0,-0.01535677,0
Luis_Horna,gaussian,0.00000000,1,1.00000000,0
Luis_Horna,gaussian,0.02000000,1,0.98970973,0
Luis_Horna,gaussian,0.05000000,1,0.95656401,0
Luis_Horna,gaussian,0.10000000,1,0.89670819,0
Luis_Horna,gaussian,0.20000000,0,nan,1
Luis_Horna,gaussian,0.30000000,0,nan,1
Luis_Horna,brightness,1.00000000,1,1.00000000,0
Luis_Horna,brightness,0.90000000,1,0.99931687,0
Luis_Horna,brightness,0.80000000,1,0.99766380,0
Luis_Horna,brightness,0.65000000,1,0.99422121,0
Luis_Horna,brightness,0.50000000,1,0.98849380,0
Luis_Horna,brightness,0.35000000,1,0.98019576,0
Luis_Horna,rotation,0.00000000,1,1.00000000,0
Luis_Horna,rotation,3.00000000,1,0.99676430,0
Luis_Horna,rotation,6.00000000,1,0.99412203,0
Luis_Horna,rotation,10.00000000,1,0.99656796,0
Luis_Horna,rotation,15.00000000,1,0.99685425,0
Luis_Horna,rotation,20.00000000,1,0.99353975,0
Luis_Horna,blur,0.00000000,1,0.99528861,0
Luis_Horna,blur,1.00000000,1,0.99438870,0
Luis_Horna,blur,2.00000000,1,0.96369314,0
Luis_Horna,blur,3.00000000,1,0.90031046,0
Luis_Horna,blur,4.00000000,1,0.77665830,0
Luis_Horna,blur,5.00000000,1,0.66907299,0
Luis_Horna,occlusion,0.00000000,1,0.99919975,0
Luis_Horna,occlusion,0.10000000,0,0.34771791,0
Luis_Horna,occlusion,0.15000000,0,nan,1
Luis_Horna,occlusion,0.20000000,0,nan,1
Luis_Horna,occlusion,0.25000000,0,nan,1
Luis_Horna,occlusion,0.30000000,0,nan,1
Luiz_Inacio_Lula_da_Silva,gaussian,0.00000000,1,1.00000024,0
Luiz_Inacio_Lula_da_Silva,gaussian,0.02000000,1,0.98933554,0
Luiz_Inacio_Lula_da_Silva,gaussian,0.05000000,1,0.95980769,0
Luiz_Inacio_Lula_da_Silva,gaussian,0.10000000,1,0.89709312,0
Luiz_Inacio_Lula_da_Silva,gaussian,0.20000000,0,nan,1
Luiz_Inacio_Lula_da_Silva,gaussian,0.30000000,0,nan,1
Luiz_Inacio_Lula_da_Silva,brightness,1.00000000,1,1.00000024,0
Luiz_Inacio_Lula_da_Silva,brightness,0.90000000,1,0.99943811,0
Luiz_Inacio_Lula_da_Silva,brightness,0.80000000,1,0.99799657,0
Luiz_Inacio_Lula_da_Silva,brightness,0.65000000,1,0.99412143,0
Luiz_Inacio_Lula_da_Silva,brightness,0.50000000,1,0.98826557,0
Luiz_Inacio_Lula_da_Silva,brightness,0.35000000,1,0.97757709,0
Luiz_Inacio_Lula_da_Silva,rotation,0.00000000,1,1.00000024,0
Luiz_Inacio_Lula_da_Silva,rotation,3.00000000,1,0.99433815,0
Luiz_Inacio_Lula_da_Silva,rotation,6.00000000,1,0.99467087,0
Luiz_Inacio_Lula_da_Silva,rotation,10.00000000,1,0.99289572,0
Luiz_Inacio_Lula_da_Silva,rotation,15.00000000,1,0.99341273,0
Luiz_Inacio_Lula_da_Silva,rotation,20.00000000,1,0.99434161,0
Luiz_Inacio_Lula_da_Silva,blur,0.00000000,1,0.99236488,0
Luiz_Inacio_Lula_da_Silva,blur,1.00000000,1,0.99125838,0
Luiz_Inacio_Lula_da_Silva,blur,2.00000000,1,0.94724107,0
Luiz_Inacio_Lula_da_Silva,blur,3.00000000,1,0.86075151,0
Luiz_Inacio_Lula_da_Silva,blur,4.00000000,1,0.76361567,0
Luiz_Inacio_Lula_da_Silva,blur,5.00000000,0,0.64433271,0
Luiz_Inacio_Lula_da_Silva,occlusion,0.00000000,1,0.99888420,0
Luiz_Inacio_Lula_da_Silva,occlusion,0.10000000,0,0.22275999,0
Luiz_Inacio_Lula_da_Silva,occlusion,0.15000000,0,nan,1
Luiz_Inacio_Lula_da_Silva,occlusion,0.20000000,0,nan,1
Luiz_Inacio_Lula_da_Silva,occlusion,0.25000000,0,nan,1
Luiz_Inacio_Lula_da_Silva,occlusion,0.30000000,0,nan,1
Madonna,gaussian,0.00000000,1,1.00000000,0
Madonna,gaussian,0.02000000,1,0.98644030,0
Madonna,gaussian,0.05000000,1,0.92805827,0
Madonna,gaussian,0.10000000,1,0.82800496,0
Madonna,gaussian,0.20000000,0,nan,1
Madonna,gaussian,0.30000000,0,nan,1
Madonna,brightness,1.00000000,1,1.00000000,0
Madonna,brightness,0.90000000,1,0.99877203,0
Madonna,brightness,0.80000000,1,0.99749255,0
Madonna,brightness,0.65000000,1,0.99390578,0
Madonna,brightness,0.50000000,1,0.98894525,0
Madonna,brightness,0.35000000,1,0.97531390,0
Madonna,rotation,0.00000000,1,1.00000000,0
Madonna,rotation,3.00000000,1,0.99867523,0
Madonna,rotation,6.00000000,1,0.99818599,0
Madonna,rotation,10.00000000,1,0.99601609,0
Madonna,rotation,15.00000000,1,0.99447107,0
Madonna,rotation,20.00000000,1,0.98832464,0
Madonna,blur,0.00000000,1,0.99727011,0
Madonna,blur,1.00000000,1,0.99627328,0
Madonna,blur,2.00000000,1,0.97003794,0
Madonna,blur,3.00000000,0,0.85808814,0
Madonna,blur,4.00000000,0,0.70512259,0
Madonna,blur,5.00000000,0,0.60554767,0
Madonna,occlusion,0.00000000,1,0.99912316,0
Madonna,occlusion,0.10000000,0,0.26357687,0
Madonna,occlusion,0.15000000,0,nan,1
Madonna,occlusion,0.20000000,0,nan,1
Madonna,occlusion,0.25000000,0,nan,1
Madonna,occlusion,0.30000000,0,nan,1
Mahathir_Mohamad,gaussian,0.00000000,1,0.99999988,0
Mahathir_Mohamad,gaussian,0.02000000,1,0.98554575,0
Mahathir_Mohamad,gaussian,0.05000000,1,0.93348479,0
Mahathir_Mohamad,gaussian,0.10000000,1,0.82617944,0
Mahathir_Mohamad,gaussian,0.20000000,0,nan,1
Mahathir_Mohamad,gaussian,0.30000000,0,nan,1
Mahathir_Mohamad,brightness,1.00000000,1,0.99999988,0
Mahathir_Mohamad,brightness,0.90000000,1,0.99894255,0
Mahathir_Mohamad,brightness,0.80000000,1,0.99716389,0
Mahathir_Mohamad,brightness,0.65000000,1,0.99325353,0
Mahathir_Mohamad,brightness,0.50000000,1,0.98626173,0
Mahathir_Mohamad,brightness,0.35000000,1,0.97661859,0
Mahathir_Mohamad,rotation,0.00000000,1,0.99999988,0
Mahathir_Mohamad,rotation,3.00000000,1,0.99512744,0
Mahathir_Mohamad,rotation,6.00000000,1,0.99333054,0
Mahathir_Mohamad,rotation,10.00000000,1,0.99449193,0
Mahathir_Mohamad,rotation,15.00000000,1,0.98726588,0
Mahathir_Mohamad,rotation,20.00000000,1,0.98371315,0
Mahathir_Mohamad,blur,0.00000000,1,0.98981237,0
Mahathir_Mohamad,blur,1.00000000,1,0.98754090,0
Mahathir_Mohamad,blur,2.00000000,1,0.93901658,0
Mahathir_Mohamad,blur,3.00000000,1,0.80208290,0
Mahathir_Mohamad,blur,4.00000000,1,0.67808604,0
Mahathir_Mohamad,blur,5.00000000,1,0.56571102,0
Mahathir_Mohamad,occlusion,0.00000000,1,0.99769312,0
Mahathir_Mohamad,occlusion,0.10000000,0,0.33190945,0
Mahathir_Mohamad,occlusion,0.15000000,0,0.05024834,0
Mahathir_Mohamad,occlusion,0.20000000,0,nan,1
Mahathir_Mohamad,occlusion,0.25000000,0,nan,1
Mahathir_Mohamad,occlusion,0.30000000,0,nan,1
Mahmoud_Abbas,gaussian,0.00000000,1,1.00000000,0
Mahmoud_Abbas,gaussian,0.02000000,1,0.98351336,0
Mahmoud_Abbas,gaussian,0.05000000,1,0.93921006,0
Mahmoud_Abbas,gaussian,0.10000000,1,0.80766225,0
Mahmoud_Abbas,gaussian,0.20000000,0,nan,1
Mahmoud_Abbas,gaussian,0.30000000,0,nan,1
Mahmoud_Abbas,brightness,1.00000000,1,1.00000000,0
Mahmoud_Abbas,brightness,0.90000000,1,0.99923432,0
Mahmoud_Abbas,brightness,0.80000000,1,0.99797618,0
Mahmoud_Abbas,brightness,0.65000000,1,0.99479496,0
Mahmoud_Abbas,brightness,0.50000000,1,0.98776257,0
Mahmoud_Abbas,brightness,0.35000000,1,0.97473556,0
Mahmoud_Abbas,rotation,0.00000000,1,1.00000000,0
Mahmoud_Abbas,rotation,3.00000000,1,0.99794984,0
Mahmoud_Abbas,rotation,6.00000000,1,0.99782854,0
Mahmoud_Abbas,rotation,10.00000000,1,0.99753839,0
Mahmoud_Abbas,rotation,15.00000000,1,0.99277461,0
Mahmoud_Abbas,rotation,20.00000000,1,0.99078381,0
Mahmoud_Abbas,blur,0.00000000,1,0.99637067,0
Mahmoud_Abbas,blur,1.00000000,1,0.99575186,0
Mahmoud_Abbas,blur,2.00000000,1,0.96995747,0
Mahmoud_Abbas,blur,3.00000000,1,0.91245091,0
Mahmoud_Abbas,blur,4.00000000,1,0.83049697,0
Mahmoud_Abbas,blur,5.00000000,1,0.72287267,0
Mahmoud_Abbas,occlusion,0.00000000,1,0.99851930,0
Mahmoud_Abbas,occlusion,0.10000000,0,0.37444133,0
Mahmoud_Abbas,occlusion,0.15000000,0,nan,1
Mahmoud_Abbas,occlusion,0.20000000,0,nan,1
Mahmoud_Abbas,occlusion,0.25000000,0,nan,1
Mahmoud_Abbas,occlusion,0.30000000,0,nan,1
Marcelo_Rios,gaussian,0.00000000,1,0.99999988,0
Marcelo_Rios,gaussian,0.02000000,1,0.99180359,0
Marcelo_Rios,gaussian,0.05000000,1,0.96957839,0
Marcelo_Rios,gaussian,0.10000000,1,0.90880811,0
Marcelo_Rios,gaussian,0.20000000,0,nan,1
Marcelo_Rios,gaussian,0.30000000,0,nan,1
Marcelo_Rios,brightness,1.00000000,1,0.99999988,0
Marcelo_Rios,brightness,0.90000000,1,0.99935865,0
Marcelo_Rios,brightness,0.80000000,1,0.99821448,0
Marcelo_Rios,brightness,0.65000000,1,0.99557054,0
Marcelo_Rios,brightness,0.50000000,1,0.98959482,0
Marcelo_Rios,brightness,0.35000000,1,0.98098660,0
Marcelo_Rios,rotation,0.00000000,1,0.99999988,0
Marcelo_Rios,rotation,3.00000000,1,0.99621934,0
Marcelo_Rios,rotation,6.00000000,1,0.99820179,0
Marcelo_Rios,rotation,10.00000000,1,0.99869961,0
Marcelo_Rios,rotation,15.00000000,1,0.99652100,0
Marcelo_Rios,rotation,20.00000000,1,0.98882926,0
Marcelo_Rios,blur,0.00000000,1,0.99525476,0
Marcelo_Rios,blur,1.00000000,1,0.99452364,0
Marcelo_Rios,blur,2.00000000,1,0.96648794,0
Marcelo_Rios,blur,3.00000000,1,0.90727854,0
Marcelo_Rios,blur,4.00000000,1,0.82780027,0
Marcelo_Rios,blur,5.00000000,1,0.74281055,0
Marcelo_Rios,occlusion,0.00000000,1,0.99874228,0
Marcelo_Rios,occlusion,0.10000000,0,0.43276396,0
Marcelo_Rios,occlusion,0.15000000,0,nan,1
Marcelo_Rios,occlusion,0.20000000,0,nan,1
Marcelo_Rios,occlusion,0.25000000,0,nan,1
Marcelo_Rios,occlusion,0.30000000,0,nan,1
Marco_Antonio_Barrera,gaussian,0.00000000,1,1.00000012,0
Marco_Antonio_Barrera,gaussian,0.02000000,1,0.98525989,0
Marco_Antonio_Barrera,gaussian,0.05000000,1,0.94257033,0
Marco_Antonio_Barrera,gaussian,0.10000000,1,0.86762667,0
Marco_Antonio_Barrera,gaussian,0.20000000,0,nan,1
Marco_Antonio_Barrera,gaussian,0.30000000,0,nan,1
Marco_Antonio_Barrera,brightness,1.00000000,1,1.00000012,0
Marco_Antonio_Barrera,brightness,0.90000000,1,0.99945617,0
Marco_Antonio_Barrera,brightness,0.80000000,1,0.99802488,0
Marco_Antonio_Barrera,brightness,0.65000000,1,0.99281394,0
Marco_Antonio_Barrera,brightness,0.50000000,1,0.98458856,0
Marco_Antonio_Barrera,brightness,0.35000000,1,0.97173655,0
Marco_Antonio_Barrera,rotation,0.00000000,1,1.00000012,0
Marco_Antonio_Barrera,rotation,3.00000000,1,0.99790180,0
Marco_Antonio_Barrera,rotation,6.00000000,1,0.99666482,0
Marco_Antonio_Barrera,rotation,10.00000000,1,0.99635202,0
Marco_Antonio_Barrera,rotation,15.00000000,1,0.99405217,0
Marco_Antonio_Barrera,rotation,20.00000000,1,0.98703265,0
Marco_Antonio_Barrera,blur,0.00000000,1,0.99546558,0
Marco_Antonio_Barrera,blur,1.00000000,1,0.99461824,0
Marco_Antonio_Barrera,blur,2.00000000,1,0.97059178,0
Marco_Antonio_Barrera,blur,3.00000000,1,0.91592610,0
Marco_Antonio_Barrera,blur,4.00000000,1,0.80791259,0
Marco_Antonio_Barrera,blur,5.00000000,1,0.67329746,0
Marco_Antonio_Barrera,occlusion,0.00000000,1,0.99601209,0
Marco_Antonio_Barrera,occlusion,0.10000000,0,0.31000507,0
Marco_Antonio_Barrera,occlusion,0.15000000,0,nan,1
Marco_Antonio_Barrera,occlusion,0.20000000,0,nan,1
Marco_Antonio_Barrera,occlusion,0.25000000,0,nan,1
Marco_Antonio_Barrera,occlusion,0.30000000,0,nan,1
Maria_Shriver,gaussian,0.00000000,1,1.00000000,0
Maria_Shriver,gaussian,0.02000000,1,0.98451906,0
Maria_Shriver,gaussian,0.05000000,1,0.92232883,0
Maria_Shriver,gaussian,0.10000000,1,0.85082507,0
Maria_Shriver,gaussian,0.20000000,0,nan,1
Maria_Shriver,gaussian,0.30000000,0,nan,1
Maria_Shriver,brightness,1.00000000,1,1.00000000,0
Maria_Shriver,brightness,0.90000000,1,0.99889618,0
Maria_Shriver,brightness,0.80000000,1,0.99663782,0
Maria_Shriver,brightness,0.65000000,1,0.99156618,0
Maria_Shriver,brightness,0.50000000,1,0.98300934,0
Maria_Shriver,brightness,0.35000000,1,0.97042549,0
Maria_Shriver,rotation,0.00000000,1,1.00000000,0
Maria_Shriver,rotation,3.00000000,1,0.99756593,0
Maria_Shriver,rotation,6.00000000,1,0.99421239,0
Maria_Shriver,rotation,10.00000000,1,0.99404323,0
Maria_Shriver,rotation,15.00000000,1,0.98535651,0
Maria_Shriver,rotation,20.00000000,1,0.98038554,0
Maria_Shriver,blur,0.00000000,1,0.99476111,0
Maria_Shriver,blur,1.00000000,1,0.99376774,0
Maria_Shriver,blur,2.00000000,1,0.95284152,0
Maria_Shriver,blur,3.00000000,1,0.89451081,0
Maria_Shriver,blur,4.00000000,1,0.77880454,0
Maria_Shriver,blur,5.00000000,1,0.65671217,0
Maria_Shriver,occlusion,0.00000000,1,0.99920064,0
Maria_Shriver,occlusion,0.10000000,0,0.08600777,0
Maria_Shriver,occlusion,0.15000000,0,0.08614745,0
Maria_Shriver,occlusion,0.20000000,0,0.08470307,0
Maria_Shriver,occlusion,0.25000000,0,0.08747397,0
Maria_Shriver,occlusion,0.30000000,0,0.07778292,0
Maria_Soledad_Alvear_Valenzuela,gaussian,0.00000000,1,1.00000012,0
Maria_Soledad_Alvear_Valenzuela,gaussian,0.02000000,1,0.98664975,0
Maria_Soledad_Alvear_Valenzuela,gaussian,0.05000000,1,0.95087659,0
Maria_Soledad_Alvear_Valenzuela,gaussian,0.10000000,0,0.86171412,0
Maria_Soledad_Alvear_Valenzuela,gaussian,0.20000000,0,nan,1
Maria_Soledad_Alvear_Valenzuela,gaussian,0.30000000,0,nan,1
Maria_Soledad_Alvear_Valenzuela,brightness,1.00000000,1,1.00000012,0
Maria_Soledad_Alvear_Valenzuela,brightness,0.90000000,1,0.99627507,0
Maria_Soledad_Alvear_Valenzuela,brightness,0.80000000,1,0.99148971,0
Maria_Soledad_Alvear_Valenzuela,brightness,0.65000000,1,0.98257363,0
Maria_Soledad_Alvear_Valenzuela,brightness,0.50000000,1,0.97262222,0
Maria_Soledad_Alvear_Valenzuela,brightness,0.35000000,1,0.95912123,0
Maria_Soledad_Alvear_Valenzuela,rotation,0.00000000,1,1.00000012,0
Maria_Soledad_Alvear_Valenzuela,rotation,3.00000000,1,0.99846393,0
Maria_Soledad_Alvear_Valenzuela,rotation,6.00000000,1,0.99781048,0
Maria_Soledad_Alvear_Valenzuela,rotation,10.00000000,1,0.99792308,0
Maria_Soledad_Alvear_Valenzuela,rotation,15.00000000,1,0.99126339,0
Maria_Soledad_Alvear_Valenzuela,rotation,20.00000000,1,0.98978770,0
Maria_Soledad_Alvear_Valenzuela,blur,0.00000000,1,0.99484843,0
Maria_Soledad_Alvear_Valenzuela,blur,1.00000000,1,0.99403977,0
Maria_Soledad_Alvear_Valenzuela,blur,2.00000000,1,0.96503633,0
Maria_Soledad_Alvear_Valenzuela,blur,3.00000000,1,0.90121776,0
Maria_Soledad_Alvear_Valenzuela,blur,4.00000000,1,0.81783915,0
Maria_Soledad_Alvear_Valenzuela,blur,5.00000000,0,0.74980795,0
Maria_Soledad_Alvear_Valenzuela,occlusion,0.00000000,1,0.99566501,0
Maria_Soledad_Alvear_Valenzuela,occlusion,0.10000000,0,0.32640988,0
Maria_Soledad_Alvear_Valenzuela,occlusion,0.15000000,0,nan,1
Maria_Soledad_Alvear_Valenzuela,occlusion,0.20000000,0,nan,1
Maria_Soledad_Alvear_Valenzuela,occlusion,0.25000000,0,nan,1
Maria_Soledad_Alvear_Valenzuela,occlusion,0.30000000,0,nan,1
Mariah_Carey,gaussian,0.00000000,1,1.00000000,0
Mariah_Carey,gaussian,0.02000000,1,0.97681826,0
Mariah_Carey,gaussian,0.05000000,1,0.93504441,0
Mariah_Carey,gaussian,0.10000000,1,0.89695781,0
Mariah_Carey,gaussian,0.20000000,0,0.65151131,0
Mariah_Carey,gaussian,0.30000000,0,nan,1
Mariah_Carey,brightness,1.00000000,1,1.00000000,0
Mariah_Carey,brightness,0.90000000,1,0.99868774,0
Mariah_Carey,brightness,0.80000000,1,0.99629104,0
Mariah_Carey,brightness,0.65000000,1,0.99076599,0
Mariah_Carey,brightness,0.50000000,1,0.98433477,0
Mariah_Carey,brightness,0.35000000,1,0.97448123,0
Mariah_Carey,rotation,0.00000000,1,1.00000000,0
Mariah_Carey,rotation,3.00000000,1,0.99179512,0
Mariah_Carey,rotation,6.00000000,1,0.98530817,0
Mariah_Carey,rotation,10.00000000,1,0.99032849,0
Mariah_Carey,rotation,15.00000000,1,0.99111128,0
Mariah_Carey,rotation,20.00000000,1,0.98877424,0
Mariah_Carey,blur,0.00000000,1,0.99112910,0
Mariah_Carey,blur,1.00000000,1,0.98969001,0
Mariah_Carey,blur,2.00000000,1,0.96032214,0
Mariah_Carey,blur,3.00000000,1,0.90777946,0
Mariah_Carey,blur,4.00000000,1,0.81921124,0
Mariah_Carey,blur,5.00000000,0,0.69502318,0
Mariah_Carey,occlusion,0.00000000,1,0.99873441,0
Mariah_Carey,occlusion,0.10000000,0,nan,1
Mariah_Carey,occlusion,0.15000000,0,nan,1
Mariah_Carey,occlusion,0.20000000,0,nan,1
Mariah_Carey,occlusion,0.25000000,0,nan,1
Mariah_Carey,occlusion,0.30000000,0,nan,1
Mark_Hurlbert,gaussian,0.00000000,1,0.99999994,0
Mark_Hurlbert,gaussian,0.02000000,1,0.98563230,0
Mark_Hurlbert,gaussian,0.05000000,1,0.93336868,0
Mark_Hurlbert,gaussian,0.10000000,1,0.86858559,0
Mark_Hurlbert,gaussian,0.20000000,0,nan,1
Mark_Hurlbert,gaussian,0.30000000,0,nan,1
Mark_Hurlbert,brightness,1.00000000,1,0.99999994,0
Mark_Hurlbert,brightness,0.90000000,1,0.99895537,0
Mark_Hurlbert,brightness,0.80000000,1,0.99674022,0
Mark_Hurlbert,brightness,0.65000000,1,0.99262810,0
Mark_Hurlbert,brightness,0.50000000,1,0.98680949,0
Mark_Hurlbert,brightness,0.35000000,1,0.97625053,0
Mark_Hurlbert,rotation,0.00000000,1,0.99999994,0
Mark_Hurlbert,rotation,3.00000000,1,0.99701697,0
Mark_Hurlbert,rotation,6.00000000,1,0.99582857,0
Mark_Hurlbert,rotation,10.00000000,1,0.99463314,0
Mark_Hurlbert,rotation,15.00000000,1,0.99645156,0
Mark_Hurlbert,rotation,20.00000000,1,0.99303377,0
Mark_Hurlbert,blur,0.00000000,1,0.99440533,0
Mark_Hurlbert,blur,1.00000000,1,0.99311274,0
Mark_Hurlbert,blur,2.00000000,1,0.95231581,0
Mark_Hurlbert,blur,3.00000000,1,0.87470382,0
Mark_Hurlbert,blur,4.00000000,1,0.79561770,0
Mark_Hurlbert,blur,5.00000000,1,0.73748142,0
Mark_Hurlbert,occlusion,0.00000000,1,0.99781251,0
Mark_Hurlbert,occlusion,0.10000000,0,-0.02959263,0
Mark_Hurlbert,occlusion,0.15000000,0,-0.02961084,0
Mark_Hurlbert,occlusion,0.20000000,0,-0.03240301,0
Mark_Hurlbert,occlusion,0.25000000,0,-0.03344380,0
Mark_Hurlbert,occlusion,0.30000000,0,-0.03229836,0
Mark_Philippoussis,gaussian,0.00000000,1,1.00000000,0
Mark_Philippoussis,gaussian,0.02000000,1,0.97557986,0
Mark_Philippoussis,gaussian,0.05000000,1,0.91517651,0
Mark_Philippoussis,gaussian,0.10000000,1,0.78267008,0
Mark_Philippoussis,gaussian,0.20000000,0,nan,1
Mark_Philippoussis,gaussian,0.30000000,0,nan,1
Mark_Philippoussis,brightness,1.00000000,1,1.00000000,0
Mark_Philippoussis,brightness,0.90000000,1,0.99901187,0
Mark_Philippoussis,brightness,0.80000000,1,0.99682319,0
Mark_Philippoussis,brightness,0.65000000,1,0.99187577,0
Mark_Philippoussis,brightness,0.50000000,1,0.98251110,0
Mark_Philippoussis,brightness,0.35000000,1,0.97313488,0
Mark_Philippoussis,rotation,0.00000000,1,1.00000000,0
Mark_Philippoussis,rotation,3.00000000,1,0.99633902,0
Mark_Philippoussis,rotation,6.00000000,1,0.99623156,0
Mark_Philippoussis,rotation,10.00000000,1,0.99467403,0
Mark_Philippoussis,rotation,15.00000000,1,0.99366868,0
Mark_Philippoussis,rotation,20.00000000,1,0.99398100,0
Mark_Philippoussis,blur,0.00000000,1,0.99440640,0
Mark_Philippoussis,blur,1.00000000,1,0.99359101,0
Mark_Philippoussis,blur,2.00000000,1,0.95860177,0
Mark_Philippoussis,blur,3.00000000,1,0.88577831,0
Mark_Philippoussis,blur,4.00000000,1,0.80580831,0
Mark_Philippoussis,blur,5.00000000,0,0.73491502,0
Mark_Philippoussis,occlusion,0.00000000,1,0.99890488,0
Mark_Philippoussis,occlusion,0.10000000,0,nan,1
Mark_Philippoussis,occlusion,0.15000000,0,nan,1
Mark_Philippoussis,occlusion,0.20000000,0,nan,1
Mark_Philippoussis,occlusion,0.25000000,0,nan,1
Mark_Philippoussis,occlusion,0.30000000,0,nan,1
Martha_Stewart,gaussian,0.00000000,1,1.00000000,0
Martha_Stewart,gaussian,0.02000000,1,0.98459423,0
Martha_Stewart,gaussian,0.05000000,0,0.93410468,0
Martha_Stewart,gaussian,0.10000000,0,0.84851944,0
Martha_Stewart,gaussian,0.20000000,0,nan,1
Martha_Stewart,gaussian,0.30000000,0,nan,1
Martha_Stewart,brightness,1.00000000,1,1.00000000,0
Martha_Stewart,brightness,0.90000000,1,0.99895620,0
Martha_Stewart,brightness,0.80000000,1,0.99730319,0
Martha_Stewart,brightness,0.65000000,1,0.99238729,0
Martha_Stewart,brightness,0.50000000,1,0.98557329,0
Martha_Stewart,brightness,0.35000000,1,0.97403812,0
Martha_Stewart,rotation,0.00000000,1,1.00000000,0
Martha_Stewart,rotation,3.00000000,1,0.99594569,0
Martha_Stewart,rotation,6.00000000,1,0.99454725,0
Martha_Stewart,rotation,10.00000000,1,0.99341881,0
Martha_Stewart,rotation,15.00000000,0,0.99377650,0
Martha_Stewart,rotation,20.00000000,1,0.98664832,0
Martha_Stewart,blur,0.00000000,1,0.99562454,0
Martha_Stewart,blur,1.00000000,1,0.99460995,0
Martha_Stewart,blur,2.00000000,1,0.96300161,0
Martha_Stewart,blur,3.00000000,0,0.87694407,0
Martha_Stewart,blur,4.00000000,0,0.75053763,0
Martha_Stewart,blur,5.00000000,0,0.59886992,0
Martha_Stewart,occlusion,0.00000000,1,0.99832898,0
Martha_Stewart,occlusion,0.10000000,0,0.33398259,0
Martha_Stewart,occlusion,0.15000000,0,nan,1
Martha_Stewart,occlusion,0.20000000,0,nan,1
Martha_Stewart,occlusion,0.25000000,0,nan,1
Martha_Stewart,occlusion,0.30000000,0,nan,1
Martin_McGuinness,gaussian,0.00000000,1,1.00000000,0
Martin_McGuinness,gaussian,0.02000000,1,0.98474783,0
Martin_McGuinness,gaussian,0.05000000,1,0.93773341,0
Martin_McGuinness,gaussian,0.10000000,1,0.84484458,0
Martin_McGuinness,gaussian,0.20000000,0,nan,1
Martin_McGuinness,gaussian,0.30000000,0,nan,1
Martin_McGuinness,brightness,1.00000000,1,1.00000000,0
Martin_McGuinness,brightness,0.90000000,1,0.99789405,0
Martin_McGuinness,brightness,0.80000000,1,0.99510503,0
Martin_McGuinness,brightness,0.65000000,1,0.98993665,0
Martin_McGuinness,brightness,0.50000000,1,0.98216105,0
Martin_McGuinness,brightness,0.35000000,1,0.97025752,0
Martin_McGuinness,rotation,0.00000000,1,1.00000000,0
Martin_McGuinness,rotation,3.00000000,1,0.99671799,0
Martin_McGuinness,rotation,6.00000000,1,0.99479830,0
Martin_McGuinness,rotation,10.00000000,1,0.99111068,0
Martin_McGuinness,rotation,15.00000000,1,0.99174732,0
Martin_McGuinness,rotation,20.00000000,1,0.98371148,0
Martin_McGuinness,blur,0.00000000,1,0.99044383,0
Martin_McGuinness,blur,1.00000000,1,0.98869580,0
Martin_McGuinness,blur,2.00000000,1,0.92846406,0
Martin_McGuinness,blur,3.00000000,1,0.86590230,0
Martin_McGuinness,blur,4.00000000,0,0.79523814,0
Martin_McGuinness,blur,5.00000000,0,0.74452728,0
Martin_McGuinness,occlusion,0.00000000,1,0.99668503,0
Martin_McGuinness,occlusion,0.10000000,0,0.11347540,0
Martin_McGuinness,occlusion,0.15000000,0,nan,1
Martin_McGuinness,occlusion,0.20000000,0,nan,1
Martin_McGuinness,occlusion,0.25000000,0,nan,1
Martin_McGuinness,occlusion,0.30000000,0,nan,1
Martin_Scorsese,gaussian,0.00000000,1,1.00000000,0
Martin_Scorsese,gaussian,0.02000000,1,0.99079585,0
Martin_Scorsese,gaussian,0.05000000,1,0.96324962,0
Martin_Scorsese,gaussian,0.10000000,1,0.85816360,0
Martin_Scorsese,gaussian,0.20000000,0,nan,1
Martin_Scorsese,gaussian,0.30000000,0,nan,1
Martin_Scorsese,brightness,1.00000000,1,1.00000000,0
Martin_Scorsese,brightness,0.90000000,1,0.99933189,0
Martin_Scorsese,brightness,0.80000000,1,0.99793714,0
Martin_Scorsese,brightness,0.65000000,1,0.99535310,0
Martin_Scorsese,brightness,0.50000000,1,0.99020505,0
Martin_Scorsese,brightness,0.35000000,1,0.98248738,0
Martin_Scorsese,rotation,0.00000000,1,1.00000000,0
Martin_Scorsese,rotation,3.00000000,1,0.99538577,0
Martin_Scorsese,rotation,6.00000000,1,0.99389541,0
Martin_Scorsese,rotation,10.00000000,1,0.99395823,0
Martin_Scorsese,rotation,15.00000000,1,0.98956013,0
Martin_Scorsese,rotation,20.00000000,1,0.98950809,0
Martin_Scorsese,blur,0.00000000,1,0.99007660,0
Martin_Scorsese,blur,1.00000000,1,0.98818499,0
Martin_Scorsese,blur,2.00000000,1,0.94715506,0
Martin_Scorsese,blur,3.00000000,1,0.87039107,0
Martin_Scorsese,blur,4.00000000,1,0.73598731,0
Martin_Scorsese,blur,5.00000000,1,0.59459162,0
Martin_Scorsese,occlusion,0.00000000,1,0.99890417,0
Martin_Scorsese,occlusion,0.10000000,0,0.00755224,0
Martin_Scorsese,occlusion,0.15000000,0,0.00293721,0
Martin_Scorsese,occlusion,0.20000000,0,0.01172447,0
Martin_Scorsese,occlusion,0.25000000,0,0.03238833,0
Martin_Scorsese,occlusion,0.30000000,0,0.04528835,0
Martina_McBride,gaussian,0.00000000,1,0.99999988,0
Martina_McBride,gaussian,0.02000000,1,0.97868150,0
Martina_McBride,gaussian,0.05000000,1,0.91698092,0
Martina_McBride,gaussian,0.10000000,1,0.79462963,0
Martina_McBride,gaussian,0.20000000,0,nan,1
Martina_McBride,gaussian,0.30000000,0,nan,1
Martina_McBride,brightness,1.00000000,1,0.99999988,0
Martina_McBride,brightness,0.90000000,1,0.99936366,0
Martina_McBride,brightness,0.80000000,1,0.99776304,0
Martina_McBride,brightness,0.65000000,1,0.99417555,0
Martina_McBride,brightness,0.50000000,1,0.98873293,0
Martina_McBride,brightness,0.35000000,1,0.97923899,0
Martina_McBride,rotation,0.00000000,1,0.99999988,0
Martina_McBride,rotation,3.00000000,1,0.99759406,0
Martina_McBride,rotation,6.00000000,1,0.99656433,0
Martina_McBride,rotation,10.00000000,1,0.99317157,0
Martina_McBride,rotation,15.00000000,1,0.99393600,0
Martina_McBride,rotation,20.00000000,1,0.98929942,0
Martina_McBride,blur,0.00000000,1,0.99490577,0
Martina_McBride,blur,1.00000000,1,0.99393713,0
Martina_McBride,blur,2.00000000,1,0.95508933,0
Martina_McBride,blur,3.00000000,1,0.87260342,0
Martina_McBride,blur,4.00000000,0,0.76954502,0
Martina_McBride,blur,5.00000000,0,0.68040776,0
Martina_McBride,occlusion,0.00000000,1,0.99856615,0
Martina_McBride,occlusion,0.10000000,0,0.25704655,0
Martina_McBride,occlusion,0.15000000,0,nan,1
Martina_McBride,occlusion,0.20000000,0,nan,1
Martina_McBride,occlusion,0.25000000,0,nan,1
Martina_McBride,occlusion,0.30000000,0,nan,1
Matthew_Perry,gaussian,0.00000000,1,1.00000000,0
Matthew_Perry,gaussian,0.02000000,1,0.98567325,0
Matthew_Perry,gaussian,0.05000000,1,0.94324231,0
Matthew_Perry,gaussian,0.10000000,1,0.83216488,0
Matthew_Perry,gaussian,0.20000000,0,nan,1
Matthew_Perry,gaussian,0.30000000,0,nan,1
Matthew_Perry,brightness,1.00000000,1,1.00000000,0
Matthew_Perry,brightness,0.90000000,1,0.99937183,0
Matthew_Perry,brightness,0.80000000,1,0.99837154,0
Matthew_Perry,brightness,0.65000000,1,0.99588805,0
Matthew_Perry,brightness,0.50000000,1,0.99158943,0
Matthew_Perry,brightness,0.35000000,1,0.98337066,0
Matthew_Perry,rotation,0.00000000,1,1.00000000,0
Matthew_Perry,rotation,3.00000000,1,0.99763358,0
Matthew_Perry,rotation,6.00000000,1,0.99782163,0
Matthew_Perry,rotation,10.00000000,1,0.99830276,0
Matthew_Perry,rotation,15.00000000,1,0.99712276,0
Matthew_Perry,rotation,20.00000000,1,0.99249858,0
Matthew_Perry,blur,0.00000000,1,0.99590039,0
Matthew_Perry,blur,1.00000000,1,0.99521136,0
Matthew_Perry,blur,2.00000000,1,0.96323884,0
Matthew_Perry,blur,3.00000000,1,0.89448774,0
Matthew_Perry,blur,4.00000000,1,0.78409636,0
Matthew_Perry,blur,5.00000000,0,0.64576292,0
Matthew_Perry,occlusion,0.00000000,1,0.99898446,0
Matthew_Perry,occlusion,0.10000000,0,0.20141630,0
Matthew_Perry,occlusion,0.15000000,0,nan,1
Matthew_Perry,occlusion,0.20000000,0,nan,1
Matthew_Perry,occlusion,0.25000000,0,nan,1
Matthew_Perry,occlusion,0.30000000,0,nan,1
Megawati_Sukarnoputri,gaussian,0.00000000,1,0.99999994,0
Megawati_Sukarnoputri,gaussian,0.02000000,1,0.99085587,0
Megawati_Sukarnoputri,gaussian,0.05000000,1,0.94340301,0
Megawati_Sukarnoputri,gaussian,0.10000000,0,0.89085162,0
Megawati_Sukarnoputri,gaussian,0.20000000,0,0.65300465,0
Megawati_Sukarnoputri,gaussian,0.30000000,0,nan,1
Megawati_Sukarnoputri,brightness,1.00000000,1,0.99999994,0
Megawati_Sukarnoputri,brightness,0.90000000,1,0.99935859,0
Megawati_Sukarnoputri,brightness,0.80000000,1,0.99809945,0
Megawati_Sukarnoputri,brightness,0.65000000,1,0.99403405,0
Megawati_Sukarnoputri,brightness,0.50000000,1,0.98734224,0
Megawati_Sukarnoputri,brightness,0.35000000,1,0.97410768,0
Megawati_Sukarnoputri,rotation,0.00000000,1,0.99999994,0
Megawati_Sukarnoputri,rotation,3.00000000,0,0.99694365,0
Megawati_Sukarnoputri,rotation,6.00000000,1,0.99678493,0
Megawati_Sukarnoputri,rotation,10.00000000,1,0.99658740,0
Megawati_Sukarnoputri,rotation,15.00000000,1,0.99219400,0
Megawati_Sukarnoputri,rotation,20.00000000,1,0.98878866,0
Megawati_Sukarnoputri,blur,0.00000000,1,0.99246716,0
Megawati_Sukarnoputri,blur,1.00000000,1,0.99159765,0
Megawati_Sukarnoputri,blur,2.00000000,1,0.95345932,0
Megawati_Sukarnoputri,blur,3.00000000,1,0.88384700,0
Megawati_Sukarnoputri,blur,4.00000000,0,0.80853158,0
Megawati_Sukarnoputri,blur,5.00000000,1,0.73494899,0
Megawati_Sukarnoputri,occlusion,0.00000000,1,0.99854535,0
Megawati_Sukarnoputri,occlusion,0.10000000,0,0.07958801,0
Megawati_Sukarnoputri,occlusion,0.15000000,0,0.06613547,0
Megawati_Sukarnoputri,occlusion,0.20000000,0,0.05510211,0
Megawati_Sukarnoputri,occlusion,0.25000000,0,0.05826421,0
Megawati_Sukarnoputri,occlusion,0.30000000,0,0.06057847,0
Meryl_Streep,gaussian,0.00000000,1,0.99999994,0
Meryl_Streep,gaussian,0.02000000,1,0.97407305,0
Meryl_Streep,gaussian,0.05000000,1,0.93068719,0
Meryl_Streep,gaussian,0.10000000,1,0.87782019,0
Meryl_Streep,gaussian,0.20000000,0,nan,1
Meryl_Streep,gaussian,0.30000000,0,nan,1
Meryl_Streep,brightness,1.00000000,1,0.99999994,0
Meryl_Streep,brightness,0.90000000,1,0.99870145,0
Meryl_Streep,brightness,0.80000000,1,0.99647856,0
Meryl_Streep,brightness,0.65000000,1,0.99160075,0
Meryl_Streep,brightness,0.50000000,1,0.98389959,0
Meryl_Streep,brightness,0.35000000,1,0.97075760,0
Meryl_Streep,rotation,0.00000000,1,0.99999994,0
Meryl_Streep,rotation,3.00000000,1,0.99741828,0
Meryl_Streep,rotation,6.00000000,1,0.99526632,0
Meryl_Streep,rotation,10.00000000,1,0.99384308,0
Meryl_Streep,rotation,15.00000000,1,0.98947763,0
Meryl_Streep,rotation,20.00000000,1,0.98469937,0
Meryl_Streep,blur,0.00000000,1,0.99312210,0
Meryl_Streep,blur,1.00000000,1,0.99181652,0
Meryl_Streep,blur,2.00000000,1,0.95939124,0
Meryl_Streep,blur,3.00000000,1,0.88566667,0
Meryl_Streep,blur,4.00000000,1,0.81501484,0
Meryl_Streep,blur,5.00000000,0,0.73079979,0
Meryl_Streep,occlusion,0.00000000,1,0.99747139,0
Meryl_Streep,occlusion,0.10000000,0,nan,1
Meryl_Streep,occlusion,0.15000000,0,nan,1
Meryl_Streep,occlusion,0.20000000,0,nan,1
Meryl_Streep,occlusion,0.25000000,0,nan,1
Meryl_Streep,occlusion,0.30000000,0,nan,1
Michael_Bloomberg,gaussian,0.00000000,1,1.00000000,0
Michael_Bloomberg,gaussian,0.02000000,1,0.98289323,0
Michael_Bloomberg,gaussian,0.05000000,1,0.93784171,0
Michael_Bloomberg,gaussian,0.10000000,1,0.84656143,0
Michael_Bloomberg,gaussian,0.20000000,0,nan,1
Michael_Bloomberg,gaussian,0.30000000,0,nan,1
Michael_Bloomberg,brightness,1.00000000,1,1.00000000,0
Michael_Bloomberg,brightness,0.90000000,1,0.99886513,0
Michael_Bloomberg,brightness,0.80000000,1,0.99729693,0
Michael_Bloomberg,brightness,0.65000000,1,0.99205518,0
Michael_Bloomberg,brightness,0.50000000,1,0.98711962,0
Michael_Bloomberg,brightness,0.35000000,1,0.97780728,0
Michael_Bloomberg,rotation,0.00000000,1,1.00000000,0
Michael_Bloomberg,rotation,3.00000000,1,0.99708563,0
Michael_Bloomberg,rotation,6.00000000,1,0.99719161,0
Michael_Bloomberg,rotation,10.00000000,1,0.99618441,0
Michael_Bloomberg,rotation,15.00000000,1,0.99397790,0
Michael_Bloomberg,rotation,20.00000000,1,0.98515725,0
Michael_Bloomberg,blur,0.00000000,1,0.99480534,0
Michael_Bloomberg,blur,1.00000000,1,0.99415129,0
Michael_Bloomberg,blur,2.00000000,1,0.96842551,0
Michael_Bloomberg,blur,3.00000000,1,0.88063586,0
Michael_Bloomberg,blur,4.00000000,1,0.75955862,0
Michael_Bloomberg,blur,5.00000000,0,0.67329061,0
Michael_Bloomberg,occlusion,0.00000000,1,0.99830079,0
Michael_Bloomberg,occlusion,0.10000000,0,0.38806683,0
Michael_Bloomberg,occlusion,0.15000000,0,nan,1
Michael_Bloomberg,occlusion,0.20000000,0,nan,1
Michael_Bloomberg,occlusion,0.25000000,0,nan,1
Michael_Bloomberg,occlusion,0.30000000,0,nan,1
Michael_Chang,gaussian,0.00000000,1,0.99999988,0
Michael_Chang,gaussian,0.02000000,1,0.98906910,0
Michael_Chang,gaussian,0.05000000,1,0.95600343,0
Michael_Chang,gaussian,0.10000000,1,0.87053156,0
Michael_Chang,gaussian,0.20000000,0,nan,1
Michael_Chang,gaussian,0.30000000,0,nan,1
Michael_Chang,brightness,1.00000000,1,0.99999988,0
Michael_Chang,brightness,0.90000000,1,0.99964523,0
Michael_Chang,brightness,0.80000000,1,0.99878067,0
Michael_Chang,brightness,0.65000000,1,0.99631441,0
Michael_Chang,brightness,0.50000000,1,0.99285758,0
Michael_Chang,brightness,0.35000000,1,0.98643672,0
Michael_Chang,rotation,0.00000000,1,0.99999988,0
Michael_Chang,rotation,3.00000000,1,0.99755186,0
Michael_Chang,rotation,6.00000000,1,0.99782354,0
Michael_Chang,rotation,10.00000000,1,0.99609196,0
Michael_Chang,rotation,15.00000000,1,0.99673462,0
Michael_Chang,rotation,20.00000000,1,0.99821305,0
Michael_Chang,blur,0.00000000,1,0.99367607,0
Michael_Chang,blur,1.00000000,1,0.99260026,0
Michael_Chang,blur,2.00000000,1,0.95567262,0
Michael_Chang,blur,3.00000000,0,0.90315294,0
Michael_Chang,blur,4.00000000,1,0.82123673,0
Michael_Chang,blur,5.00000000,0,0.73209399,0
Michael_Chang,occlusion,0.00000000,1,0.99887311,0
Michael_Chang,occlusion,0.10000000,0,0.06583530,0
Michael_Chang,occlusion,0.15000000,0,0.06577334,0
Michael_Chang,occlusion,0.20000000,0,0.07473920,0
Michael_Chang,occlusion,0.25000000,0,0.06807847,0
Michael_Chang,occlusion,0.30000000,0,0.06106911,0
Michael_Chiklis,gaussian,0.00000000,1,1.00000000,0
Michael_Chiklis,gaussian,0.02000000,1,0.98644680,0
Michael_Chiklis,gaussian,0.05000000,1,0.93896854,0
Michael_Chiklis,gaussian,0.10000000,1,0.80875373,0
Michael_Chiklis,gaussian,0.20000000,0,nan,1
Michael_Chiklis,gaussian,0.30000000,0,nan,1
Michael_Chiklis,brightness,1.00000000,1,1.00000000,0
Michael_Chiklis,brightness,0.90000000,1,0.99928916,0
Michael_Chiklis,brightness,0.80000000,1,0.99806654,0
Michael_Chiklis,brightness,0.65000000,1,0.99555814,0
Michael_Chiklis,brightness,0.50000000,1,0.98951834,0
Michael_Chiklis,brightness,0.35000000,1,0.97937846,0
Michael_Chiklis,rotation,0.00000000,1,1.00000000,0
Michael_Chiklis,rotation,3.00000000,1,0.99768257,0
Michael_Chiklis,rotation,6.00000000,1,0.99734706,0
Michael_Chiklis,rotation,10.00000000,1,0.99423909,0
Michael_Chiklis,rotation,15.00000000,1,0.99308026,0
Michael_Chiklis,rotation,20.00000000,1,0.98843837,0
Michael_Chiklis,blur,0.00000000,1,0.99417460,0
Michael_Chiklis,blur,1.00000000,1,0.99288267,0
Michael_Chiklis,blur,2.00000000,1,0.95813578,0
Michael_Chiklis,blur,3.00000000,1,0.87191188,0
Michael_Chiklis,blur,4.00000000,1,0.75295442,0
Michael_Chiklis,blur,5.00000000,1,0.66769683,0
Michael_Chiklis,occlusion,0.00000000,1,0.99860215,0
Michael_Chiklis,occlusion,0.10000000,0,0.51823342,0
Michael_Chiklis,occlusion,0.15000000,0,0.30291101,0
Michael_Chiklis,occlusion,0.20000000,0,nan,1
Michael_Chiklis,occlusion,0.25000000,0,nan,1
Michael_Chiklis,occlusion,0.30000000,0,nan,1
Michael_Douglas,gaussian,0.00000000,1,0.99999988,0
Michael_Douglas,gaussian,0.02000000,1,0.98551238,0
Michael_Douglas,gaussian,0.05000000,1,0.93042654,0
Michael_Douglas,gaussian,0.10000000,1,0.87164110,0
Michael_Douglas,gaussian,0.20000000,0,nan,1
Michael_Douglas,gaussian,0.30000000,0,nan,1
Michael_Douglas,brightness,1.00000000,1,0.99999988,0
Michael_Douglas,brightness,0.90000000,1,0.99912864,0
Michael_Douglas,brightness,0.80000000,1,0.99783647,0
Michael_Douglas,brightness,0.65000000,1,0.99414998,0
Michael_Douglas,brightness,0.50000000,1,0.98977888,0
Michael_Douglas,brightness,0.35000000,1,0.97585958,0
Michael_Douglas,rotation,0.00000000,1,0.99999988,0
Michael_Douglas,rotation,3.00000000,1,0.99803877,0
Michael_Douglas,rotation,6.00000000,1,0.99784249,0
Michael_Douglas,rotation,10.00000000,1,0.99775434,0
Michael_Douglas,rotation,15.00000000,1,0.99744374,0
Michael_Douglas,rotation,20.00000000,1,0.99511647,0
Michael_Douglas,blur,0.00000000,1,0.99630320,0
Michael_Douglas,blur,1.00000000,1,0.99567044,0
Michael_Douglas,blur,2.00000000,1,0.96266270,0
Michael_Douglas,blur,3.00000000,1,0.89911920,0
Michael_Douglas,blur,4.00000000,1,0.82407755,0
Michael_Douglas,blur,5.00000000,1,0.74656188,0
Michael_Douglas,occlusion,0.00000000,1,0.99929863,0
Michael_Douglas,occlusion,0.10000000,0,0.01204790,0
Michael_Douglas,occlusion,0.15000000,0,0.01372509,0
Michael_Douglas,occlusion,0.20000000,0,0.00851398,0
Michael_Douglas,occlusion,0.25000000,0,0.01044539,0
Michael_Douglas,occlusion,0.30000000,0,0.01169777,0
Michael_Phelps,gaussian,0.00000000,1,1.00000000,0
Michael_Phelps,gaussian,0.02000000,1,0.97167730,0
Michael_Phelps,gaussian,0.05000000,1,0.91458225,0
Michael_Phelps,gaussian,0.10000000,1,0.77741659,0
Michael_Phelps,gaussian,0.20000000,0,nan,1
Michael_Phelps,gaussian,0.30000000,0,nan,1
Michael_Phelps,brightness,1.00000000,1,1.00000000,0
Michael_Phelps,brightness,0.90000000,1,0.99810803,0
Michael_Phelps,brightness,0.80000000,1,0.99704403,0
Michael_Phelps,brightness,0.65000000,1,0.99152893,0
Michael_Phelps,brightness,0.50000000,1,0.98249561,0
Michael_Phelps,brightness,0.35000000,1,0.97157365,0
Michael_Phelps,rotation,0.00000000,1,1.00000000,0
Michael_Phelps,rotation,3.00000000,1,0.99700648,0
Michael_Phelps,rotation,6.00000000,1,0.99577433,0
Michael_Phelps,rotation,10.00000000,1,0.99252725,0
Michael_Phelps,rotation,15.00000000,1,0.99154067,0
Michael_Phelps,rotation,20.00000000,1,0.98834229,0
Michael_Phelps,blur,0.00000000,1,0.99337661,0
Michael_Phelps,blur,1.00000000,1,0.99252796,0
Michael_Phelps,blur,2.00000000,1,0.95379317,0
Michael_Phelps,blur,3.00000000,1,0.87115335,0
Michael_Phelps,blur,4.00000000,1,0.78711605,0
Michael_Phelps,blur,5.00000000,1,0.71883762,0
Michael_Phelps,occlusion,0.00000000,1,0.99298596,0
Michael_Phelps,occlusion,0.10000000,0,nan,1
Michael_Phelps,occlusion,0.15000000,0,nan,1
Michael_Phelps,occlusion,0.20000000,0,nan,1
Michael_Phelps,occlusion,0.25000000,0,nan,1
Michael_Phelps,occlusion,0.30000000,0,nan,1
Michael_Powell,gaussian,0.00000000,1,0.99999988,0
Michael_Powell,gaussian,0.02000000,1,0.98592472,0
Michael_Powell,gaussian,0.05000000,1,0.94373798,0
Michael_Powell,gaussian,0.10000000,1,0.89131987,0
Michael_Powell,gaussian,0.20000000,0,nan,1
Michael_Powell,gaussian,0.30000000,0,nan,1
Michael_Powell,brightness,1.00000000,1,0.99999988,0
Michael_Powell,brightness,0.90000000,1,0.99942416,0
Michael_Powell,brightness,0.80000000,1,0.99812806,0
Michael_Powell,brightness,0.65000000,1,0.99568862,0
Michael_Powell,brightness,0.50000000,1,0.98752856,0
Michael_Powell,brightness,0.35000000,1,0.97741133,0
Michael_Powell,rotation,0.00000000,1,0.99999988,0
Michael_Powell,rotation,3.00000000,1,0.99758971,0
Michael_Powell,rotation,6.00000000,1,0.99722254,0
Michael_Powell,rotation,10.00000000,1,0.99539262,0
Michael_Powell,rotation,15.00000000,1,0.99147630,0
Michael_Powell,rotation,20.00000000,1,0.98303264,0
Michael_Powell,blur,0.00000000,1,0.99464726,0
Michael_Powell,blur,1.00000000,1,0.99379194,0
Michael_Powell,blur,2.00000000,1,0.96771556,0
Michael_Powell,blur,3.00000000,1,0.90965563,0
Michael_Powell,blur,4.00000000,1,0.82110488,0
Michael_Powell,blur,5.00000000,1,0.73211557,0
Michael_Powell,occlusion,0.00000000,1,0.99758410,0
Michael_Powell,occlusion,0.10000000,0,0.40999073,0
Michael_Powell,occlusion,0.15000000,0,nan,1
Michael_Powell,occlusion,0.20000000,0,nan,1
Michael_Powell,occlusion,0.25000000,0,nan,1
Michael_Powell,occlusion,0.30000000,0,nan,1
Michael_Schumacher,gaussian,0.00000000,1,1.00000000,0
Michael_Schumacher,gaussian,0.02000000,1,0.98791051,0
Michael_Schumacher,gaussian,0.05000000,1,0.92338663,0
Michael_Schumacher,gaussian,0.10000000,1,0.78240263,0
Michael_Schumacher,gaussian,0.20000000,0,nan,1
Michael_Schumacher,gaussian,0.30000000,0,nan,1
Michael_Schumacher,brightness,1.00000000,1,1.00000000,0
Michael_Schumacher,brightness,0.90000000,1,0.99928892,0
Michael_Schumacher,brightness,0.80000000,1,0.99816054,0
Michael_Schumacher,brightness,0.65000000,1,0.99484754,0
Michael_Schumacher,brightness,0.50000000,1,0.98997694,0
Michael_Schumacher,brightness,0.35000000,1,0.97984546,0
Michael_Schumacher,rotation,0.00000000,1,1.00000000,0
Michael_Schumacher,rotation,3.00000000,1,0.99794149,0
Michael_Schumacher,rotation,6.00000000,1,0.99640077,0
Michael_Schumacher,rotation,10.00000000,1,0.99399948,0
Michael_Schumacher,rotation,15.00000000,1,0.99157816,0
Michael_Schumacher,rotation,20.00000000,1,0.98939264,0
Michael_Schumacher,blur,0.00000000,1,0.99606848,0
Michael_Schumacher,blur,1.00000000,1,0.99542820,0
Michael_Schumacher,blur,2.00000000,1,0.96191877,0
Michael_Schumacher,blur,3.00000000,1,0.87302887,0
Michael_Schumacher,blur,4.00000000,1,0.75915611,0
Michael_Schumacher,blur,5.00000000,0,0.62504673,0
Michael_Schumacher,occlusion,0.00000000,1,0.99771512,0
Michael_Schumacher,occlusion,0.10000000,0,nan,1
Michael_Schumacher,occlusion,0.15000000,0,nan,1
Michael_Schumacher,occlusion,0.20000000,0,nan,1
Michael_Schumacher,occlusion,0.25000000,0,nan,1
Michael_Schumacher,occlusion,0.30000000,0,nan,1
Michelle_Kwan,gaussian,0.00000000,1,0.99999994,0
Michelle_Kwan,gaussian,0.02000000,1,0.98909783,0
Michelle_Kwan,gaussian,0.05000000,1,0.95813459,0
Michelle_Kwan,gaussian,0.10000000,1,0.87594372,0
Michelle_Kwan,gaussian,0.20000000,0,nan,1
Michelle_Kwan,gaussian,0.30000000,0,nan,1
Michelle_Kwan,brightness,1.00000000,1,0.99999994,0
Michelle_Kwan,brightness,0.90000000,1,0.99953663,0
Michelle_Kwan,brightness,0.80000000,1,0.99847722,0
Michelle_Kwan,brightness,0.65000000,1,0.99674886,0
Michelle_Kwan,brightness,0.50000000,1,0.99139452,0
Michelle_Kwan,brightness,0.35000000,1,0.98582554,0
Michelle_Kwan,rotation,0.00000000,1,0.99999994,0
Michelle_Kwan,rotation,3.00000000,1,0.99752307,0
Michelle_Kwan,rotation,6.00000000,1,0.99684203,0
Michelle_Kwan,rotation,10.00000000,1,0.99728513,0
Michelle_Kwan,rotation,15.00000000,1,0.99789286,0
Michelle_Kwan,rotation,20.00000000,1,0.99459296,0
Michelle_Kwan,blur,0.00000000,1,0.99538946,0
Michelle_Kwan,blur,1.00000000,1,0.99447662,0
Michelle_Kwan,blur,2.00000000,1,0.96386325,0
Michelle_Kwan,blur,3.00000000,1,0.90038925,0
Michelle_Kwan,blur,4.00000000,0,0.79838908,0
Michelle_Kwan,blur,5.00000000,1,0.70446742,0
Michelle_Kwan,occlusion,0.00000000,1,0.99837577,0
Michelle_Kwan,occlusion,0.10000000,0,0.21337086,0
Michelle_Kwan,occlusion,0.15000000,0,nan,1
Michelle_Kwan,occlusion,0.20000000,0,nan,1
Michelle_Kwan,occlusion,0.25000000,0,nan,1
Michelle_Kwan,occlusion,0.30000000,0,nan,1
Michelle_Yeoh,gaussian,0.00000000,1,1.00000012,0
Michelle_Yeoh,gaussian,0.02000000,1,0.98419774,0
Michelle_Yeoh,gaussian,0.05000000,1,0.91160071,0
Michelle_Yeoh,gaussian,0.10000000,1,0.85707784,0
Michelle_Yeoh,gaussian,0.20000000,0,nan,1
Michelle_Yeoh,gaussian,0.30000000,0,nan,1
Michelle_Yeoh,brightness,1.00000000,1,1.00000012,0
Michelle_Yeoh,brightness,0.90000000,1,0.99901897,0
Michelle_Yeoh,brightness,0.80000000,1,0.99779487,0
Michelle_Yeoh,brightness,0.65000000,1,0.99471104,0
Michelle_Yeoh,brightness,0.50000000,1,0.98875248,0
Michelle_Yeoh,brightness,0.35000000,1,0.97971517,0
Michelle_Yeoh,rotation,0.00000000,1,1.00000012,0
Michelle_Yeoh,rotation,3.00000000,1,0.99822509,0
Michelle_Yeoh,rotation,6.00000000,1,0.99458891,0
Michelle_Yeoh,rotation,10.00000000,1,0.99097615,0
Michelle_Yeoh,rotation,15.00000000,1,0.98234582,0
Michelle_Yeoh,rotation,20.00000000,1,0.96793026,0
Michelle_Yeoh,blur,0.00000000,1,0.99534792,0
Michelle_Yeoh,blur,1.00000000,1,0.99461651,0
Michelle_Yeoh,blur,2.00000000,1,0.95684052,0
Michelle_Yeoh,blur,3.00000000,1,0.84608865,0
Michelle_Yeoh,blur,4.00000000,1,0.75536937,0
Michelle_Yeoh,blur,5.00000000,1,0.70044357,0
Michelle_Yeoh,occlusion,0.00000000,1,0.99891329,0
Michelle_Yeoh,occlusion,0.10000000,0,0.40195459,0
Michelle_Yeoh,occlusion,0.15000000,0,0.08665431,0
Michelle_Yeoh,occlusion,0.20000000,0,nan,1
Michelle_Yeoh,occlusion,0.25000000,0,nan,1
Michelle_Yeoh,occlusion,0.30000000,0,nan,1
Mick_Jagger,gaussian,0.00000000,1,1.00000000,0
Mick_Jagger,gaussian,0.02000000,1,0.99253863,0
Mick_Jagger,gaussian,0.05000000,1,0.96538925,0
Mick_Jagger,gaussian,0.10000000,1,0.88120592,0
Mick_Jagger,gaussian,0.20000000,0,nan,1
Mick_Jagger,gaussian,0.30000000,0,nan,1
Mick_Jagger,brightness,1.00000000,1,1.00000000,0
Mick_Jagger,brightness,0.90000000,1,0.99943197,0
Mick_Jagger,brightness,0.80000000,1,0.99833840,0
Mick_Jagger,brightness,0.65000000,1,0.99596965,0
Mick_Jagger,brightness,0.50000000,1,0.99198490,0
Mick_Jagger,brightness,0.35000000,1,0.98598647,0
Mick_Jagger,rotation,0.00000000,1,1.00000000,0
Mick_Jagger,rotation,3.00000000,1,0.99619788,0
Mick_Jagger,rotation,6.00000000,1,0.99430859,0
Mick_Jagger,rotation,10.00000000,1,0.99501133,0
Mick_Jagger,rotation,15.00000000,1,0.99499226,0
Mick_Jagger,rotation,20.00000000,1,0.99630338,0
Mick_Jagger,blur,0.00000000,1,0.99615932,0
Mick_Jagger,blur,1.00000000,1,0.99537367,0
Mick_Jagger,blur,2.00000000,1,0.96894360,0
Mick_Jagger,blur,3.00000000,1,0.90772700,0
Mick_Jagger,blur,4.00000000,1,0.83014995,0
Mick_Jagger,blur,5.00000000,1,0.74848574,0
Mick_Jagger,occlusion,0.00000000,1,0.99750519,0
Mick_Jagger,occlusion,0.10000000,0,nan,1
Mick_Jagger,occlusion,0.15000000,0,nan,1
Mick_Jagger,occlusion,0.20000000,0,nan,1
Mick_Jagger,occlusion,0.25000000,0,nan,1
Mick_Jagger,occlusion,0.30000000,0,nan,1
Mike_Krzyzewski,gaussian,0.00000000,1,0.99999988,0
Mike_Krzyzewski,gaussian,0.02000000,1,0.99095666,0
Mike_Krzyzewski,gaussian,0.05000000,1,0.96039116,0
Mike_Krzyzewski,gaussian,0.10000000,1,0.90053749,0
Mike_Krzyzewski,gaussian,0.20000000,0,nan,1
Mike_Krzyzewski,gaussian,0.30000000,0,nan,1
Mike_Krzyzewski,brightness,1.00000000,1,0.99999988,0
Mike_Krzyzewski,brightness,0.90000000,1,0.99930507,0
Mike_Krzyzewski,brightness,0.80000000,1,0.99790460,0
Mike_Krzyzewski,brightness,0.65000000,1,0.99479884,0
Mike_Krzyzewski,brightness,0.50000000,1,0.99031407,0
Mike_Krzyzewski,brightness,0.35000000,1,0.98347229,0
Mike_Krzyzewski,rotation,0.00000000,1,0.99999988,0
Mike_Krzyzewski,rotation,3.00000000,1,0.99750483,0
Mike_Krzyzewski,rotation,6.00000000,1,0.99710190,0
Mike_Krzyzewski,rotation,10.00000000,1,0.99635720,0
Mike_Krzyzewski,rotation,15.00000000,1,0.99498403,0
Mike_Krzyzewski,rotation,20.00000000,1,0.99120426,0
Mike_Krzyzewski,blur,0.00000000,1,0.99571502,0
Mike_Krzyzewski,blur,1.00000000,1,0.99476123,0
Mike_Krzyzewski,blur,2.00000000,1,0.96139026,0
Mike_Krzyzewski,blur,3.00000000,1,0.90137225,0
Mike_Krzyzewski,blur,4.00000000,1,0.83004266,0
Mike_Krzyzewski,blur,5.00000000,1,0.72524595,0
Mike_Krzyzewski,occlusion,0.00000000,1,0.99947214,0
Mike_Krzyzewski,occlusion,0.10000000,0,0.52186537,0
Mike_Krzyzewski,occlusion,0.15000000,0,nan,1
Mike_Krzyzewski,occlusion,0.20000000,0,nan,1
Mike_Krzyzewski,occlusion,0.25000000,0,nan,1
Mike_Krzyzewski,occlusion,0.30000000,0,nan,1
Mike_Martz,gaussian,0.00000000,1,1.00000000,0
Mike_Martz,gaussian,0.02000000,1,0.98412502,0
Mike_Martz,gaussian,0.05000000,1,0.93226701,0
Mike_Martz,gaussian,0.10000000,1,0.85107321,0
Mike_Martz,gaussian,0.20000000,0,nan,1
Mike_Martz,gaussian,0.30000000,0,nan,1
Mike_Martz,brightness,1.00000000,1,1.00000000,0
Mike_Martz,brightness,0.90000000,1,0.99933141,0
Mike_Martz,brightness,0.80000000,1,0.99769258,0
Mike_Martz,brightness,0.65000000,1,0.99501753,0
Mike_Martz,brightness,0.50000000,1,0.98900187,0
Mike_Martz,brightness,0.35000000,1,0.98000860,0
Mike_Martz,rotation,0.00000000,1,1.00000000,0
Mike_Martz,rotation,3.00000000,1,0.99792862,0
Mike_Martz,rotation,6.00000000,1,0.99699974,0
Mike_Martz,rotation,10.00000000,1,0.99805605,0
Mike_Martz,rotation,15.00000000,1,0.99780083,0
Mike_Martz,rotation,20.00000000,1,0.99207282,0
Mike_Martz,blur,0.00000000,1,0.99572837,0
Mike_Martz,blur,1.00000000,1,0.99517000,0
Mike_Martz,blur,2.00000000,1,0.96002686,0
Mike_Martz,blur,3.00000000,1,0.87584043,0
Mike_Martz,blur,4.00000000,1,0.76328933,0
Mike_Martz,blur,5.00000000,0,0.63843083,0
Mike_Martz,occlusion,0.00000000,1,0.99913239,0
Mike_Martz,occlusion,0.10000000,0,0.40901768,0
Mike_Martz,occlusion,0.15000000,0,nan,1
Mike_Martz,occlusion,0.20000000,0,nan,1
Mike_Martz,occlusion,0.25000000,0,nan,1
Mike_Martz,occlusion,0.30000000,0,nan,1
Mike_Myers,gaussian,0.00000000,1,0.99999988,0
Mike_Myers,gaussian,0.02000000,1,0.98482341,0
Mike_Myers,gaussian,0.05000000,1,0.92820358,0
Mike_Myers,gaussian,0.10000000,1,0.80408031,0
Mike_Myers,gaussian,0.20000000,0,nan,1
Mike_Myers,gaussian,0.30000000,0,nan,1
Mike_Myers,brightness,1.00000000,1,0.99999988,0
Mike_Myers,brightness,0.90000000,1,0.99927026,0
Mike_Myers,brightness,0.80000000,1,0.99802780,0
Mike_Myers,brightness,0.65000000,1,0.99371141,0
Mike_Myers,brightness,0.50000000,1,0.98649883,0
Mike_Myers,brightness,0.35000000,1,0.97152179,0
Mike_Myers,rotation,0.00000000,1,0.99999988,0
Mike_Myers,rotation,3.00000000,1,0.99648559,0
Mike_Myers,rotation,6.00000000,1,0.99672759,0
Mike_Myers,rotation,10.00000000,1,0.99751049,0
Mike_Myers,rotation,15.00000000,1,0.99674726,0
Mike_Myers,rotation,20.00000000,1,0.99620366,0
Mike_Myers,blur,0.00000000,1,0.99427003,0
Mike_Myers,blur,1.00000000,1,0.99333429,0
Mike_Myers,blur,2.00000000,1,0.94076246,0
Mike_Myers,blur,3.00000000,0,0.81592435,0
Mike_Myers,blur,4.00000000,0,0.71758050,0
Mike_Myers,blur,5.00000000,0,0.63787794,0
Mike_Myers,occlusion,0.00000000,1,0.99858809,0
Mike_Myers,occlusion,0.10000000,0,0.40655044,0
Mike_Myers,occlusion,0.15000000,0,0.15898538,0
Mike_Myers,occlusion,0.20000000,0,nan,1
Mike_Myers,occlusion,0.25000000,0,nan,1
Mike_Myers,occlusion,0.30000000,0,nan,1
Mike_Weir,gaussian,0.00000000,1,1.00000000,0
Mike_Weir,gaussian,0.02000000,1,0.98462588,0
Mike_Weir,gaussian,0.05000000,1,0.94899309,0
Mike_Weir,gaussian,0.10000000,1,0.87848103,0
Mike_Weir,gaussian,0.20000000,0,nan,1
Mike_Weir,gaussian,0.30000000,0,nan,1
Mike_Weir,brightness,1.00000000,1,1.00000000,0
Mike_Weir,brightness,0.90000000,1,0.99933910,0
Mike_Weir,brightness,0.80000000,1,0.99822211,0
Mike_Weir,brightness,0.65000000,1,0.99480760,0
Mike_Weir,brightness,0.50000000,1,0.98922229,0
Mike_Weir,brightness,0.35000000,1,0.97778475,0
Mike_Weir,rotation,0.00000000,1,1.00000000,0
Mike_Weir,rotation,3.00000000,1,0.99850190,0
Mike_Weir,rotation,6.00000000,1,0.99749994,0
Mike_Weir,rotation,10.00000000,1,0.99702871,0
Mike_Weir,rotation,15.00000000,1,0.99797863,0
Mike_Weir,rotation,20.00000000,1,0.99575239,0
Mike_Weir,blur,0.00000000,1,0.99486065,0
Mike_Weir,blur,1.00000000,1,0.99397421,0
Mike_Weir,blur,2.00000000,1,0.96087229,0
Mike_Weir,blur,3.00000000,1,0.89333934,0
Mike_Weir,blur,4.00000000,0,0.78400302,0
Mike_Weir,blur,5.00000000,0,0.65087527,0
Mike_Weir,occlusion,0.00000000,1,0.99755859,0
Mike_Weir,occlusion,0.10000000,0,0.40973866,0
Mike_Weir,occlusion,0.15000000,0,nan,1
Mike_Weir,occlusion,0.20000000,0,nan,1
Mike_Weir,occlusion,0.25000000,0,nan,1
Mike_Weir,occlusion,0.30000000,0,nan,1
Mireya_Moscoso,gaussian,0.00000000,1,0.99999994,0
Mireya_Moscoso,gaussian,0.02000000,0,0.97303087,0
Mireya_Moscoso,gaussian,0.05000000,0,0.86971521,0
Mireya_Moscoso,gaussian,0.10000000,0,nan,1
Mireya_Moscoso,gaussian,0.20000000,0,nan,1
Mireya_Moscoso,gaussian,0.30000000,0,nan,1
Mireya_Moscoso,brightness,1.00000000,1,0.99999994,0
Mireya_Moscoso,brightness,0.90000000,1,0.99896234,0
Mireya_Moscoso,brightness,0.80000000,1,0.99690807,0
Mireya_Moscoso,brightness,0.65000000,1,0.99232906,0
Mireya_Moscoso,brightness,0.50000000,1,0.98484516,0
Mireya_Moscoso,brightness,0.35000000,1,0.96600837,0
Mireya_Moscoso,rotation,0.00000000,1,0.99999994,0
Mireya_Moscoso,rotation,3.00000000,1,0.99826360,0
Mireya_Moscoso,rotation,6.00000000,1,0.99742115,0
Mireya_Moscoso,rotation,10.00000000,1,0.99527073,0
Mireya_Moscoso,rotation,15.00000000,1,0.99458742,0
Mireya_Moscoso,rotation,20.00000000,1,0.99135113,0
Mireya_Moscoso,blur,0.00000000,1,0.99710464,0
Mireya_Moscoso,blur,1.00000000,1,0.99650168,0
Mireya_Moscoso,blur,2.00000000,1,0.97254342,0
Mireya_Moscoso,blur,3.00000000,0,0.89992201,0
Mireya_Moscoso,blur,4.00000000,0,0.77061951,0
Mireya_Moscoso,blur,5.00000000,0,0.64914495,0
Mireya_Moscoso,occlusion,0.00000000,1,0.99726695,0
Mireya_Moscoso,occlusion,0.10000000,0,nan,1
Mireya_Moscoso,occlusion,0.15000000,0,nan,1
Mireya_Moscoso,occlusion,0.20000000,0,nan,1
Mireya_Moscoso,occlusion,0.25000000,0,nan,1
Mireya_Moscoso,occlusion,0.30000000,0,nan,1
Mohamed_ElBaradei,gaussian,0.00000000,1,1.00000012,0
Mohamed_ElBaradei,gaussian,0.02000000,1,0.97815174,0
Mohamed_ElBaradei,gaussian,0.05000000,1,0.95329291,0
Mohamed_ElBaradei,gaussian,0.10000000,1,0.88338417,0
Mohamed_ElBaradei,gaussian,0.20000000,0,0.79311657,0
Mohamed_ElBaradei,gaussian,0.30000000,0,nan,1
Mohamed_ElBaradei,brightness,1.00000000,1,1.00000012,0
Mohamed_ElBaradei,brightness,0.90000000,1,0.99819040,0
Mohamed_ElBaradei,brightness,0.80000000,1,0.99531472,0
Mohamed_ElBaradei,brightness,0.65000000,1,0.99026263,0
Mohamed_ElBaradei,brightness,0.50000000,1,0.98202235,0
Mohamed_ElBaradei,brightness,0.35000000,1,0.96137959,0
Mohamed_ElBaradei,rotation,0.00000000,1,1.00000012,0
Mohamed_ElBaradei,rotation,3.00000000,1,0.99610770,0
Mohamed_ElBaradei,rotation,6.00000000,1,0.99589348,0
Mohamed_ElBaradei,rotation,10.00000000,1,0.98472017,0
Mohamed_ElBaradei,rotation,15.00000000,1,0.98544741,0
Mohamed_ElBaradei,rotation,20.00000000,1,0.98190385,0
Mohamed_ElBaradei,blur,0.00000000,1,0.99409568,0
Mohamed_ElBaradei,blur,1.00000000,1,0.99296856,0
Mohamed_ElBaradei,blur,2.00000000,1,0.95845902,0
Mohamed_ElBaradei,blur,3.00000000,1,0.90474212,0
Mohamed_ElBaradei,blur,4.00000000,1,0.83254778,0
Mohamed_ElBaradei,blur,5.00000000,0,0.72450465,0
Mohamed_ElBaradei,occlusion,0.00000000,1,0.99911666,0
Mohamed_ElBaradei,occlusion,0.10000000,0,nan,1
Mohamed_ElBaradei,occlusion,0.15000000,0,nan,1
Mohamed_ElBaradei,occlusion,0.20000000,0,nan,1
Mohamed_ElBaradei,occlusion,0.25000000,0,nan,1
Mohamed_ElBaradei,occlusion,0.30000000,0,nan,1
Mohammad_Khatami,gaussian,0.00000000,1,0.99999988,0
Mohammad_Khatami,gaussian,0.02000000,1,0.98592043,0
Mohammad_Khatami,gaussian,0.05000000,1,0.95576823,0
Mohammad_Khatami,gaussian,0.10000000,1,0.88472849,0
Mohammad_Khatami,gaussian,0.20000000,0,nan,1
Mohammad_Khatami,gaussian,0.30000000,0,nan,1
Mohammad_Khatami,brightness,1.00000000,1,0.99999988,0
Mohammad_Khatami,brightness,0.90000000,1,0.99941838,0
Mohammad_Khatami,brightness,0.80000000,1,0.99860060,0
Mohammad_Khatami,brightness,0.65000000,1,0.99537635,0
Mohammad_Khatami,brightness,0.50000000,1,0.98976672,0
Mohammad_Khatami,brightness,0.35000000,1,0.98003322,0
Mohammad_Khatami,rotation,0.00000000,1,0.99999988,0
Mohammad_Khatami,rotation,3.00000000,1,0.99765629,0
Mohammad_Khatami,rotation,6.00000000,1,0.99774146,0
Mohammad_Khatami,rotation,10.00000000,1,0.99729466,0
Mohammad_Khatami,rotation,15.00000000,1,0.99721205,0
Mohammad_Khatami,rotation,20.00000000,1,0.99288130,0
Mohammad_Khatami,blur,0.00000000,1,0.99237776,0
Mohammad_Khatami,blur,1.00000000,1,0.99099565,0
Mohammad_Khatami,blur,2.00000000,1,0.96666944,0
Mohammad_Khatami,blur,3.00000000,1,0.91138959,0
Mohammad_Khatami,blur,4.00000000,1,0.83992457,0
Mohammad_Khatami,blur,5.00000000,1,0.76456678,0
Mohammad_Khatami,occlusion,0.00000000,1,0.99962592,0
Mohammad_Khatami,occlusion,0.10000000,0,0.27696729,0
Mohammad_Khatami,occlusion,0.15000000,0,nan,1
Mohammad_Khatami,occlusion,0.20000000,0,nan,1
Mohammad_Khatami,occlusion,0.25000000,0,nan,1
Mohammad_Khatami,occlusion,0.30000000,0,nan,1
Mohammed_Al-Douri,gaussian,0.00000000,1,0.99999988,0
Mohammed_Al-Douri,gaussian,0.02000000,1,0.98427272,0
Mohammed_Al-Douri,gaussian,0.05000000,1,0.95733511,0
Mohammed_Al-Douri,gaussian,0.10000000,1,0.88025600,0
Mohammed_Al-Douri,gaussian,0.20000000,0,nan,1
Mohammed_Al-Douri,gaussian,0.30000000,0,nan,1
Mohammed_Al-Douri,brightness,1.00000000,1,0.99999988,0
Mohammed_Al-Douri,brightness,0.90000000,1,0.99953473,0
Mohammed_Al-Douri,brightness,0.80000000,1,0.99886072,0
Mohammed_Al-Douri,brightness,0.65000000,1,0.99714518,0
Mohammed_Al-Douri,brightness,0.50000000,1,0.99312824,0
Mohammed_Al-Douri,brightness,0.35000000,1,0.98543727,0
Mohammed_Al-Douri,rotation,0.00000000,1,0.99999988,0
Mohammed_Al-Douri,rotation,3.00000000,1,0.99527991,0
Mohammed_Al-Douri,rotation,6.00000000,1,0.99406910,0
Mohammed_Al-Douri,rotation,10.00000000,0,0.03284251,0
Mohammed_Al-Douri,rotation,15.00000000,1,0.99272698,0
Mohammed_Al-Douri,rotation,20.00000000,0,0.02631207,0
Mohammed_Al-Douri,blur,0.00000000,1,0.99197465,0
Mohammed_Al-Douri,blur,1.00000000,1,0.99092543,0
Mohammed_Al-Douri,blur,2.00000000,1,0.95730865,0
Mohammed_Al-Douri,blur,3.00000000,1,0.88769704,0
Mohammed_Al-Douri,blur,4.00000000,1,0.79471850,0
Mohammed_Al-Douri,blur,5.00000000,1,0.69181234,0
Mohammed_Al-Douri,occlusion,0.00000000,1,0.99843502,0
Mohammed_Al-Douri,occlusion,0.10000000,0,0.03449087,0
Mohammed_Al-Douri,occlusion,0.15000000,0,0.02527225,0
Mohammed_Al-Douri,occlusion,0.20000000,0,0.02836625,0
Mohammed_Al-Douri,occlusion,0.25000000,0,0.00212895,0
Mohammed_Al-Douri,occlusion,0.30000000,0,-0.02546498,0
Monica_Seles,gaussian,0.00000000,1,1.00000012,0
Monica_Seles,gaussian,0.02000000,1,0.98371226,0
Monica_Seles,gaussian,0.05000000,1,0.92518008,0
Monica_Seles,gaussian,0.10000000,0,0.79676217,0
Monica_Seles,gaussian,0.20000000,0,0.58596134,0
Monica_Seles,gaussian,0.30000000,0,nan,1
Monica_Seles,brightness,1.00000000,1,1.00000012,0
Monica_Seles,brightness,0.90000000,1,0.99918890,0
Monica_Seles,brightness,0.80000000,1,0.99730849,0
Monica_Seles,brightness,0.65000000,1,0.99436897,0
Monica_Seles,brightness,0.50000000,1,0.98932147,0
Monica_Seles,brightness,0.35000000,1,0.97869658,0
Monica_Seles,rotation,0.00000000,1,1.00000012,0
Monica_Seles,rotation,3.00000000,1,0.99632728,0
Monica_Seles,rotation,6.00000000,1,0.99033397,0
Monica_Seles,rotation,10.00000000,1,0.99099082,0
Monica_Seles,rotation,15.00000000,1,0.98850250,0
Monica_Seles,rotation,20.00000000,1,0.97993636,0
Monica_Seles,blur,0.00000000,1,0.99366790,0
Monica_Seles,blur,1.00000000,1,0.99252158,0
Monica_Seles,blur,2.00000000,1,0.95942742,0
Monica_Seles,blur,3.00000000,1,0.89135396,0
Monica_Seles,blur,4.00000000,0,0.76166999,0
Monica_Seles,blur,5.00000000,0,0.56537926,0
Monica_Seles,occlusion,0.00000000,1,0.99846852,0
Monica_Seles,occlusion,0.10000000,0,0.36526436,0
Monica_Seles,occlusion,0.15000000,0,nan,1
Monica_Seles,occlusion,0.20000000,0,nan,1
Monica_Seles,occlusion,0.25000000,0,nan,1
Monica_Seles,occlusion,0.30000000,0,nan,1
Muhammad_Ali,gaussian,0.00000000,1,0.99999994,0
Muhammad_Ali,gaussian,0.02000000,1,0.98635674,0
Muhammad_Ali,gaussian,0.05000000,1,0.94526768,0
Muhammad_Ali,gaussian,0.10000000,1,0.89604223,0
Muhammad_Ali,gaussian,0.20000000,0,nan,1
Muhammad_Ali,gaussian,0.30000000,0,nan,1
Muhammad_Ali,brightness,1.00000000,1,0.99999994,0
Muhammad_Ali,brightness,0.90000000,1,0.99887997,0
Muhammad_Ali,brightness,0.80000000,1,0.99727851,0
Muhammad_Ali,brightness,0.65000000,1,0.99230176,0
Muhammad_Ali,brightness,0.50000000,1,0.98717433,0
Muhammad_Ali,brightness,0.35000000,1,0.97884339,0
Muhammad_Ali,rotation,0.00000000,1,0.99999994,0
Muhammad_Ali,rotation,3.00000000,1,0.99484617,0
Muhammad_Ali,rotation,6.00000000,1,0.98541462,0
Muhammad_Ali,rotation,10.00000000,1,0.97788906,0
Muhammad_Ali,rotation,15.00000000,1,0.97814268,0
Muhammad_Ali,rotation,20.00000000,1,0.97474921,0
Muhammad_Ali,blur,0.00000000,1,0.99554783,0
Muhammad_Ali,blur,1.00000000,1,0.99497998,0
Muhammad_Ali,blur,2.00000000,1,0.97834241,0
Muhammad_Ali,blur,3.00000000,1,0.95038980,0
Muhammad_Ali,blur,4.00000000,1,0.88609397,0
Muhammad_Ali,blur,5.00000000,0,0.78874350,0
Muhammad_Ali,occlusion,0.00000000,1,0.99812382,0
Muhammad_Ali,occlusion,0.10000000,0,0.38947538,0
Muhammad_Ali,occlusion,0.15000000,0,nan,1
Muhammad_Ali,occlusion,0.20000000,0,nan,1
Muhammad_Ali,occlusion,0.25000000,0,nan,1
Muhammad_Ali,occlusion,0.30000000,0,nan,1
Muhammad_Saeed_al-Sahhaf,gaussian,0.00000000,1,0.99999994,0
Muhammad_Saeed_al-Sahhaf,gaussian,0.02000000,1,0.99155259,0
Muhammad_Saeed_al-Sahhaf,gaussian,0.05000000,1,0.96083486,0
Muhammad_Saeed_al-Sahhaf,gaussian,0.10000000,1,0.91063046,0
Muhammad_Saeed_al-Sahhaf,gaussian,0.20000000,0,nan,1
Muhammad_Saeed_al-Sahhaf,gaussian,0.30000000,0,nan,1
Muhammad_Saeed_al-Sahhaf,brightness,1.00000000,1,0.99999994,0
Muhammad_Saeed_al-Sahhaf,brightness,0.90000000,1,0.99947655,0
Muhammad_Saeed_al-Sahhaf,brightness,0.80000000,1,0.99869812,0
Muhammad_Saeed_al-Sahhaf,brightness,0.65000000,1,0.99645638,0
Muhammad_Saeed_al-Sahhaf,brightness,0.50000000,1,0.99293232,0
Muhammad_Saeed_al-Sahhaf,brightness,0.35000000,1,0.98424482,0
Muhammad_Saeed_al-Sahhaf,rotation,0.00000000,1,0.99999994,0
Muhammad_Saeed_al-Sahhaf,rotation,3.00000000,1,0.99775743,0
Muhammad_Saeed_al-Sahhaf,rotation,6.00000000,1,0.99564987,0
Muhammad_Saeed_al-Sahhaf,rotation,10.00000000,1,0.99770927,0
Muhammad_Saeed_al-Sahhaf,rotation,15.00000000,1,0.99024665,0
Muhammad_Saeed_al-Sahhaf,rotation,20.00000000,1,0.98747033,0
Muhammad_Saeed_al-Sahhaf,blur,0.00000000,1,0.99524015,0
Muhammad_Saeed_al-Sahhaf,blur,1.00000000,1,0.99453104,0
Muhammad_Saeed_al-Sahhaf,blur,2.00000000,1,0.96735591,0
Muhammad_Saeed_al-Sahhaf,blur,3.00000000,1,0.90354639,0
Muhammad_Saeed_al-Sahhaf,blur,4.00000000,1,0.80655944,0
Muhammad_Saeed_al-Sahhaf,blur,5.00000000,1,0.69323838,0
Muhammad_Saeed_al-Sahhaf,occlusion,0.00000000,1,0.99853486,0
Muhammad_Saeed_al-Sahhaf,occlusion,0.10000000,0,nan,1
Muhammad_Saeed_al-Sahhaf,occlusion,0.15000000,0,nan,1
Muhammad_Saeed_al-Sahhaf,occlusion,0.20000000,0,nan,1
Muhammad_Saeed_al-Sahhaf,occlusion,0.25000000,0,nan,1
Muhammad_Saeed_al-Sahhaf,occlusion,0.30000000,0,nan,1
Naji_Sabri,gaussian,0.00000000,1,1.00000000,0
Naji_Sabri,gaussian,0.02000000,1,0.99206507,0
Naji_Sabri,gaussian,0.05000000,1,0.95608854,0
Naji_Sabri,gaussian,0.10000000,1,0.88054061,0
Naji_Sabri,gaussian,0.20000000,0,nan,1
Naji_Sabri,gaussian,0.30000000,0,nan,1
Naji_Sabri,brightness,1.00000000,1,1.00000000,0
Naji_Sabri,brightness,0.90000000,1,0.99940628,0
Naji_Sabri,brightness,0.80000000,1,0.99840623,0
Naji_Sabri,brightness,0.65000000,1,0.99574775,0
Naji_Sabri,brightness,0.50000000,1,0.99229729,0
Naji_Sabri,brightness,0.35000000,1,0.98526394,0
Naji_Sabri,rotation,0.00000000,1,1.00000000,0
Naji_Sabri,rotation,3.00000000,1,0.99678040,0
Naji_Sabri,rotation,6.00000000,1,0.99651700,0
Naji_Sabri,rotation,10.00000000,1,0.99582916,0
Naji_Sabri,rotation,15.00000000,1,0.98015004,0
Naji_Sabri,rotation,20.00000000,1,0.98547041,0
Naji_Sabri,blur,0.00000000,1,0.99604440,0
Naji_Sabri,blur,1.00000000,1,0.99531829,0
Naji_Sabri,blur,2.00000000,1,0.96955919,0
Naji_Sabri,blur,3.00000000,1,0.90475380,0
Naji_Sabri,blur,4.00000000,1,0.81826305,0
Naji_Sabri,blur,5.00000000,0,0.72444904,0
Naji_Sabri,occlusion,0.00000000,1,0.99976963,0
Naji_Sabri,occlusion,0.10000000,0,0.40189397,0
Naji_Sabri,occlusion,0.15000000,0,nan,1
Naji_Sabri,occlusion,0.20000000,0,nan,1
Naji_Sabri,occlusion,0.25000000,0,nan,1
Naji_Sabri,occlusion,0.30000000,0,nan,1
Nancy_Pelosi,gaussian,0.00000000,1,0.99999988,0
Nancy_Pelosi,gaussian,0.02000000,1,0.98527139,0
Nancy_Pelosi,gaussian,0.05000000,1,0.93478203,0
Nancy_Pelosi,gaussian,0.10000000,1,0.83394438,0
Nancy_Pelosi,gaussian,0.20000000,0,nan,1
Nancy_Pelosi,gaussian,0.30000000,0,nan,1
Nancy_Pelosi,brightness,1.00000000,1,0.99999988,0
Nancy_Pelosi,brightness,0.90000000,1,0.99924725,0
Nancy_Pelosi,brightness,0.80000000,1,0.99792790,0
Nancy_Pelosi,brightness,0.65000000,1,0.99538577,0
Nancy_Pelosi,brightness,0.50000000,1,0.98963058,0
Nancy_Pelosi,brightness,0.35000000,1,0.98250306,0
Nancy_Pelosi,rotation,0.00000000,1,0.99999988,0
Nancy_Pelosi,rotation,3.00000000,1,0.99732709,0
Nancy_Pelosi,rotation,6.00000000,1,0.99744117,0
Nancy_Pelosi,rotation,10.00000000,1,0.99519622,0
Nancy_Pelosi,rotation,15.00000000,1,0.99792290,0
Nancy_Pelosi,rotation,20.00000000,1,0.99552023,0
Nancy_Pelosi,blur,0.00000000,1,0.99527836,0
Nancy_Pelosi,blur,1.00000000,1,0.99441695,0
Nancy_Pelosi,blur,2.00000000,1,0.96404648,0
Nancy_Pelosi,blur,3.00000000,1,0.86912775,0
Nancy_Pelosi,blur,4.00000000,0,0.75866199,0
Nancy_Pelosi,blur,5.00000000,0,0.65568900,0
Nancy_Pelosi,occlusion,0.00000000,1,0.99944007,0
Nancy_Pelosi,occlusion,0.10000000,0,0.39662808,0
Nancy_Pelosi,occlusion,0.15000000,0,nan,1
Nancy_Pelosi,occlusion,0.20000000,0,nan,1
Nancy_Pelosi,occlusion,0.25000000,0,nan,1
Nancy_Pelosi,occlusion,0.30000000,0,nan,1
Naomi_Watts,gaussian,0.00000000,1,1.00000000,0
Naomi_Watts,gaussian,0.02000000,1,0.98398143,0
Naomi_Watts,gaussian,0.05000000,1,0.94117594,0
Naomi_Watts,gaussian,0.10000000,1,0.84750712,0
Naomi_Watts,gaussian,0.20000000,0,nan,1
Naomi_Watts,gaussian,0.30000000,0,nan,1
Naomi_Watts,brightness,1.00000000,1,1.00000000,0
Naomi_Watts,brightness,0.90000000,1,0.99898374,0
Naomi_Watts,brightness,0.80000000,1,0.99729270,0
Naomi_Watts,brightness,0.65000000,1,0.99336588,0
Naomi_Watts,brightness,0.50000000,1,0.98700988,0
Naomi_Watts,brightness,0.35000000,1,0.97358698,0
Naomi_Watts,rotation,0.00000000,1,1.00000000,0
Naomi_Watts,rotation,3.00000000,1,0.99752212,0
Naomi_Watts,rotation,6.00000000,1,0.99652827,0
Naomi_Watts,rotation,10.00000000,1,0.99659657,0
Naomi_Watts,rotation,15.00000000,1,0.99391186,0
Naomi_Watts,rotation,20.00000000,1,0.99007958,0
Naomi_Watts,blur,0.00000000,1,0.99696642,0
Naomi_Watts,blur,1.00000000,1,0.99647981,0
Naomi_Watts,blur,2.00000000,1,0.97623730,0
Naomi_Watts,blur,3.00000000,1,0.93889034,0
Naomi_Watts,blur,4.00000000,1,0.85701913,0
Naomi_Watts,blur,5.00000000,1,0.76002312,0
Naomi_Watts,occlusion,0.00000000,1,0.99806952,0
Naomi_Watts,occlusion,0.10000000,0,0.36171907,0
Naomi_Watts,occlusion,0.15000000,0,nan,1
Naomi_Watts,occlusion,0.20000000,0,nan,1
Naomi_Watts,occlusion,0.25000000,0,nan,1
Naomi_Watts,occlusion,0.30000000,0,nan,1
Natalie_Coughlin,gaussian,0.00000000,1,1.00000000,0
Natalie_Coughlin,gaussian,0.02000000,1,0.97439432,0
Natalie_Coughlin,gaussian,0.05000000,1,0.94292510,0
Natalie_Coughlin,gaussian,0.10000000,1,0.86245179,0
Natalie_Coughlin,gaussian,0.20000000,0,nan,1
Natalie_Coughlin,gaussian,0.30000000,0,nan,1
Natalie_Coughlin,brightness,1.00000000,1,1.00000000,0
Natalie_Coughlin,brightness,0.90000000,1,0.99894869,0
Natalie_Coughlin,brightness,0.80000000,1,0.99718779,0
Natalie_Coughlin,brightness,0.65000000,1,0.99303013,0
Natalie_Coughlin,brightness,0.50000000,1,0.98578858,0
Natalie_Coughlin,brightness,0.35000000,1,0.97225732,0
Natalie_Coughlin,rotation,0.00000000,1,1.00000000,0
Natalie_Coughlin,rotation,3.00000000,1,0.99781084,0
Natalie_Coughlin,rotation,6.00000000,1,0.99498057,0
Natalie_Coughlin,rotation,10.00000000,1,0.98959112,0
Natalie_Coughlin,rotation,15.00000000,1,0.98851675,0
Natalie_Coughlin,rotation,20.00000000,1,0.98799855,0
Natalie_Coughlin,blur,0.00000000,1,0.99606264,0
Natalie_Coughlin,blur,1.00000000,1,0.99541950,0
Natalie_Coughlin,blur,2.00000000,1,0.96873426,0
Natalie_Coughlin,blur,3.00000000,1,0.90950716,0
Natalie_Coughlin,blur,4.00000000,1,0.81909943,0
Natalie_Coughlin,blur,5.00000000,0,0.64858496,0
Natalie_Coughlin,occlusion,0.00000000,1,0.99904364,0
Natalie_Coughlin,occlusion,0.10000000,0,0.20902714,0
Natalie_Coughlin,occlusion,0.15000000,0,nan,1
Natalie_Coughlin,occlusion,0.20000000,0,nan,1
Natalie_Coughlin,occlusion,0.25000000,0,nan,1
Natalie_Coughlin,occlusion,0.30000000,0,nan,1
Natalie_Maines,gaussian,0.00000000,1,1.00000000,0
Natalie_Maines,gaussian,0.02000000,1,0.98654109,0
Natalie_Maines,gaussian,0.05000000,1,0.94584811,0
Natalie_Maines,gaussian,0.10000000,1,0.83369410,0
Natalie_Maines,gaussian,0.20000000,0,nan,1
Natalie_Maines,gaussian,0.30000000,0,nan,1
Natalie_Maines,brightness,1.00000000,1,1.00000000,0
Natalie_Maines,brightness,0.90000000,1,0.99918270,0
Natalie_Maines,brightness,0.80000000,1,0.99788934,0
Natalie_Maines,brightness,0.65000000,1,0.99421620,0
Natalie_Maines,brightness,0.50000000,1,0.98877043,0
Natalie_Maines,brightness,0.35000000,1,0.97705817,0
Natalie_Maines,rotation,0.00000000,1,1.00000000,0
Natalie_Maines,rotation,3.00000000,1,0.99780715,0
Natalie_Maines,rotation,6.00000000,1,0.99807996,0
Natalie_Maines,rotation,10.00000000,1,0.99694371,0
Natalie_Maines,rotation,15.00000000,1,0.99460125,0
Natalie_Maines,rotation,20.00000000,1,0.99321723,0
Natalie_Maines,blur,0.00000000,1,0.99374872,0
Natalie_Maines,blur,1.00000000,1,0.99256957,0
Natalie_Maines,blur,2.00000000,1,0.95645249,0
Natalie_Maines,blur,3.00000000,1,0.89697063,0
Natalie_Maines,blur,4.00000000,1,0.81809735,0
Natalie_Maines,blur,5.00000000,1,0.72249985,0
Natalie_Maines,occlusion,0.00000000,1,0.99744940,0
Natalie_Maines,occlusion,0.10000000,0,0.22234234,0
Natalie_Maines,occlusion,0.15000000,0,nan,1
Natalie_Maines,occlusion,0.20000000,0,nan,1
Natalie_Maines,occlusion,0.25000000,0,nan,1
Natalie_Maines,occlusion,0.30000000,0,nan,1
Nestor_Kirchner,gaussian,0.00000000,1,0.99999994,0
Nestor_Kirchner,gaussian,0.02000000,1,0.99158895,0
Nestor_Kirchner,gaussian,0.05000000,1,0.96886015,0
Nestor_Kirchner,gaussian,0.10000000,1,0.89066076,0
Nestor_Kirchner,gaussian,0.20000000,0,nan,1
Nestor_Kirchner,gaussian,0.30000000,0,nan,1
Nestor_Kirchner,brightness,1.00000000,1,0.99999994,0
Nestor_Kirchner,brightness,0.90000000,1,0.99959385,0
Nestor_Kirchner,brightness,0.80000000,1,0.99871898,0
Nestor_Kirchner,brightness,0.65000000,1,0.99678969,0
Nestor_Kirchner,brightness,0.50000000,1,0.99191236,0
Nestor_Kirchner,brightness,0.35000000,1,0.98706734,0
Nestor_Kirchner,rotation,0.00000000,1,0.99999994,0
Nestor_Kirchner,rotation,3.00000000,1,0.99767226,0
Nestor_Kirchner,rotation,6.00000000,1,0.99564075,0
Nestor_Kirchner,rotation,10.00000000,1,0.99470603,0
Nestor_Kirchner,rotation,15.00000000,1,0.99545431,0
Nestor_Kirchner,rotation,20.00000000,1,0.99749565,0
Nestor_Kirchner,blur,0.00000000,1,0.99684948,0
Nestor_Kirchner,blur,1.00000000,1,0.99644250,0
Nestor_Kirchner,blur,2.00000000,1,0.97008914,0
Nestor_Kirchner,blur,3.00000000,1,0.90293396,0
Nestor_Kirchner,blur,4.00000000,0,0.79930174,0
Nestor_Kirchner,blur,5.00000000,0,0.70638156,0
Nestor_Kirchner,occlusion,0.00000000,1,0.99961007,0
Nestor_Kirchner,occlusion,0.10000000,0,0.45398891,0
Nestor_Kirchner,occlusion,0.15000000,0,nan,1
Nestor_Kirchner,occlusion,0.20000000,0,nan,1
Nestor_Kirchner,occlusion,0.25000000,0,nan,1
Nestor_Kirchner,occlusion,0.30000000,0,nan,1
Nia_Vardalos,gaussian,0.00000000,1,1.00000000,0
Nia_Vardalos,gaussian,0.02000000,1,0.98867756,0
Nia_Vardalos,gaussian,0.05000000,1,0.94992846,0
Nia_Vardalos,gaussian,0.10000000,1,0.86792433,0
Nia_Vardalos,gaussian,0.20000000,0,nan,1
Nia_Vardalos,gaussian,0.30000000,0,nan,1
Nia_Vardalos,brightness,1.00000000,1,1.00000000,0
Nia_Vardalos,brightness,0.90000000,1,0.99914742,0
Nia_Vardalos,brightness,0.80000000,1,0.99786961,0
Nia_Vardalos,brightness,0.65000000,1,0.99399531,0
Nia_Vardalos,brightness,0.50000000,1,0.98874843,0
Nia_Vardalos,brightness,0.35000000,1,0.97942537,0
Nia_Vardalos,rotation,0.00000000,1,1.00000000,0
Nia_Vardalos,rotation,3.00000000,1,0.99624538,0
Nia_Vardalos,rotation,6.00000000,1,0.99592483,0
Nia_Vardalos,rotation,10.00000000,1,0.99496329,0
Nia_Vardalos,rotation,15.00000000,1,0.99051434,0
Nia_Vardalos,rotation,20.00000000,1,0.98555505,0
Nia_Vardalos,blur,0.00000000,1,0.99373138,0
Nia_Vardalos,blur,1.00000000,1,0.99247402,0
Nia_Vardalos,blur,2.00000000,1,0.94991291,0
Nia_Vardalos,blur,3.00000000,1,0.88620377,0
Nia_Vardalos,blur,4.00000000,1,0.80431408,0
Nia_Vardalos,blur,5.00000000,1,0.69509560,0
Nia_Vardalos,occlusion,0.00000000,1,0.99945509,0
Nia_Vardalos,occlusion,0.10000000,0,0.39406013,0
Nia_Vardalos,occlusion,0.15000000,0,nan,1
Nia_Vardalos,occlusion,0.20000000,0,nan,1
Nia_Vardalos,occlusion,0.25000000,0,nan,1
Nia_Vardalos,occlusion,0.30000000,0,nan,1
Nicanor_Duarte_Frutos,gaussian,0.00000000,1,1.00000000,0
Nicanor_Duarte_Frutos,gaussian,0.02000000,1,0.98933053,0
Nicanor_Duarte_Frutos,gaussian,0.05000000,1,0.95831597,0
Nicanor_Duarte_Frutos,gaussian,0.10000000,1,0.87217343,0
Nicanor_Duarte_Frutos,gaussian,0.20000000,0,nan,1
Nicanor_Duarte_Frutos,gaussian,0.30000000,0,nan,1
Nicanor_Duarte_Frutos,brightness,1.00000000,1,1.00000000,0
Nicanor_Duarte_Frutos,brightness,0.90000000,1,0.99915576,0
Nicanor_Duarte_Frutos,brightness,0.80000000,1,0.99755108,0
Nicanor_Duarte_Frutos,brightness,0.65000000,1,0.99442881,0
Nicanor_Duarte_Frutos,brightness,0.50000000,1,0.98838288,0
Nicanor_Duarte_Frutos,brightness,0.35000000,1,0.97688830,0
Nicanor_Duarte_Frutos,rotation,0.00000000,1,1.00000000,0
Nicanor_Duarte_Frutos,rotation,3.00000000,1,0.99795425,0
Nicanor_Duarte_Frutos,rotation,6.00000000,1,0.99741185,0
Nicanor_Duarte_Frutos,rotation,10.00000000,1,0.99572498,0
Nicanor_Duarte_Frutos,rotation,15.00000000,1,0.98861259,0
Nicanor_Duarte_Frutos,rotation,20.00000000,1,0.98331976,0
Nicanor_Duarte_Frutos,blur,0.00000000,1,0.99471009,0
Nicanor_Duarte_Frutos,blur,1.00000000,1,0.99388105,0
Nicanor_Duarte_Frutos,blur,2.00000000,1,0.95515692,0
Nicanor_Duarte_Frutos,blur,3.00000000,1,0.88655877,0
Nicanor_Duarte_Frutos,blur,4.00000000,1,0.80299997,0
Nicanor_Duarte_Frutos,blur,5.00000000,1,0.72298229,0
Nicanor_Duarte_Frutos,occlusion,0.00000000,1,0.99843526,0
Nicanor_Duarte_Frutos,occlusion,0.10000000,0,0.31713092,0
Nicanor_Duarte_Frutos,occlusion,0.15000000,0,0.02481906,0
Nicanor_Duarte_Frutos,occlusion,0.20000000,0,0.02544177,0
Nicanor_Duarte_Frutos,occlusion,0.25000000,0,0.02511182,0
Nicanor_Duarte_Frutos,occlusion,0.30000000,0,0.02554209,0
Nick_Nolte,gaussian,0.00000000,1,0.99999994,0
Nick_Nolte,gaussian,0.02000000,1,0.98975158,0
Nick_Nolte,gaussian,0.05000000,1,0.96366471,0
Nick_Nolte,gaussian,0.10000000,1,0.85498089,0
Nick_Nolte,gaussian,0.20000000,0,nan,1
Nick_Nolte,gaussian,0.30000000,0,nan,1
Nick_Nolte,brightness,1.00000000,1,0.99999994,0
Nick_Nolte,brightness,0.90000000,1,0.99962258,0
Nick_Nolte,brightness,0.80000000,1,0.99876809,0
Nick_Nolte,brightness,0.65000000,1,0.99688160,0
Nick_Nolte,brightness,0.50000000,1,0.99290460,0
Nick_Nolte,brightness,0.35000000,1,0.98647594,0
Nick_Nolte,rotation,0.00000000,1,0.99999994,0
Nick_Nolte,rotation,3.00000000,1,0.99692601,0
Nick_Nolte,rotation,6.00000000,1,0.99584085,0
Nick_Nolte,rotation,10.00000000,1,0.99512970,0
Nick_Nolte,rotation,15.00000000,1,0.99719989,0
Nick_Nolte,rotation,20.00000000,1,0.99618399,0
Nick_Nolte,blur,0.00000000,1,0.99452317,0
Nick_Nolte,blur,1.00000000,1,0.99304354,0
Nick_Nolte,blur,2.00000000,1,0.96518421,0
Nick_Nolte,blur,3.00000000,0,0.87759709,0
Nick_Nolte,blur,4.00000000,0,0.76210409,0
Nick_Nolte,blur,5.00000000,0,0.69409287,0
Nick_Nolte,occlusion,0.00000000,1,0.99801415,0
Nick_Nolte,occlusion,0.10000000,0,nan,1
Nick_Nolte,occlusion,0.15000000,0,nan,1
Nick_Nolte,occlusion,0.20000000,0,nan,1
Nick_Nolte,occlusion,0.25000000,0,nan,1
Nick_Nolte,occlusion,0.30000000,0,nan,1
Nicole_Kidman,gaussian,0.00000000,1,1.00000000,0
Nicole_Kidman,gaussian,0.02000000,1,0.98347741,0
Nicole_Kidman,gaussian,0.05000000,1,0.95882052,0
Nicole_Kidman,gaussian,0.10000000,1,0.86689627,0
Nicole_Kidman,gaussian,0.20000000,0,nan,1
Nicole_Kidman,gaussian,0.30000000,0,nan,1
Nicole_Kidman,brightness,1.00000000,1,1.00000000,0
Nicole_Kidman,brightness,0.90000000,1,0.99912572,0
Nicole_Kidman,brightness,0.80000000,1,0.99804568,0
Nicole_Kidman,brightness,0.65000000,1,0.99470437,0
Nicole_Kidman,brightness,0.50000000,1,0.98894489,0
Nicole_Kidman,brightness,0.35000000,1,0.97696459,0
Nicole_Kidman,rotation,0.00000000,1,1.00000000,0
Nicole_Kidman,rotation,3.00000000,1,0.99780339,0
Nicole_Kidman,rotation,6.00000000,1,0.99545890,0
Nicole_Kidman,rotation,10.00000000,1,0.99447620,0
Nicole_Kidman,rotation,15.00000000,1,0.99585325,0
Nicole_Kidman,rotation,20.00000000,1,0.99622840,0
Nicole_Kidman,blur,0.00000000,1,0.99600518,0
Nicole_Kidman,blur,1.00000000,1,0.99533767,0
Nicole_Kidman,blur,2.00000000,1,0.96735018,0
Nicole_Kidman,blur,3.00000000,1,0.88576472,0
Nicole_Kidman,blur,4.00000000,1,0.79452968,0
Nicole_Kidman,blur,5.00000000,1,0.70306563,0
Nicole_Kidman,occlusion,0.00000000,1,0.99853104,0
Nicole_Kidman,occlusion,0.10000000,0,0.24450877,0
Nicole_Kidman,occlusion,0.15000000,0,nan,1
Nicole_Kidman,occlusion,0.20000000,0,nan,1
Nicole_Kidman,occlusion,0.25000000,0,nan,1
Nicole_Kidman,occlusion,0.30000000,0,nan,1
Norah_Jones,gaussian,0.00000000,1,0.99999994,0
Norah_Jones,gaussian,0.02000000,1,0.98163587,0
Norah_Jones,gaussian,0.05000000,1,0.91955131,0
Norah_Jones,gaussian,0.10000000,1,0.75619853,0
Norah_Jones,gaussian,0.20000000,0,nan,1
Norah_Jones,gaussian,0.30000000,0,nan,1
Norah_Jones,brightness,1.00000000,1,0.99999994,0
Norah_Jones,brightness,0.90000000,1,0.99893248,0
Norah_Jones,brightness,0.80000000,1,0.99724662,0
Norah_Jones,brightness,0.65000000,1,0.99427909,0
Norah_Jones,brightness,0.50000000,1,0.98761117,0
Norah_Jones,brightness,0.35000000,1,0.97671413,0
Norah_Jones,rotation,0.00000000,1,0.99999994,0
Norah_Jones,rotation,3.00000000,1,0.99696541,0
Norah_Jones,rotation,6.00000000,1,0.99714243,0
Norah_Jones,rotation,10.00000000,1,0.99698883,0
Norah_Jones,rotation,15.00000000,1,0.99225217,0
Norah_Jones,rotation,20.00000000,1,0.99039501,0
Norah_Jones,blur,0.00000000,1,0.99275118,0
Norah_Jones,blur,1.00000000,1,0.99150413,0
Norah_Jones,blur,2.00000000,1,0.94101620,0
Norah_Jones,blur,3.00000000,1,0.84137952,0
Norah_Jones,blur,4.00000000,0,0.69733864,0
Norah_Jones,blur,5.00000000,0,0.56846046,0
Norah_Jones,occlusion,0.00000000,1,0.99899030,0
Norah_Jones,occlusion,0.10000000,0,0.14565694,0
Norah_Jones,occlusion,0.15000000,0,nan,1
Norah_Jones,occlusion,0.20000000,0,nan,1
Norah_Jones,occlusion,0.25000000,0,nan,1
Norah_Jones,occlusion,0.30000000,0,nan,1
Norm_Coleman,gaussian,0.00000000,1,0.99999988,0
Norm_Coleman,gaussian,0.02000000,1,0.98977792,0
Norm_Coleman,gaussian,0.05000000,1,0.95432007,0
Norm_Coleman,gaussian,0.10000000,1,0.89316297,0
Norm_Coleman,gaussian,0.20000000,0,nan,1
Norm_Coleman,gaussian,0.30000000,0,nan,1
Norm_Coleman,brightness,1.00000000,1,0.99999988,0
Norm_Coleman,brightness,0.90000000,1,0.99961782,0
Norm_Coleman,brightness,0.80000000,1,0.99861860,0
Norm_Coleman,brightness,0.65000000,1,0.99631095,0
Norm_Coleman,brightness,0.50000000,1,0.99222577,0
Norm_Coleman,brightness,0.35000000,1,0.98491770,0
Norm_Coleman,rotation,0.00000000,1,0.99999988,0
Norm_Coleman,rotation,3.00000000,1,0.99742508,0
Norm_Coleman,rotation,6.00000000,1,0.99559355,0
Norm_Coleman,rotation,10.00000000,1,0.99254668,0
Norm_Coleman,rotation,15.00000000,1,0.99415600,0
Norm_Coleman,rotation,20.00000000,1,0.99218762,0
Norm_Coleman,blur,0.00000000,1,0.99541551,0
Norm_Coleman,blur,1.00000000,1,0.99482572,0
Norm_Coleman,blur,2.00000000,1,0.97252226,0
Norm_Coleman,blur,3.00000000,1,0.92574304,0
Norm_Coleman,blur,4.00000000,1,0.82856596,0
Norm_Coleman,blur,5.00000000,1,0.70482850,0
Norm_Coleman,occlusion,0.00000000,1,0.99818051,0
Norm_Coleman,occlusion,0.10000000,0,0.37024659,0
Norm_Coleman,occlusion,0.15000000,0,nan,1
Norm_Coleman,occlusion,0.20000000,0,nan,1
Norm_Coleman,occlusion,0.25000000,0,nan,1
Norm_Coleman,occlusion,0.30000000,0,-0.00374374,0
Oscar_De_La_Hoya,gaussian,0.00000000,1,0.99999988,0
Oscar_De_La_Hoya,gaussian,0.02000000,1,0.99054426,0
Oscar_De_La_Hoya,gaussian,0.05000000,1,0.95394522,0
Oscar_De_La_Hoya,gaussian,0.10000000,1,0.86992335,0
Oscar_De_La_Hoya,gaussian,0.20000000,0,nan,1
Oscar_De_La_Hoya,gaussian,0.30000000,0,nan,1
Oscar_De_La_Hoya,brightness,1.00000000,1,0.99999988,0
Oscar_De_La_Hoya,brightness,0.90000000,1,0.99957979,0
Oscar_De_La_Hoya,brightness,0.80000000,1,0.99868095,0
Oscar_De_La_Hoya,brightness,0.65000000,1,0.99576843,0
Oscar_De_La_Hoya,brightness,0.50000000,1,0.99034846,0
Oscar_De_La_Hoya,brightness,0.35000000,1,0.98405093,0
Oscar_De_La_Hoya,rotation,0.00000000,1,0.99999988,0
Oscar_De_La_Hoya,rotation,3.00000000,1,0.99715662,0
Oscar_De_La_Hoya,rotation,6.00000000,1,0.99519384,0
Oscar_De_La_Hoya,rotation,10.00000000,1,0.99388754,0
Oscar_De_La_Hoya,rotation,15.00000000,1,0.99051434,0
Oscar_De_La_Hoya,rotation,20.00000000,1,0.98898095,0
Oscar_De_La_Hoya,blur,0.00000000,1,0.99344975,0
Oscar_De_La_Hoya,blur,1.00000000,1,0.99169827,0
Oscar_De_La_Hoya,blur,2.00000000,1,0.95742327,0
Oscar_De_La_Hoya,blur,3.00000000,1,0.87278354,0
Oscar_De_La_Hoya,blur,4.00000000,1,0.74518502,0
Oscar_De_La_Hoya,blur,5.00000000,1,0.61939788,0
Oscar_De_La_Hoya,occlusion,0.00000000,1,0.99918187,0
Oscar_De_La_Hoya,occlusion,0.10000000,0,-0.06766255,0
Oscar_De_La_Hoya,occlusion,0.15000000,0,-0.06602413,0
Oscar_De_La_Hoya,occlusion,0.20000000,0,-0.06810851,0
Oscar_De_La_Hoya,occlusion,0.25000000,0,-0.06797171,0
Oscar_De_La_Hoya,occlusion,0.30000000,0,-0.07573672,0
Oswaldo_Paya,gaussian,0.00000000,1,0.99999988,0
Oswaldo_Paya,gaussian,0.02000000,1,0.99111950,0
Oswaldo_Paya,gaussian,0.05000000,1,0.95811391,0
Oswaldo_Paya,gaussian,0.10000000,1,0.87983108,0
Oswaldo_Paya,gaussian,0.20000000,0,nan,1
Oswaldo_Paya,gaussian,0.30000000,0,nan,1
Oswaldo_Paya,brightness,1.00000000,1,0.99999988,0
Oswaldo_Paya,brightness,0.90000000,1,0.99955505,0
Oswaldo_Paya,brightness,0.80000000,1,0.99853539,0
Oswaldo_Paya,brightness,0.65000000,1,0.99627078,0
Oswaldo_Paya,brightness,0.50000000,1,0.99238276,0
Oswaldo_Paya,brightness,0.35000000,1,0.98401225,0
Oswaldo_Paya,rotation,0.00000000,1,0.99999988,0
Oswaldo_Paya,rotation,3.00000000,1,0.99813020,0
Oswaldo_Paya,rotation,6.00000000,1,0.99673504,0
Oswaldo_Paya,rotation,10.00000000,1,0.99512982,0
Oswaldo_Paya,rotation,15.00000000,1,0.99570894,0
Oswaldo_Paya,rotation,20.00000000,1,0.99441141,0
Oswaldo_Paya,blur,0.00000000,1,0.99832392,0
Oswaldo_Paya,blur,1.00000000,1,0.99804932,0
Oswaldo_Paya,blur,2.00000000,1,0.98266339,0
Oswaldo_Paya,blur,3.00000000,1,0.93941474,0
Oswaldo_Paya,blur,4.00000000,1,0.86339319,0
Oswaldo_Paya,blur,5.00000000,1,0.77742743,0
Oswaldo_Paya,occlusion,0.00000000,1,0.99949199,0
Oswaldo_Paya,occlusion,0.10000000,0,0.40897357,0
Oswaldo_Paya,occlusion,0.15000000,0,nan,1
Oswaldo_Paya,occlusion,0.20000000,0,nan,1
Oswaldo_Paya,occlusion,0.25000000,0,nan,1
Oswaldo_Paya,occlusion,0.30000000,0,nan,1
Pamela_Anderson,gaussian,0.00000000,1,1.00000000,0
Pamela_Anderson,gaussian,0.02000000,1,0.97479892,0
Pamela_Anderson,gaussian,0.05000000,1,0.89802057,0
Pamela_Anderson,gaussian,0.10000000,1,0.83290112,0
Pamela_Anderson,gaussian,0.20000000,0,nan,1
Pamela_Anderson,gaussian,0.30000000,0,nan,1
Pamela_Anderson,brightness,1.00000000,1,1.00000000,0
Pamela_Anderson,brightness,0.90000000,1,0.99917889,0
Pamela_Anderson,brightness,0.80000000,1,0.99385083,0
Pamela_Anderson,brightness,0.65000000,1,0.99067581,0
Pamela_Anderson,brightness,0.50000000,1,0.98201728,0
Pamela_Anderson,brightness,0.35000000,1,0.96844018,0
Pamela_Anderson,rotation,0.00000000,1,1.00000000,0
Pamela_Anderson,rotation,3.00000000,1,0.99396962,0
Pamela_Anderson,rotation,6.00000000,1,0.99424994,0
Pamela_Anderson,rotation,10.00000000,1,0.99392509,0
Pamela_Anderson,rotation,15.00000000,1,0.98847437,0
Pamela_Anderson,rotation,20.00000000,1,0.99172735,0
Pamela_Anderson,blur,0.00000000,1,0.98766053,0
Pamela_Anderson,blur,1.00000000,1,0.98651344,0
Pamela_Anderson,blur,2.00000000,1,0.93312502,0
Pamela_Anderson,blur,3.00000000,1,0.86333525,0
Pamela_Anderson,blur,4.00000000,1,0.74266577,0
Pamela_Anderson,blur,5.00000000,0,0.59254777,0
Pamela_Anderson,occlusion,0.00000000,1,0.99844897,0
Pamela_Anderson,occlusion,0.10000000,0,0.00155385,0
Pamela_Anderson,occlusion,0.15000000,0,0.00193961,0
Pamela_Anderson,occlusion,0.20000000,0,0.00166641,0
Pamela_Anderson,occlusion,0.25000000,0,-0.00031496,0
Pamela_Anderson,occlusion,0.30000000,0,-0.00058740,0
Paradorn_Srichaphan,gaussian,0.00000000,1,1.00000000,0
Paradorn_Srichaphan,gaussian,0.02000000,1,0.99551553,0
Paradorn_Srichaphan,gaussian,0.05000000,1,0.97902858,0
Paradorn_Srichaphan,gaussian,0.10000000,1,0.93271422,0
Paradorn_Srichaphan,gaussian,0.20000000,0,nan,1
Paradorn_Srichaphan,gaussian,0.30000000,0,nan,1
Paradorn_Srichaphan,brightness,1.00000000,1,1.00000000,0
Paradorn_Srichaphan,brightness,0.90000000,1,0.99955523,0
Paradorn_Srichaphan,brightness,0.80000000,1,0.99841440,0
Paradorn_Srichaphan,brightness,0.65000000,1,0.99592686,0
Paradorn_Srichaphan,brightness,0.50000000,1,0.99098998,0
Paradorn_Srichaphan,brightness,0.35000000,1,0.98595285,0
Paradorn_Srichaphan,rotation,0.00000000,1,1.00000000,0
Paradorn_Srichaphan,rotation,3.00000000,1,0.99840873,0
Paradorn_Srichaphan,rotation,6.00000000,1,0.99720168,0
Paradorn_Srichaphan,rotation,10.00000000,1,0.99531740,0
Paradorn_Srichaphan,rotation,15.00000000,1,0.99223101,0
Paradorn_Srichaphan,rotation,20.00000000,1,0.99115610,0
Paradorn_Srichaphan,blur,0.00000000,1,0.99669576,0
Paradorn_Srichaphan,blur,1.00000000,1,0.99603355,0
Paradorn_Srichaphan,blur,2.00000000,1,0.97757387,0
Paradorn_Srichaphan,blur,3.00000000,1,0.93899274,0
Paradorn_Srichaphan,blur,4.00000000,1,0.88696820,0
Paradorn_Srichaphan,blur,5.00000000,1,0.79823840,0
Paradorn_Srichaphan,occlusion,0.00000000,1,0.99968106,0
Paradorn_Srichaphan,occlusion,0.10000000,0,0.51894516,0
Paradorn_Srichaphan,occlusion,0.15000000,0,0.25329071,0
Paradorn_Srichaphan,occlusion,0.20000000,0,nan,1
Paradorn_Srichaphan,occlusion,0.25000000,0,nan,1
Paradorn_Srichaphan,occlusion,0.30000000,0,nan,1
Paul_Bremer,gaussian,0.00000000,1,1.00000000,0
Paul_Bremer,gaussian,0.02000000,1,0.98642480,0
Paul_Bremer,gaussian,0.05000000,1,0.94780016,0
Paul_Bremer,gaussian,0.10000000,1,0.84325182,0
Paul_Bremer,gaussian,0.20000000,0,nan,1
Paul_Bremer,gaussian,0.30000000,0,nan,1
Paul_Bremer,brightness,1.00000000,1,1.00000000,0
Paul_Bremer,brightness,0.90000000,1,0.99944216,0
Paul_Bremer,brightness,0.80000000,1,0.99854398,0
Paul_Bremer,brightness,0.65000000,1,0.99630278,0
Paul_Bremer,brightness,0.50000000,1,0.99049425,0
Paul_Bremer,brightness,0.35000000,1,0.97496462,0
Paul_Bremer,rotation,0.00000000,1,1.00000000,0
Paul_Bremer,rotation,3.00000000,1,0.99730974,0
Paul_Bremer,rotation,6.00000000,1,0.99697262,0
Paul_Bremer,rotation,10.00000000,1,0.99679518,0
Paul_Bremer,rotation,15.00000000,1,0.99581796,0
Paul_Bremer,rotation,20.00000000,1,0.99462104,0
Paul_Bremer,blur,0.00000000,1,0.99451125,0
Paul_Bremer,blur,1.00000000,1,0.99301213,0
Paul_Bremer,blur,2.00000000,1,0.96630961,0
Paul_Bremer,blur,3.00000000,1,0.91783881,0
Paul_Bremer,blur,4.00000000,1,0.83707595,0
Paul_Bremer,blur,5.00000000,0,0.67676270,0
Paul_Bremer,occlusion,0.00000000,1,0.99950844,0
Paul_Bremer,occlusion,0.10000000,0,0.43124193,0
Paul_Bremer,occlusion,0.15000000,0,nan,1
Paul_Bremer,occlusion,0.20000000,0,nan,1
Paul_Bremer,occlusion,0.25000000,0,nan,1
Paul_Bremer,occlusion,0.30000000,0,nan,1
Paul_Burrell,gaussian,0.00000000,1,1.00000000,0
Paul_Burrell,gaussian,0.02000000,1,0.98126942,0
Paul_Burrell,gaussian,0.05000000,1,0.93806958,0
Paul_Burrell,gaussian,0.10000000,1,0.83665717,0
Paul_Burrell,gaussian,0.20000000,0,nan,1
Paul_Burrell,gaussian,0.30000000,0,nan,1
Paul_Burrell,brightness,1.00000000,1,1.00000000,0
Paul_Burrell,brightness,0.90000000,1,0.99938631,0
Paul_Burrell,brightness,0.80000000,1,0.99825150,0
Paul_Burrell,brightness,0.65000000,1,0.99517739,0
Paul_Burrell,brightness,0.50000000,1,0.98973948,0
Paul_Burrell,brightness,0.35000000,1,0.98119444,0
Paul_Burrell,rotation,0.00000000,1,1.00000000,0
Paul_Burrell,rotation,3.00000000,1,0.99799335,0
Paul_Burrell,rotation,6.00000000,1,0.99786627,0
Paul_Burrell,rotation,10.00000000,1,0.99828261,0
Paul_Burrell,rotation,15.00000000,1,0.99511135,0
Paul_Burrell,rotation,20.00000000,1,0.99259043,0
Paul_Burrell,blur,0.00000000,1,0.99652690,0
Paul_Burrell,blur,1.00000000,1,0.99637830,0
Paul_Burrell,blur,2.00000000,1,0.97530633,0
Paul_Burrell,blur,3.00000000,1,0.91956186,0
Paul_Burrell,blur,4.00000000,1,0.85026133,0
Paul_Burrell,blur,5.00000000,1,0.78810060,0
Paul_Burrell,occlusion,0.00000000,1,0.99876678,0
Paul_Burrell,occlusion,0.10000000,0,0.41331297,0
Paul_Burrell,occlusion,0.15000000,0,nan,1
Paul_Burrell,occlusion,0.20000000,0,nan,1
Paul_Burrell,occlusion,0.25000000,0,nan,1
Paul_Burrell,occlusion,0.30000000,0,nan,1
Paul_Martin,gaussian,0.00000000,1,1.00000012,0
Paul_Martin,gaussian,0.02000000,1,0.96565723,0
Paul_Martin,gaussian,0.05000000,1,0.88903689,0
Paul_Martin,gaussian,0.10000000,1,0.81070620,0
Paul_Martin,gaussian,0.20000000,0,nan,1
Paul_Martin,gaussian,0.30000000,0,nan,1
Paul_Martin,brightness,1.00000000,1,1.00000012,0
Paul_Martin,brightness,0.90000000,1,0.99909818,0
Paul_Martin,brightness,0.80000000,1,0.99723506,0
Paul_Martin,brightness,0.65000000,1,0.99251831,0
Paul_Martin,brightness,0.50000000,1,0.98565090,0
Paul_Martin,brightness,0.35000000,1,0.97346574,0
Paul_Martin,rotation,0.00000000,1,1.00000012,0
Paul_Martin,rotation,3.00000000,1,0.99744177,0
Paul_Martin,rotation,6.00000000,1,0.99574983,0
Paul_Martin,rotation,10.00000000,1,0.99223018,0
Paul_Martin,rotation,15.00000000,1,0.98541713,0
Paul_Martin,rotation,20.00000000,1,0.97999036,0
Paul_Martin,blur,0.00000000,1,0.99706829,0
Paul_Martin,blur,1.00000000,1,0.99633479,0
Paul_Martin,blur,2.00000000,1,0.97865510,0
Paul_Martin,blur,3.00000000,1,0.92606467,0
Paul_Martin,blur,4.00000000,1,0.83166385,0
Paul_Martin,blur,5.00000000,0,0.72399688,0
Paul_Martin,occlusion,0.00000000,1,0.99740446,0
Paul_Martin,occlusion,0.10000000,0,0.36554635,0
Paul_Martin,occlusion,0.15000000,0,nan,1
Paul_Martin,occlusion,0.20000000,0,nan,1
Paul_Martin,occlusion,0.25000000,0,nan,1
Paul_Martin,occlusion,0.30000000,0,nan,1
Paul_McCartney,gaussian,0.00000000,1,1.00000000,0
Paul_McCartney,gaussian,0.02000000,1,0.98914772,0
Paul_McCartney,gaussian,0.05000000,1,0.95816028,0
Paul_McCartney,gaussian,0.10000000,1,0.88502109,0
Paul_McCartney,gaussian,0.20000000,0,nan,1
Paul_McCartney,gaussian,0.30000000,0,nan,1
Paul_McCartney,brightness,1.00000000,1,1.00000000,0
Paul_McCartney,brightness,0.90000000,1,0.99943793,0
Paul_McCartney,brightness,0.80000000,1,0.99844027,0
Paul_McCartney,brightness,0.65000000,1,0.99540961,0
Paul_McCartney,brightness,0.50000000,1,0.99002677,0
Paul_McCartney,brightness,0.35000000,1,0.98502141,0
Paul_McCartney,rotation,0.00000000,1,1.00000000,0
Paul_McCartney,rotation,3.00000000,1,0.99712241,0
Paul_McCartney,rotation,6.00000000,1,0.99643099,0
Paul_McCartney,rotation,10.00000000,1,0.99477518,0
Paul_McCartney,rotation,15.00000000,1,0.99478132,0
Paul_McCartney,rotation,20.00000000,1,0.99301970,0
Paul_McCartney,blur,0.00000000,1,0.99287653,0
Paul_McCartney,blur,1.00000000,1,0.99120849,0
Paul_McCartney,blur,2.00000000,1,0.96473670,0
Paul_McCartney,blur,3.00000000,1,0.89319009,0
Paul_McCartney,blur,4.00000000,0,0.78370452,0
Paul_McCartney,blur,5.00000000,0,0.69275784,0
Paul_McCartney,occlusion,0.00000000,1,0.99873555,0
Paul_McCartney,occlusion,0.10000000,0,0.49799177,0
Paul_McCartney,occlusion,0.15000000,0,0.14082707,0
Paul_McCartney,occlusion,0.20000000,0,nan,1
Paul_McCartney,occlusion,0.25000000,0,nan,1
Paul_McCartney,occlusion,0.30000000,0,nan,1
Paul_ONeill,gaussian,0.00000000,1,0.99999994,0
Paul_ONeill,gaussian,0.02000000,1,0.99216628,0
Paul_ONeill,gaussian,0.05000000,1,0.95209026,0
Paul_ONeill,gaussian,0.10000000,1,0.88630211,0
Paul_ONeill,gaussian,0.20000000,0,nan,1
Paul_ONeill,gaussian,0.30000000,0,nan,1
Paul_ONeill,brightness,1.00000000,1,0.99999994,0
Paul_ONeill,brightness,0.90000000,1,0.99960172,0
Paul_ONeill,brightness,0.80000000,1,0.99877852,0
Paul_ONeill,brightness,0.65000000,1,0.99644983,0
Paul_ONeill,brightness,0.50000000,1,0.99280679,0
Paul_ONeill,brightness,0.35000000,1,0.98662835,0
Paul_ONeill,rotation,0.00000000,1,0.99999994,0
Paul_ONeill,rotation,3.00000000,1,0.99743181,0
Paul_ONeill,rotation,6.00000000,1,0.99486506,0
Paul_ONeill,rotation,10.00000000,1,0.99470562,0
Paul_ONeill,rotation,15.00000000,1,0.99170882,0
Paul_ONeill,rotation,20.00000000,1,0.99024653,0
Paul_ONeill,blur,0.00000000,1,0.99089509,0
Paul_ONeill,blur,1.00000000,1,0.98922926,0
Paul_ONeill,blur,2.00000000,1,0.94660747,0
Paul_ONeill,blur,3.00000000,1,0.83646125,0
Paul_ONeill,blur,4.00000000,1,0.72279978,0
Paul_ONeill,blur,5.00000000,1,0.66716713,0
Paul_ONeill,occlusion,0.00000000,1,0.99959040,0
Paul_ONeill,occlusion,0.10000000,0,0.39137346,0
Paul_ONeill,occlusion,0.15000000,0,nan,1
Paul_ONeill,occlusion,0.20000000,0,nan,1
Paul_ONeill,occlusion,0.25000000,0,nan,1
Paul_ONeill,occlusion,0.30000000,0,nan,1
Paul_Wolfowitz,gaussian,0.00000000,1,1.00000000,0
Paul_Wolfowitz,gaussian,0.02000000,1,0.98915374,0
Paul_Wolfowitz,gaussian,0.05000000,1,0.94442081,0
Paul_Wolfowitz,gaussian,0.10000000,1,0.87600058,0
Paul_Wolfowitz,gaussian,0.20000000,0,nan,1
Paul_Wolfowitz,gaussian,0.30000000,0,nan,1
Paul_Wolfowitz,brightness,1.00000000,1,1.00000000,0
Paul_Wolfowitz,brightness,0.90000000,1,0.99953115,0
Paul_Wolfowitz,brightness,0.80000000,1,0.99885702,0
Paul_Wolfowitz,brightness,0.65000000,1,0.99640596,0
Paul_Wolfowitz,brightness,0.50000000,1,0.99223065,0
Paul_Wolfowitz,brightness,0.35000000,1,0.98242074,0
Paul_Wolfowitz,rotation,0.00000000,1,1.00000000,0
Paul_Wolfowitz,rotation,3.00000000,1,0.99702883,0
Paul_Wolfowitz,rotation,6.00000000,1,0.99465722,0
Paul_Wolfowitz,rotation,10.00000000,1,0.99261099,0
Paul_Wolfowitz,rotation,15.00000000,1,0.99281883,0
Paul_Wolfowitz,rotation,20.00000000,1,0.98140836,0
Paul_Wolfowitz,blur,0.00000000,1,0.99433959,0
Paul_Wolfowitz,blur,1.00000000,1,0.99305969,0
Paul_Wolfowitz,blur,2.00000000,1,0.95363241,0
Paul_Wolfowitz,blur,3.00000000,1,0.89120698,0
Paul_Wolfowitz,blur,4.00000000,1,0.82691550,0
Paul_Wolfowitz,blur,5.00000000,1,0.74604726,0
Paul_Wolfowitz,occlusion,0.00000000,1,0.99919856,0
Paul_Wolfowitz,occlusion,0.10000000,0,0.29908419,0
Paul_Wolfowitz,occlusion,0.15000000,0,nan,1
Paul_Wolfowitz,occlusion,0.20000000,0,nan,1
Paul_Wolfowitz,occlusion,0.25000000,0,nan,1
Paul_Wolfowitz,occlusion,0.30000000,0,nan,1
Paula_Radcliffe,gaussian,0.00000000,1,1.00000000,0
Paula_Radcliffe,gaussian,0.02000000,1,0.98581165,0
Paula_Radcliffe,gaussian,0.05000000,1,0.92317593,0
Paula_Radcliffe,gaussian,0.10000000,1,0.81837726,0
Paula_Radcliffe,gaussian,0.20000000,0,nan,1
Paula_Radcliffe,gaussian,0.30000000,0,nan,1
Paula_Radcliffe,brightness,1.00000000,1,1.00000000,0
Paula_Radcliffe,brightness,0.90000000,1,0.99934876,0
Paula_Radcliffe,brightness,0.80000000,1,0.99859035,0
Paula_Radcliffe,brightness,0.65000000,1,0.99616182,0
Paula_Radcliffe,brightness,0.50000000,1,0.99100387,0
Paula_Radcliffe,brightness,0.35000000,1,0.98107183,0
Paula_Radcliffe,rotation,0.00000000,1,1.00000000,0
Paula_Radcliffe,rotation,3.00000000,1,0.99797046,0
Paula_Radcliffe,rotation,6.00000000,1,0.99784148,0
Paula_Radcliffe,rotation,10.00000000,1,0.99670458,0
Paula_Radcliffe,rotation,15.00000000,1,0.99499977,0
Paula_Radcliffe,rotation,20.00000000,1,0.99074572,0
Paula_Radcliffe,blur,0.00000000,1,0.99524468,0
Paula_Radcliffe,blur,1.00000000,1,0.99429256,0
Paula_Radcliffe,blur,2.00000000,1,0.95895970,0
Paula_Radcliffe,blur,3.00000000,1,0.88442677,0
Paula_Radcliffe,blur,4.00000000,1,0.79949266,0
Paula_Radcliffe,blur,5.00000000,1,0.74767953,0
Paula_Radcliffe,occlusion,0.00000000,1,0.99861962,0
Paula_Radcliffe,occlusion,0.10000000,0,nan,1
Paula_Radcliffe,occlusion,0.15000000,0,nan,1
Paula_Radcliffe,occlusion,0.20000000,0,nan,1
Paula_Radcliffe,occlusion,0.25000000,0,nan,1
Paula_Radcliffe,occlusion,0.30000000,0,nan,1
Pedro_Almodovar,gaussian,0.00000000,1,1.00000012,0
Pedro_Almodovar,gaussian,0.02000000,1,0.99147880,0
Pedro_Almodovar,gaussian,0.05000000,1,0.96058416,0
Pedro_Almodovar,gaussian,0.10000000,1,0.89647400,0
Pedro_Almodovar,gaussian,0.20000000,0,nan,1
Pedro_Almodovar,gaussian,0.30000000,0,nan,1
Pedro_Almodovar,brightness,1.00000000,1,1.00000012,0
Pedro_Almodovar,brightness,0.90000000,1,0.99931324,0
Pedro_Almodovar,brightness,0.80000000,1,0.99830687,0
Pedro_Almodovar,brightness,0.65000000,1,0.99588293,0
Pedro_Almodovar,brightness,0.50000000,1,0.99193585,0
Pedro_Almodovar,brightness,0.35000000,1,0.98294979,0
Pedro_Almodovar,rotation,0.00000000,1,1.00000012,0
Pedro_Almodovar,rotation,3.00000000,1,0.99771106,0
Pedro_Almodovar,rotation,6.00000000,1,0.99728429,0
Pedro_Almodovar,rotation,10.00000000,1,0.99514377,0
Pedro_Almodovar,rotation,15.00000000,1,0.99603319,0
Pedro_Almodovar,rotation,20.00000000,1,0.99180365,0
Pedro_Almodovar,blur,0.00000000,1,0.99469978,0
Pedro_Almodovar,blur,1.00000000,1,0.99364644,0
Pedro_Almodovar,blur,2.00000000,1,0.96123904,0
Pedro_Almodovar,blur,3.00000000,1,0.90880430,0
Pedro_Almodovar,blur,4.00000000,1,0.83626729,0
Pedro_Almodovar,blur,5.00000000,1,0.70328510,0
Pedro_Almodovar,occlusion,0.00000000,1,0.99943626,0
Pedro_Almodovar,occlusion,0.10000000,0,0.25732538,0
Pedro_Almodovar,occlusion,0.15000000,0,nan,1
Pedro_Almodovar,occlusion,0.20000000,0,nan,1
Pedro_Almodovar,occlusion,0.25000000,0,nan,1
Pedro_Almodovar,occlusion,0.30000000,0,nan,1
Pedro_Malan,gaussian,0.00000000,1,1.00000000,0
Pedro_Malan,gaussian,0.02000000,1,0.98643768,0
Pedro_Malan,gaussian,0.05000000,1,0.93183100,0
Pedro_Malan,gaussian,0.10000000,1,0.85269666,0
Pedro_Malan,gaussian,0.20000000,0,nan,1
Pedro_Malan,gaussian,0.30000000,0,nan,1
Pedro_Malan,brightness,1.00000000,1,1.00000000,0
Pedro_Malan,brightness,0.90000000,1,0.99927020,0
Pedro_Malan,brightness,0.80000000,1,0.99793816,0
Pedro_Malan,brightness,0.65000000,1,0.99390441,0
Pedro_Malan,brightness,0.50000000,1,0.98610580,0
Pedro_Malan,brightness,0.35000000,1,0.97518694,0
Pedro_Malan,rotation,0.00000000,1,1.00000000,0
Pedro_Malan,rotation,3.00000000,1,0.99691623,0
Pedro_Malan,rotation,6.00000000,1,0.99729723,0
Pedro_Malan,rotation,10.00000000,1,0.99666059,0
Pedro_Malan,rotation,15.00000000,1,0.99534655,0
Pedro_Malan,rotation,20.00000000,1,0.99330652,0
Pedro_Malan,blur,0.00000000,1,0.99501145,0
Pedro_Malan,blur,1.00000000,1,0.99386585,0
Pedro_Malan,blur,2.00000000,1,0.95281315,0
Pedro_Malan,blur,3.00000000,1,0.83371544,0
Pedro_Malan,blur,4.00000000,1,0.72958440,0
Pedro_Malan,blur,5.00000000,0,0.60751969,0
Pedro_Malan,occlusion,0.00000000,1,0.99878013,0
Pedro_Malan,occlusion,0.10000000,0,0.42065167,0
Pedro_Malan,occlusion,0.15000000,0,0.15576099,0
Pedro_Malan,occlusion,0.20000000,0,nan,1
Pedro_Malan,occlusion,0.25000000,0,nan,1
Pedro_Malan,occlusion,0.30000000,0,nan,1
Pervez_Musharraf,gaussian,0.00000000,1,1.00000000,0
Pervez_Musharraf,gaussian,0.02000000,1,0.99310815,0
Pervez_Musharraf,gaussian,0.05000000,1,0.96126270,0
Pervez_Musharraf,gaussian,0.10000000,1,0.91568899,0
Pervez_Musharraf,gaussian,0.20000000,1,0.77949882,0
Pervez_Musharraf,gaussian,0.30000000,0,nan,1
Pervez_Musharraf,brightness,1.00000000,1,1.00000000,0
Pervez_Musharraf,brightness,0.90000000,1,0.99866629,0
Pervez_Musharraf,brightness,0.80000000,1,0.99652672,0
Pervez_Musharraf,brightness,0.65000000,1,0.99272156,0
Pervez_Musharraf,brightness,0.50000000,1,0.98971784,0
Pervez_Musharraf,brightness,0.35000000,1,0.98416495,0
Pervez_Musharraf,rotation,0.00000000,1,1.00000000,0
Pervez_Musharraf,rotation,3.00000000,1,0.99637437,0
Pervez_Musharraf,rotation,6.00000000,1,0.99517727,0
Pervez_Musharraf,rotation,10.00000000,1,0.99633861,0
Pervez_Musharraf,rotation,15.00000000,1,0.99555182,0
Pervez_Musharraf,rotation,20.00000000,1,0.99186510,0
Pervez_Musharraf,blur,0.00000000,1,0.99197423,0
Pervez_Musharraf,blur,1.00000000,1,0.99079615,0
Pervez_Musharraf,blur,2.00000000,1,0.95842242,0
Pervez_Musharraf,blur,3.00000000,1,0.89943552,0
Pervez_Musharraf,blur,4.00000000,1,0.80251312,0
Pervez_Musharraf,blur,5.00000000,1,0.73248631,0
Pervez_Musharraf,occlusion,0.00000000,1,0.99949181,0
Pervez_Musharraf,occlusion,0.10000000,0,0.37342721,0
Pervez_Musharraf,occlusion,0.15000000,0,0.02741398,0
Pervez_Musharraf,occlusion,0.20000000,0,nan,1
Pervez_Musharraf,occlusion,0.25000000,0,nan,1
Pervez_Musharraf,occlusion,0.30000000,0,nan,1
Pete_Sampras,gaussian,0.00000000,1,1.00000000,0
Pete_Sampras,gaussian,0.02000000,1,0.99135172,0
Pete_Sampras,gaussian,0.05000000,1,0.93370241,0
Pete_Sampras,gaussian,0.10000000,0,0.87381577,0
Pete_Sampras,gaussian,0.20000000,0,nan,1
Pete_Sampras,gaussian,0.30000000,0,nan,1
Pete_Sampras,brightness,1.00000000,1,1.00000000,0
Pete_Sampras,brightness,0.90000000,1,0.99945319,0
Pete_Sampras,brightness,0.80000000,1,0.99847364,0
Pete_Sampras,brightness,0.65000000,1,0.99498761,0
Pete_Sampras,brightness,0.50000000,1,0.98945808,0
Pete_Sampras,brightness,0.35000000,1,0.97844213,0
Pete_Sampras,rotation,0.00000000,1,1.00000000,0
Pete_Sampras,rotation,3.00000000,1,0.99830240,0
Pete_Sampras,rotation,6.00000000,1,0.99674058,0
Pete_Sampras,rotation,10.00000000,1,0.99498463,0
Pete_Sampras,rotation,15.00000000,1,0.99303955,0
Pete_Sampras,rotation,20.00000000,1,0.99133301,0
Pete_Sampras,blur,0.00000000,1,0.99647170,0
Pete_Sampras,blur,1.00000000,1,0.99573064,0
Pete_Sampras,blur,2.00000000,1,0.97007632,0
Pete_Sampras,blur,3.00000000,1,0.88987112,0
Pete_Sampras,blur,4.00000000,1,0.75495797,0
Pete_Sampras,blur,5.00000000,1,0.64144510,0
Pete_Sampras,occlusion,0.00000000,1,0.99880809,0
Pete_Sampras,occlusion,0.10000000,0,nan,1
Pete_Sampras,occlusion,0.15000000,0,nan,1
Pete_Sampras,occlusion,0.20000000,0,nan,1
Pete_Sampras,occlusion,0.25000000,0,nan,1
Pete_Sampras,occlusion,0.30000000,0,nan,1
Peter_Struck,gaussian,0.00000000,1,1.00000012,0
Peter_Struck,gaussian,0.02000000,1,0.98578155,0
Peter_Struck,gaussian,0.05000000,1,0.93158996,0
Peter_Struck,gaussian,0.10000000,1,0.86203772,0
Peter_Struck,gaussian,0.20000000,0,nan,1
Peter_Struck,gaussian,0.30000000,0,nan,1
Peter_Struck,brightness,1.00000000,1,1.00000012,0
Peter_Struck,brightness,0.90000000,1,0.99923640,0
Peter_Struck,brightness,0.80000000,1,0.99827456,0
Peter_Struck,brightness,0.65000000,1,0.99558324,0
Peter_Struck,brightness,0.50000000,1,0.99056059,0
Peter_Struck,brightness,0.35000000,1,0.97969151,0
Peter_Struck,rotation,0.00000000,1,1.00000012,0
Peter_Struck,rotation,3.00000000,1,0.99907231,0
Peter_Struck,rotation,6.00000000,1,0.99891961,0
Peter_Struck,rotation,10.00000000,1,0.99809569,0
Peter_Struck,rotation,15.00000000,1,0.99756396,0
Peter_Struck,rotation,20.00000000,1,0.99482644,0
Peter_Struck,blur,0.00000000,1,0.99780285,0
Peter_Struck,blur,1.00000000,1,0.99735200,0
Peter_Struck,blur,2.00000000,1,0.97163165,0
Peter_Struck,blur,3.00000000,1,0.90805578,0
Peter_Struck,blur,4.00000000,1,0.79691219,0
Peter_Struck,blur,5.00000000,1,0.69159138,0
Peter_Struck,occlusion,0.00000000,1,0.99871093,0
Peter_Struck,occlusion,0.10000000,0,nan,1
Peter_Struck,occlusion,0.15000000,0,nan,1
Peter_Struck,occlusion,0.20000000,0,nan,1
Peter_Struck,occlusion,0.25000000,0,nan,1
Peter_Struck,occlusion,0.30000000,0,nan,1
Pierce_Brosnan,gaussian,0.00000000,1,1.00000000,0
Pierce_Brosnan,gaussian,0.02000000,1,0.99152875,0
Pierce_Brosnan,gaussian,0.05000000,1,0.93960869,0
Pierce_Brosnan,gaussian,0.10000000,1,0.82881874,0
Pierce_Brosnan,gaussian,0.20000000,0,nan,1
Pierce_Brosnan,gaussian,0.30000000,0,nan,1
Pierce_Brosnan,brightness,1.00000000,1,1.00000000,0
Pierce_Brosnan,brightness,0.90000000,1,0.99914992,0
Pierce_Brosnan,brightness,0.80000000,1,0.99762487,0
Pierce_Brosnan,brightness,0.65000000,1,0.99461663,0
Pierce_Brosnan,brightness,0.50000000,1,0.98769224,0
Pierce_Brosnan,brightness,0.35000000,1,0.97713494,0
Pierce_Brosnan,rotation,0.00000000,1,1.00000000,0
Pierce_Brosnan,rotation,3.00000000,1,0.99395019,0
Pierce_Brosnan,rotation,6.00000000,1,0.98921895,0
Pierce_Brosnan,rotation,10.00000000,1,0.98621023,0
Pierce_Brosnan,rotation,15.00000000,1,0.98529440,0
Pierce_Brosnan,rotation,20.00000000,1,0.98249745,0
Pierce_Brosnan,blur,0.00000000,1,0.99393749,0
Pierce_Brosnan,blur,1.00000000,1,0.99273151,0
Pierce_Brosnan,blur,2.00000000,1,0.94901478,0
Pierce_Brosnan,blur,3.00000000,1,0.86587799,0
Pierce_Brosnan,blur,4.00000000,1,0.77954733,0
Pierce_Brosnan,blur,5.00000000,1,0.68845057,0
Pierce_Brosnan,occlusion,0.00000000,1,0.99917108,0
Pierce_Brosnan,occlusion,0.10000000,0,0.56037736,0
Pierce_Brosnan,occlusion,0.15000000,0,0.42302096,0
Pierce_Brosnan,occlusion,0.20000000,0,0.26185679,0
Pierce_Brosnan,occlusion,0.25000000,0,nan,1
Pierce_Brosnan,occlusion,0.30000000,0,nan,1
Prince_Charles,gaussian,0.00000000,1,1.00000000,0
Prince_Charles,gaussian,0.02000000,1,0.99191660,0
Prince_Charles,gaussian,0.05000000,1,0.96567255,0
Prince_Charles,gaussian,0.10000000,1,0.90766847,0
Prince_Charles,gaussian,0.20000000,0,nan,1
Prince_Charles,gaussian,0.30000000,0,nan,1
Prince_Charles,brightness,1.00000000,1,1.00000000,0
Prince_Charles,brightness,0.90000000,1,0.99897772,0
Prince_Charles,brightness,0.80000000,1,0.99737734,0
Prince_Charles,brightness,0.65000000,1,0.99376941,0
Prince_Charles,brightness,0.50000000,1,0.98825181,0
Prince_Charles,brightness,0.35000000,1,0.97897494,0
Prince_Charles,rotation,0.00000000,1,1.00000000,0
Prince_Charles,rotation,3.00000000,1,0.99754667,0
Prince_Charles,rotation,6.00000000,1,0.99772912,0
Prince_Charles,rotation,10.00000000,1,0.99715948,0
Prince_Charles,rotation,15.00000000,1,0.99857265,0
Prince_Charles,rotation,20.00000000,1,0.99722588,0
Prince_Charles,blur,0.00000000,1,0.99731410,0
Prince_Charles,blur,1.00000000,1,0.99657345,0
Prince_Charles,blur,2.00000000,1,0.97567546,0
Prince_Charles,blur,3.00000000,1,0.90843266,0
Prince_Charles,blur,4.00000000,1,0.83841825,0
Prince_Charles,blur,5.00000000,1,0.75876188,0
Prince_Charles,occlusion,0.00000000,1,0.99937141,0
Prince_Charles,occlusion,0.10000000,0,0.35693508,0
Prince_Charles,occlusion,0.15000000,0,nan,1
Prince_Charles,occlusion,0.20000000,0,nan,1
Prince_Charles,occlusion,0.25000000,0,nan,1
Prince_Charles,occlusion,0.30000000,0,nan,1
Princess_Caroline,gaussian,0.00000000,1,1.00000000,0
Princess_Caroline,gaussian,0.02000000,1,0.98450422,0
Princess_Caroline,gaussian,0.05000000,1,0.92885852,0
Princess_Caroline,gaussian,0.10000000,1,0.82816339,0
Princess_Caroline,gaussian,0.20000000,0,nan,1
Princess_Caroline,gaussian,0.30000000,0,nan,1
Princess_Caroline,brightness,1.00000000,1,1.00000000,0
Princess_Caroline,brightness,0.90000000,1,0.99937546,0
Princess_Caroline,brightness,0.80000000,1,0.99834812,0
Princess_Caroline,brightness,0.65000000,1,0.99653929,0
Princess_Caroline,brightness,0.50000000,1,0.99270129,0
Princess_Caroline,brightness,0.35000000,1,0.98195887,0
Princess_Caroline,rotation,0.00000000,1,1.00000000,0
Princess_Caroline,rotation,3.00000000,1,0.99642122,0
Princess_Caroline,rotation,6.00000000,1,0.99389553,0
Princess_Caroline,rotation,10.00000000,1,0.99499750,0
Princess_Caroline,rotation,15.00000000,1,0.99448693,0
Princess_Caroline,rotation,20.00000000,1,0.99108398,0
Princess_Caroline,blur,0.00000000,1,0.99538684,0
Princess_Caroline,blur,1.00000000,1,0.99433196,0
Princess_Caroline,blur,2.00000000,1,0.96411037,0
Princess_Caroline,blur,3.00000000,1,0.86485744,0
Princess_Caroline,blur,4.00000000,1,0.75100482,0
Princess_Caroline,blur,5.00000000,0,0.64740622,0
Princess_Caroline,occlusion,0.00000000,1,0.99853134,0
Princess_Caroline,occlusion,0.10000000,0,0.32624781,0
Princess_Caroline,occlusion,0.15000000,0,nan,1
Princess_Caroline,occlusion,0.20000000,0,nan,1
Princess_Caroline,occlusion,0.25000000,0,nan,1
Princess_Caroline,occlusion,0.30000000,0,nan,1
Queen_Elizabeth_II,gaussian,0.00000000,1,1.00000000,0
Queen_Elizabeth_II,gaussian,0.02000000,1,0.98513800,0
Queen_Elizabeth_II,gaussian,0.05000000,1,0.94770592,0
Queen_Elizabeth_II,gaussian,0.10000000,1,0.85305077,0
Queen_Elizabeth_II,gaussian,0.20000000,0,nan,1
Queen_Elizabeth_II,gaussian,0.30000000,0,nan,1
Queen_Elizabeth_II,brightness,1.00000000,1,1.00000000,0
Queen_Elizabeth_II,brightness,0.90000000,1,0.99909770,0
Queen_Elizabeth_II,brightness,0.80000000,1,0.99796033,0
Queen_Elizabeth_II,brightness,0.65000000,1,0.99498332,0
Queen_Elizabeth_II,brightness,0.50000000,1,0.99038565,0
Queen_Elizabeth_II,brightness,0.35000000,1,0.98319840,0
Queen_Elizabeth_II,rotation,0.00000000,1,1.00000000,0
Queen_Elizabeth_II,rotation,3.00000000,1,0.99788070,0
Queen_Elizabeth_II,rotation,6.00000000,1,0.99759555,0
Queen_Elizabeth_II,rotation,10.00000000,1,0.99471229,0
Queen_Elizabeth_II,rotation,15.00000000,1,0.99250227,0
Queen_Elizabeth_II,rotation,20.00000000,1,0.99061954,0
Queen_Elizabeth_II,blur,0.00000000,1,0.99136883,0
Queen_Elizabeth_II,blur,1.00000000,1,0.99048185,0
Queen_Elizabeth_II,blur,2.00000000,1,0.96038997,0
Queen_Elizabeth_II,blur,3.00000000,1,0.90197313,0
Queen_Elizabeth_II,blur,4.00000000,1,0.81697106,0
Queen_Elizabeth_II,blur,5.00000000,1,0.69578397,0
Queen_Elizabeth_II,occlusion,0.00000000,1,0.99867719,0
Queen_Elizabeth_II,occlusion,0.10000000,0,0.23180771,0
Queen_Elizabeth_II,occlusion,0.15000000,0,nan,1
Queen_Elizabeth_II,occlusion,0.20000000,0,nan,1
Queen_Elizabeth_II,occlusion,0.25000000,0,nan,1
Queen_Elizabeth_II,occlusion,0.30000000,0,nan,1
Queen_Rania,gaussian,0.00000000,1,1.00000000,0
Queen_Rania,gaussian,0.02000000,1,0.99026757,0
Queen_Rania,gaussian,0.05000000,1,0.94073784,0
Queen_Rania,gaussian,0.10000000,1,0.89916712,0
Queen_Rania,gaussian,0.20000000,1,0.76356536,0
Queen_Rania,gaussian,0.30000000,0,nan,1
Queen_Rania,brightness,1.00000000,1,1.00000000,0
Queen_Rania,brightness,0.90000000,1,0.99888289,0
Queen_Rania,brightness,0.80000000,1,0.99701762,0
Queen_Rania,brightness,0.65000000,1,0.99380612,0
Queen_Rania,brightness,0.50000000,1,0.98802471,0
Queen_Rania,brightness,0.35000000,1,0.97853756,0
Queen_Rania,rotation,0.00000000,1,1.00000000,0
Queen_Rania,rotation,3.00000000,1,0.99750006,0
Queen_Rania,rotation,6.00000000,1,0.99739242,0
Queen_Rania,rotation,10.00000000,1,0.99770927,0
Queen_Rania,rotation,15.00000000,1,0.99519509,0
Queen_Rania,rotation,20.00000000,1,0.99062604,0
Queen_Rania,blur,0.00000000,1,0.99468076,0
Queen_Rania,blur,1.00000000,1,0.99388295,0
Queen_Rania,blur,2.00000000,1,0.96351898,0
Queen_Rania,blur,3.00000000,1,0.89894700,0
Queen_Rania,blur,4.00000000,1,0.77411014,0
Queen_Rania,blur,5.00000000,1,0.65073681,0
Queen_Rania,occlusion,0.00000000,1,0.99889922,0
Queen_Rania,occlusion,0.10000000,0,0.35744661,0
Queen_Rania,occlusion,0.15000000,0,nan,1
Queen_Rania,occlusion,0.20000000,0,nan,1
Queen_Rania,occlusion,0.25000000,0,nan,1
Queen_Rania,occlusion,0.30000000,0,nan,1
Rainer_Schuettler,gaussian,0.00000000,1,1.00000000,0
Rainer_Schuettler,gaussian,0.02000000,1,0.98467910,0
Rainer_Schuettler,gaussian,0.05000000,1,0.93722713,0
Rainer_Schuettler,gaussian,0.10000000,1,0.84924573,0
Rainer_Schuettler,gaussian,0.20000000,0,nan,1
Rainer_Schuettler,gaussian,0.30000000,0,nan,1
Rainer_Schuettler,brightness,1.00000000,1,1.00000000,0
Rainer_Schuettler,brightness,0.90000000,1,0.99921191,0
Rainer_Schuettler,brightness,0.80000000,1,0.99787700,0
Rainer_Schuettler,brightness,0.65000000,1,0.99007201,0
Rainer_Schuettler,brightness,0.50000000,1,0.98256797,0
Rainer_Schuettler,brightness,0.35000000,1,0.97198951,0
Rainer_Schuettler,rotation,0.00000000,1,1.00000000,0
Rainer_Schuettler,rotation,3.00000000,1,0.99475074,0
Rainer_Schuettler,rotation,6.00000000,1,0.99249423,0
Rainer_Schuettler,rotation,10.00000000,1,0.99133587,0
Rainer_Schuettler,rotation,15.00000000,1,0.98353136,0
Rainer_Schuettler,rotation,20.00000000,1,0.97235471,0
Rainer_Schuettler,blur,0.00000000,1,0.99609125,0
Rainer_Schuettler,blur,1.00000000,1,0.99522722,0
Rainer_Schuettler,blur,2.00000000,1,0.97285247,0
Rainer_Schuettler,blur,3.00000000,1,0.93053991,0
Rainer_Schuettler,blur,4.00000000,1,0.86104786,0
Rainer_Schuettler,blur,5.00000000,1,0.76036167,0
Rainer_Schuettler,occlusion,0.00000000,1,0.99556684,0
Rainer_Schuettler,occlusion,0.10000000,0,0.46616852,0
Rainer_Schuettler,occlusion,0.15000000,0,nan,1
Rainer_Schuettler,occlusion,0.20000000,0,nan,1
Rainer_Schuettler,occlusion,0.25000000,0,nan,1
Rainer_Schuettler,occlusion,0.30000000,0,nan,1
Ralf_Schumacher,gaussian,0.00000000,1,1.00000000,0
Ralf_Schumacher,gaussian,0.02000000,1,0.98117757,0
Ralf_Schumacher,gaussian,0.05000000,1,0.94894630,0
Ralf_Schumacher,gaussian,0.10000000,1,0.87948424,0
Ralf_Schumacher,gaussian,0.20000000,0,nan,1
Ralf_Schumacher,gaussian,0.30000000,0,nan,1
Ralf_Schumacher,brightness,1.00000000,1,1.00000000,0
Ralf_Schumacher,brightness,0.90000000,1,0.99944472,0
Ralf_Schumacher,brightness,0.80000000,1,0.99859381,0
Ralf_Schumacher,brightness,0.65000000,1,0.99513209,0
Ralf_Schumacher,brightness,0.50000000,1,0.98910558,0
Ralf_Schumacher,brightness,0.35000000,1,0.97948319,0
Ralf_Schumacher,rotation,0.00000000,1,1.00000000,0
Ralf_Schumacher,rotation,3.00000000,1,0.99705565,0
Ralf_Schumacher,rotation,6.00000000,1,0.99664652,0
Ralf_Schumacher,rotation,10.00000000,1,0.99390733,0
Ralf_Schumacher,rotation,15.00000000,1,0.99164760,0
Ralf_Schumacher,rotation,20.00000000,1,0.98811269,0
Ralf_Schumacher,blur,0.00000000,1,0.99502969,0
Ralf_Schumacher,blur,1.00000000,1,0.99407333,0
Ralf_Schumacher,blur,2.00000000,1,0.95263380,0
Ralf_Schumacher,blur,3.00000000,1,0.85971612,0
Ralf_Schumacher,blur,4.00000000,0,0.75780910,0
Ralf_Schumacher,blur,5.00000000,0,0.66606802,0
Ralf_Schumacher,occlusion,0.00000000,1,0.99649519,0
Ralf_Schumacher,occlusion,0.10000000,0,0.26717255,0
Ralf_Schumacher,occlusion,0.15000000,0,nan,1
Ralf_Schumacher,occlusion,0.20000000,0,nan,1
Ralf_Schumacher,occlusion,0.25000000,0,nan,1
Ralf_Schumacher,occlusion,0.30000000,0,nan,1
Ray_Romano,gaussian,0.00000000,1,1.00000000,0
Ray_Romano,gaussian,0.02000000,1,0.98971343,0
Ray_Romano,gaussian,0.05000000,1,0.94684249,0
Ray_Romano,gaussian,0.10000000,0,0.87893373,0
Ray_Romano,gaussian,0.20000000,0,0.70271111,0
Ray_Romano,gaussian,0.30000000,0,nan,1
Ray_Romano,brightness,1.00000000,1,1.00000000,0
Ray_Romano,brightness,0.90000000,1,0.99939466,0
Ray_Romano,brightness,0.80000000,1,0.99825346,0
Ray_Romano,brightness,0.65000000,1,0.99525374,0
Ray_Romano,brightness,0.50000000,1,0.99068761,0
Ray_Romano,brightness,0.35000000,1,0.98495114,0
Ray_Romano,rotation,0.00000000,1,1.00000000,0
Ray_Romano,rotation,3.00000000,1,0.99714404,0
Ray_Romano,rotation,6.00000000,1,0.99672222,0
Ray_Romano,rotation,10.00000000,1,0.99410415,0
Ray_Romano,rotation,15.00000000,1,0.99469662,0
Ray_Romano,rotation,20.00000000,1,0.99345422,0
Ray_Romano,blur,0.00000000,1,0.99285412,0
Ray_Romano,blur,1.00000000,1,0.99198979,0
Ray_Romano,blur,2.00000000,1,0.95747173,0
Ray_Romano,blur,3.00000000,1,0.86434227,0
Ray_Romano,blur,4.00000000,1,0.78109980,0
Ray_Romano,blur,5.00000000,0,0.69549638,0
Ray_Romano,occlusion,0.00000000,1,0.99907976,0
Ray_Romano,occlusion,0.10000000,0,0.36031407,0
Ray_Romano,occlusion,0.15000000,0,0.16050088,0
Ray_Romano,occlusion,0.20000000,0,nan,1
Ray_Romano,occlusion,0.25000000,0,nan,1
Ray_Romano,occlusion,0.30000000,0,nan,1
Recep_Tayyip_Erdogan,gaussian,0.00000000,1,1.00000012,0
Recep_Tayyip_Erdogan,gaussian,0.02000000,1,0.98582608,0
Recep_Tayyip_Erdogan,gaussian,0.05000000,1,0.93806922,0
Recep_Tayyip_Erdogan,gaussian,0.10000000,1,0.84816301,0
Recep_Tayyip_Erdogan,gaussian,0.20000000,0,nan,1
Recep_Tayyip_Erdogan,gaussian,0.30000000,0,nan,1
Recep_Tayyip_Erdogan,brightness,1.00000000,1,1.00000012,0
Recep_Tayyip_Erdogan,brightness,0.90000000,1,0.99944806,0
Recep_Tayyip_Erdogan,brightness,0.80000000,1,0.99839568,0
Recep_Tayyip_Erdogan,brightness,0.65000000,1,0.99512577,0
Recep_Tayyip_Erdogan,brightness,0.50000000,1,0.99012613,0
Recep_Tayyip_Erdogan,brightness,0.35000000,1,0.97774351,0
Recep_Tayyip_Erdogan,rotation,0.00000000,1,1.00000012,0
Recep_Tayyip_Erdogan,rotation,3.00000000,1,0.99788928,0
Recep_Tayyip_Erdogan,rotation,6.00000000,1,0.99681133,0
Recep_Tayyip_Erdogan,rotation,10.00000000,1,0.99718451,0
Recep_Tayyip_Erdogan,rotation,15.00000000,1,0.99657571,0
Recep_Tayyip_Erdogan,rotation,20.00000000,1,0.98938292,0
Recep_Tayyip_Erdogan,blur,0.00000000,1,0.99605465,0
Recep_Tayyip_Erdogan,blur,1.00000000,1,0.99524391,0
Recep_Tayyip_Erdogan,blur,2.00000000,1,0.96452868,0
Recep_Tayyip_Erdogan,blur,3.00000000,1,0.89129925,0
Recep_Tayyip_Erdogan,blur,4.00000000,1,0.81267834,0
Recep_Tayyip_Erdogan,blur,5.00000000,0,0.71954459,0
Recep_Tayyip_Erdogan,occlusion,0.00000000,1,0.99932063,0
Recep_Tayyip_Erdogan,occlusion,0.10000000,0,0.41640580,0
Recep_Tayyip_Erdogan,occlusion,0.15000000,0,nan,1
Recep_Tayyip_Erdogan,occlusion,0.20000000,0,nan,1
Recep_Tayyip_Erdogan,occlusion,0.25000000,0,nan,1
Recep_Tayyip_Erdogan,occlusion,0.30000000,0,nan,1
Renee_Zellweger,gaussian,0.00000000,1,1.00000000,0
Renee_Zellweger,gaussian,0.02000000,1,0.97718179,0
Renee_Zellweger,gaussian,0.05000000,1,0.92991364,0
Renee_Zellweger,gaussian,0.10000000,0,0.81081188,0
Renee_Zellweger,gaussian,0.20000000,0,nan,1
Renee_Zellweger,gaussian,0.30000000,0,nan,1
Renee_Zellweger,brightness,1.00000000,1,1.00000000,0
Renee_Zellweger,brightness,0.90000000,1,0.99849105,0
Renee_Zellweger,brightness,0.80000000,1,0.99638063,0
Renee_Zellweger,brightness,0.65000000,1,0.99146950,0
Renee_Zellweger,brightness,0.50000000,1,0.98140317,0
Renee_Zellweger,brightness,0.35000000,1,0.96403384,0
Renee_Zellweger,rotation,0.00000000,1,1.00000000,0
Renee_Zellweger,rotation,3.00000000,1,0.99799037,0
Renee_Zellweger,rotation,6.00000000,1,0.99615657,0
Renee_Zellweger,rotation,10.00000000,1,0.99554276,0
Renee_Zellweger,rotation,15.00000000,1,0.99177080,0
Renee_Zellweger,rotation,20.00000000,1,0.98944855,0
Renee_Zellweger,blur,0.00000000,1,0.99667335,0
Renee_Zellweger,blur,1.00000000,1,0.99592078,0
Renee_Zellweger,blur,2.00000000,1,0.96826053,0
Renee_Zellweger,blur,3.00000000,1,0.90506262,0
Renee_Zellweger,blur,4.00000000,1,0.82466817,0
Renee_Zellweger,blur,5.00000000,1,0.71596497,0
Renee_Zellweger,occlusion,0.00000000,1,0.99843907,0
Renee_Zellweger,occlusion,0.10000000,0,0.34733039,0
Renee_Zellweger,occlusion,0.15000000,0,nan,1
Renee_Zellweger,occlusion,0.20000000,0,nan,1
Renee_Zellweger,occlusion,0.25000000,0,nan,1
Renee_Zellweger,occlusion,0.30000000,0,nan,1
Ricardo_Lagos,gaussian,0.00000000,1,1.00000000,0
Ricardo_Lagos,gaussian,0.02000000,1,0.98054063,0
Ricardo_Lagos,gaussian,0.05000000,1,0.93837136,0
Ricardo_Lagos,gaussian,0.10000000,0,nan,1
Ricardo_Lagos,gaussian,0.20000000,0,nan,1
Ricardo_Lagos,gaussian,0.30000000,0,nan,1
Ricardo_Lagos,brightness,1.00000000,1,1.00000000,0
Ricardo_Lagos,brightness,0.90000000,1,0.99933124,0
Ricardo_Lagos,brightness,0.80000000,1,0.99792516,0
Ricardo_Lagos,brightness,0.65000000,1,0.99354720,0
Ricardo_Lagos,brightness,0.50000000,1,0.98428404,0
Ricardo_Lagos,brightness,0.35000000,1,0.97633255,0
Ricardo_Lagos,rotation,0.00000000,1,1.00000000,0
Ricardo_Lagos,rotation,3.00000000,1,0.99768627,0
Ricardo_Lagos,rotation,6.00000000,1,0.99537110,0
Ricardo_Lagos,rotation,10.00000000,1,0.99043226,0
Ricardo_Lagos,rotation,15.00000000,1,0.98677862,0
Ricardo_Lagos,rotation,20.00000000,1,0.98885691,0
Ricardo_Lagos,blur,0.00000000,1,0.99588299,0
Ricardo_Lagos,blur,1.00000000,1,0.99551392,0
Ricardo_Lagos,blur,2.00000000,1,0.97870201,0
Ricardo_Lagos,blur,3.00000000,1,0.92563629,0
Ricardo_Lagos,blur,4.00000000,1,0.82735509,0
Ricardo_Lagos,blur,5.00000000,1,0.74969268,0
Ricardo_Lagos,occlusion,0.00000000,1,0.99906552,0
Ricardo_Lagos,occlusion,0.10000000,0,nan,1
Ricardo_Lagos,occlusion,0.15000000,0,nan,1
Ricardo_Lagos,occlusion,0.20000000,0,nan,1
Ricardo_Lagos,occlusion,0.25000000,0,nan,1
Ricardo_Lagos,occlusion,0.30000000,0,nan,1
Ricardo_Sanchez,gaussian,0.00000000,1,0.99999994,0
Ricardo_Sanchez,gaussian,0.02000000,1,0.99193048,0
Ricardo_Sanchez,gaussian,0.05000000,1,0.96060634,0
Ricardo_Sanchez,gaussian,0.10000000,1,0.89157403,0
Ricardo_Sanchez,gaussian,0.20000000,0,nan,1
Ricardo_Sanchez,gaussian,0.30000000,0,nan,1
Ricardo_Sanchez,brightness,1.00000000,1,0.99999994,0
Ricardo_Sanchez,brightness,0.90000000,1,0.99934554,0
Ricardo_Sanchez,brightness,0.80000000,1,0.99831510,0
Ricardo_Sanchez,brightness,0.65000000,1,0.99452734,0
Ricardo_Sanchez,brightness,0.50000000,1,0.98757517,0
Ricardo_Sanchez,brightness,0.35000000,1,0.97859281,0
Ricardo_Sanchez,rotation,0.00000000,1,0.99999994,0
Ricardo_Sanchez,rotation,3.00000000,1,0.99553859,0
Ricardo_Sanchez,rotation,6.00000000,1,0.99502844,0
Ricardo_Sanchez,rotation,10.00000000,1,0.99589074,0
Ricardo_Sanchez,rotation,15.00000000,1,0.99572313,0
Ricardo_Sanchez,rotation,20.00000000,1,0.99609667,0
Ricardo_Sanchez,blur,0.00000000,1,0.99160528,0
Ricardo_Sanchez,blur,1.00000000,1,0.99014759,0
Ricardo_Sanchez,blur,2.00000000,1,0.94459546,0
Ricardo_Sanchez,blur,3.00000000,1,0.87266147,0
Ricardo_Sanchez,blur,4.00000000,0,0.79260230,0
Ricardo_Sanchez,blur,5.00000000,0,0.66297239,0
Ricardo_Sanchez,occlusion,0.00000000,1,0.99881065,0
Ricardo_Sanchez,occlusion,0.10000000,0,nan,1
Ricardo_Sanchez,occlusion,0.15000000,0,nan,1
Ricardo_Sanchez,occlusion,0.20000000,0,nan,1
Ricardo_Sanchez,occlusion,0.25000000,0,nan,1
Ricardo_Sanchez,occlusion,0.30000000,0,nan,1
Richard_Armitage,gaussian,0.00000000,1,1.00000000,0
Richard_Armitage,gaussian,0.02000000,1,0.98778975,0
Richard_Armitage,gaussian,0.05000000,1,0.93744922,0
Richard_Armitage,gaussian,0.10000000,1,0.83649397,0
Richard_Armitage,gaussian,0.20000000,0,nan,1
Richard_Armitage,gaussian,0.30000000,0,nan,1
Richard_Armitage,brightness,1.00000000,1,1.00000000,0
Richard_Armitage,brightness,0.90000000,1,0.99904102,0
Richard_Armitage,brightness,0.80000000,1,0.99768043,0
Richard_Armitage,brightness,0.65000000,1,0.99479640,0
Richard_Armitage,brightness,0.50000000,1,0.98887217,0
Richard_Armitage,brightness,0.35000000,1,0.97711968,0
Richard_Armitage,rotation,0.00000000,1,1.00000000,0
Richard_Armitage,rotation,3.00000000,1,0.99867803,0
Richard_Armitage,rotation,6.00000000,1,0.99762475,0
Richard_Armitage,rotation,10.00000000,1,0.99825299,0
Richard_Armitage,rotation,15.00000000,1,0.99729788,0
Richard_Armitage,rotation,20.00000000,1,0.99552745,0
Richard_Armitage,blur,0.00000000,1,0.99764204,0
Richard_Armitage,blur,1.00000000,1,0.99719858,0
Richard_Armitage,blur,2.00000000,1,0.97878796,0
Richard_Armitage,blur,3.00000000,1,0.91503114,0
Richard_Armitage,blur,4.00000000,1,0.82219791,0
Richard_Armitage,blur,5.00000000,1,0.73794973,0
Richard_Armitage,occlusion,0.00000000,1,0.99832624,0
Richard_Armitage,occlusion,0.10000000,0,nan,1
Richard_Armitage,occlusion,0.15000000,0,nan,1
Richard_Armitage,occlusion,0.20000000,0,nan,1
Richard_Armitage,occlusion,0.25000000,0,nan,1
Richard_Armitage,occlusion,0.30000000,0,nan,1
Richard_Gephardt,gaussian,0.00000000,1,1.00000024,0
Richard_Gephardt,gaussian,0.02000000,1,0.98526120,0
Richard_Gephardt,gaussian,0.05000000,1,0.94588763,0
Richard_Gephardt,gaussian,0.10000000,1,0.85790133,0
Richard_Gephardt,gaussian,0.20000000,0,nan,1
Richard_Gephardt,gaussian,0.30000000,0,nan,1
Richard_Gephardt,brightness,1.00000000,1,1.00000024,0
Richard_Gephardt,brightness,0.90000000,1,0.99934280,0
Richard_Gephardt,brightness,0.80000000,1,0.99856949,0
Richard_Gephardt,brightness,0.65000000,1,0.99630469,0
Richard_Gephardt,brightness,0.50000000,1,0.99301910,0
Richard_Gephardt,brightness,0.35000000,1,0.98457378,0
Richard_Gephardt,rotation,0.00000000,1,1.00000024,0
Richard_Gephardt,rotation,3.00000000,1,0.99761140,0
Richard_Gephardt,rotation,6.00000000,1,0.99695802,0
Richard_Gephardt,rotation,10.00000000,1,0.99728090,0
Richard_Gephardt,rotation,15.00000000,1,0.99456245,0
Richard_Gephardt,rotation,20.00000000,1,0.99394178,0
Richard_Gephardt,blur,0.00000000,1,0.99768537,0
Richard_Gephardt,blur,1.00000000,1,0.99706447,0
Richard_Gephardt,blur,2.00000000,1,0.97842562,0
Richard_Gephardt,blur,3.00000000,1,0.91031510,0
Richard_Gephardt,blur,4.00000000,1,0.81213331,0
Richard_Gephardt,blur,5.00000000,1,0.71076304,0
Richard_Gephardt,occlusion,0.00000000,1,0.99923027,0
Richard_Gephardt,occlusion,0.10000000,0,nan,1
Richard_Gephardt,occlusion,0.15000000,0,nan,1
Richard_Gephardt,occlusion,0.20000000,0,nan,1
Richard_Gephardt,occlusion,0.25000000,0,nan,1
Richard_Gephardt,occlusion,0.30000000,0,nan,1
Richard_Gere,gaussian,0.00000000,1,1.00000000,0
Richard_Gere,gaussian,0.02000000,1,0.98632014,0
Richard_Gere,gaussian,0.05000000,1,0.93266082,0
Richard_Gere,gaussian,0.10000000,0,nan,1
Richard_Gere,gaussian,0.20000000,0,nan,1
Richard_Gere,gaussian,0.30000000,0,nan,1
Richard_Gere,brightness,1.00000000,1,1.00000000,0
Richard_Gere,brightness,0.90000000,1,0.99938840,0
Richard_Gere,brightness,0.80000000,1,0.99836940,0
Richard_Gere,brightness,0.65000000,1,0.99533951,0
Richard_Gere,brightness,0.50000000,1,0.98979115,0
Richard_Gere,brightness,0.35000000,1,0.98023236,0
Richard_Gere,rotation,0.00000000,1,1.00000000,0
Richard_Gere,rotation,3.00000000,1,0.99795640,0
Richard_Gere,rotation,6.00000000,1,0.99446410,0
Richard_Gere,rotation,10.00000000,1,0.98168087,0
Richard_Gere,rotation,15.00000000,1,0.97725070,0
Richard_Gere,rotation,20.00000000,1,0.96371824,0
Richard_Gere,blur,0.00000000,1,0.99683344,0
Richard_Gere,blur,1.00000000,1,0.99604928,0
Richard_Gere,blur,2.00000000,1,0.97319376,0
Richard_Gere,blur,3.00000000,1,0.92487502,0
Richard_Gere,blur,4.00000000,1,0.83887553,0
Richard_Gere,blur,5.00000000,1,0.73722714,0
Richard_Gere,occlusion,0.00000000,1,0.99887127,0
Richard_Gere,occlusion,0.10000000,0,nan,1
Richard_Gere,occlusion,0.15000000,0,nan,1
Richard_Gere,occlusion,0.20000000,0,nan,1
Richard_Gere,occlusion,0.25000000,0,nan,1
Richard_Gere,occlusion,0.30000000,0,nan,1
Richard_Virenque,gaussian,0.00000000,1,0.99999988,0
Richard_Virenque,gaussian,0.02000000,1,0.97717381,0
Richard_Virenque,gaussian,0.05000000,1,0.91390854,0
Richard_Virenque,gaussian,0.10000000,1,0.77892673,0
Richard_Virenque,gaussian,0.20000000,0,nan,1
Richard_Virenque,gaussian,0.30000000,0,nan,1
Richard_Virenque,brightness,1.00000000,1,0.99999988,0
Richard_Virenque,brightness,0.90000000,1,0.99865377,0
Richard_Virenque,brightness,0.80000000,1,0.99651712,0
Richard_Virenque,brightness,0.65000000,1,0.99120712,0
Richard_Virenque,brightness,0.50000000,1,0.98695230,0
Richard_Virenque,brightness,0.35000000,1,0.97215778,0
Richard_Virenque,rotation,0.00000000,1,0.99999988,0
Richard_Virenque,rotation,3.00000000,1,0.99668550,0
Richard_Virenque,rotation,6.00000000,1,0.99308914,0
Richard_Virenque,rotation,10.00000000,1,0.99233264,0
Richard_Virenque,rotation,15.00000000,1,0.99032325,0
Richard_Virenque,rotation,20.00000000,1,0.98801142,0
Richard_Virenque,blur,0.00000000,1,0.98970777,0
Richard_Virenque,blur,1.00000000,1,0.98765683,0
Richard_Virenque,blur,2.00000000,1,0.93620765,0
Richard_Virenque,blur,3.00000000,1,0.82855737,0
Richard_Virenque,blur,4.00000000,1,0.70447087,0
Richard_Virenque,blur,5.00000000,0,0.58163381,0
Richard_Virenque,occlusion,0.00000000,1,0.99778807,0
Richard_Virenque,occlusion,0.10000000,0,0.28896928,0
Richard_Virenque,occlusion,0.15000000,0,0.19574124,0
Richard_Virenque,occlusion,0.20000000,0,nan,1
Richard_Virenque,occlusion,0.25000000,0,nan,1
Richard_Virenque,occlusion,0.30000000,0,nan,1
Rick_Perry,gaussian,0.00000000,1,1.00000012,0
Rick_Perry,gaussian,0.02000000,1,0.98077047,0
Rick_Perry,gaussian,0.05000000,1,0.92680830,0
Rick_Perry,gaussian,0.10000000,0,0.80490577,0
Rick_Perry,gaussian,0.20000000,0,nan,1
Rick_Perry,gaussian,0.30000000,0,nan,1
Rick_Perry,brightness,1.00000000,1,1.00000012,0
Rick_Perry,brightness,0.90000000,1,0.99885589,0
Rick_Perry,brightness,0.80000000,1,0.99748349,0
Rick_Perry,brightness,0.65000000,1,0.99425626,0
Rick_Perry,brightness,0.50000000,1,0.98816198,0
Rick_Perry,brightness,0.35000000,1,0.97887552,0
Rick_Perry,rotation,0.00000000,1,1.00000012,0
Rick_Perry,rotation,3.00000000,1,0.99763167,0
Rick_Perry,rotation,6.00000000,1,0.99792767,0
Rick_Perry,rotation,10.00000000,1,0.99659586,0
Rick_Perry,rotation,15.00000000,1,0.99381912,0
Rick_Perry,rotation,20.00000000,1,0.99258810,0
Rick_Perry,blur,0.00000000,1,0.99483097,0
Rick_Perry,blur,1.00000000,1,0.99329984,0
Rick_Perry,blur,2.00000000,1,0.95743281,0
Rick_Perry,blur,3.00000000,0,0.86771119,0
Rick_Perry,blur,4.00000000,0,0.75226045,0
Rick_Perry,blur,5.00000000,0,0.65362722,0
Rick_Perry,occlusion,0.00000000,1,0.99871165,0
Rick_Perry,occlusion,0.10000000,0,nan,1
Rick_Perry,occlusion,0.15000000,0,nan,1
Rick_Perry,occlusion,0.20000000,0,nan,1
Rick_Perry,occlusion,0.25000000,0,nan,1
Rick_Perry,occlusion,0.30000000,0,nan,1
Rob_Marshall,gaussian,0.00000000,1,1.00000000,0
Rob_Marshall,gaussian,0.02000000,1,0.98918289,0
Rob_Marshall,gaussian,0.05000000,1,0.96154296,0
Rob_Marshall,gaussian,0.10000000,1,0.90879834,0
Rob_Marshall,gaussian,0.20000000,0,nan,1
Rob_Marshall,gaussian,0.30000000,0,nan,1
Rob_Marshall,brightness,1.00000000,1,1.00000000,0
Rob_Marshall,brightness,0.90000000,1,0.99947947,0
Rob_Marshall,brightness,0.80000000,1,0.99845970,0
Rob_Marshall,brightness,0.65000000,1,0.99683148,0
Rob_Marshall,brightness,0.50000000,1,0.99371618,0
Rob_Marshall,brightness,0.35000000,1,0.98547578,0
Rob_Marshall,rotation,0.00000000,1,1.00000000,0
Rob_Marshall,rotation,3.00000000,1,0.99817425,0
Rob_Marshall,rotation,6.00000000,1,0.99807841,0
Rob_Marshall,rotation,10.00000000,1,0.99733871,0
Rob_Marshall,rotation,15.00000000,1,0.99679488,0
Rob_Marshall,rotation,20.00000000,1,0.99281418,0
Rob_Marshall,blur,0.00000000,1,0.99570668,0
Rob_Marshall,blur,1.00000000,1,0.99476373,0
Rob_Marshall,blur,2.00000000,1,0.96771008,0
Rob_Marshall,blur,3.00000000,1,0.91861379,0
Rob_Marshall,blur,4.00000000,1,0.81360662,0
Rob_Marshall,blur,5.00000000,1,0.68161833,0
Rob_Marshall,occlusion,0.00000000,1,0.99831730,0
Rob_Marshall,occlusion,0.10000000,0,0.32853985,0
Rob_Marshall,occlusion,0.15000000,0,nan,1
Rob_Marshall,occlusion,0.20000000,0,nan,1
Rob_Marshall,occlusion,0.25000000,0,nan,1
Rob_Marshall,occlusion,0.30000000,0,nan,1
Robert_Blake,gaussian,0.00000000,1,1.00000000,0
Robert_Blake,gaussian,0.02000000,1,0.98915994,0
Robert_Blake,gaussian,0.05000000,1,0.95005792,0
Robert_Blake,gaussian,0.10000000,1,0.81281352,0
Robert_Blake,gaussian,0.20000000,0,nan,1
Robert_Blake,gaussian,0.30000000,0,nan,1
Robert_Blake,brightness,1.00000000,1,1.00000000,0
Robert_Blake,brightness,0.90000000,1,0.99885333,0
Robert_Blake,brightness,0.80000000,1,0.99680996,0
Robert_Blake,brightness,0.65000000,1,0.99293965,0
Robert_Blake,brightness,0.50000000,1,0.98460764,0
Robert_Blake,brightness,0.35000000,1,0.97086948,0
Robert_Blake,rotation,0.00000000,1,1.00000000,0
Robert_Blake,rotation,3.00000000,1,0.99679977,0
Robert_Blake,rotation,6.00000000,1,0.99542385,0
Robert_Blake,rotation,10.00000000,1,0.99182665,0
Robert_Blake,rotation,15.00000000,1,0.98853588,0
Robert_Blake,rotation,20.00000000,1,0.98582965,0
Robert_Blake,blur,0.00000000,1,0.99083889,0
Robert_Blake,blur,1.00000000,1,0.98917580,0
Robert_Blake,blur,2.00000000,1,0.93748534,0
Robert_Blake,blur,3.00000000,1,0.82380760,0
Robert_Blake,blur,4.00000000,0,0.72736657,0
Robert_Blake,blur,5.00000000,1,0.64258480,0
Robert_Blake,occlusion,0.00000000,1,0.99841952,0
Robert_Blake,occlusion,0.10000000,0,0.35380483,0
Robert_Blake,occlusion,0.15000000,0,nan,1
Robert_Blake,occlusion,0.20000000,0,nan,1
Robert_Blake,occlusion,0.25000000,0,nan,1
Robert_Blake,occlusion,0.30000000,0,nan,1
Robert_De_Niro,gaussian,0.00000000,1,0.99999988,0
Robert_De_Niro,gaussian,0.02000000,1,0.99029815,0
Robert_De_Niro,gaussian,0.05000000,1,0.95490944,0
Robert_De_Niro,gaussian,0.10000000,1,0.89540195,0
Robert_De_Niro,gaussian,0.20000000,0,nan,1
Robert_De_Niro,gaussian,0.30000000,0,nan,1
Robert_De_Niro,brightness,1.00000000,1,0.99999988,0
Robert_De_Niro,brightness,0.90000000,1,0.99935621,0
Robert_De_Niro,brightness,0.80000000,1,0.99831051,0
Robert_De_Niro,brightness,0.65000000,1,0.99485779,0
Robert_De_Niro,brightness,0.50000000,1,0.98656356,0
Robert_De_Niro,brightness,0.35000000,1,0.97263938,0
Robert_De_Niro,rotation,0.00000000,1,0.99999988,0
Robert_De_Niro,rotation,3.00000000,1,0.99785501,0
Robert_De_Niro,rotation,6.00000000,1,0.99729681,0
Robert_De_Niro,rotation,10.00000000,1,0.99688560,0
Robert_De_Niro,rotation,15.00000000,1,0.99431205,0
Robert_De_Niro,rotation,20.00000000,1,0.99284589,0
Robert_De_Niro,blur,0.00000000,1,0.99491733,0
Robert_De_Niro,blur,1.00000000,1,0.99397957,0
Robert_De_Niro,blur,2.00000000,1,0.95765299,0
Robert_De_Niro,blur,3.00000000,1,0.89240181,0
Robert_De_Niro,blur,4.00000000,1,0.76751840,0
Robert_De_Niro,blur,5.00000000,0,0.62824655,0
Robert_De_Niro,occlusion,0.00000000,1,0.99858856,0
Robert_De_Niro,occlusion,0.10000000,0,0.28999287,0
Robert_De_Niro,occlusion,0.15000000,0,nan,1
Robert_De_Niro,occlusion,0.20000000,0,nan,1
Robert_De_Niro,occlusion,0.25000000,0,nan,1
Robert_De_Niro,occlusion,0.30000000,0,nan,1
Robert_Duvall,gaussian,0.00000000,1,1.00000012,0
Robert_Duvall,gaussian,0.02000000,1,0.98729682,0
Robert_Duvall,gaussian,0.05000000,1,0.94665611,0
Robert_Duvall,gaussian,0.10000000,1,0.83312726,0
Robert_Duvall,gaussian,0.20000000,0,nan,1
Robert_Duvall,gaussian,0.30000000,0,nan,1
Robert_Duvall,brightness,1.00000000,1,1.00000012,0
Robert_Duvall,brightness,0.90000000,1,0.99935937,0
Robert_Duvall,brightness,0.80000000,1,0.99834597,0
Robert_Duvall,brightness,0.65000000,1,0.99622822,0
Robert_Duvall,brightness,0.50000000,1,0.99161214,0
Robert_Duvall,brightness,0.35000000,1,0.98382938,0
Robert_Duvall,rotation,0.00000000,1,1.00000012,0
Robert_Duvall,rotation,3.00000000,1,0.99749398,0
Robert_Duvall,rotation,6.00000000,1,0.99589568,0
Robert_Duvall,rotation,10.00000000,1,0.99299920,0
Robert_Duvall,rotation,15.00000000,1,0.99100012,0
Robert_Duvall,rotation,20.00000000,1,0.98863775,0
Robert_Duvall,blur,0.00000000,1,0.99498415,0
Robert_Duvall,blur,1.00000000,1,0.99414647,0
Robert_Duvall,blur,2.00000000,1,0.96648592,0
Robert_Duvall,blur,3.00000000,1,0.90172446,0
Robert_Duvall,blur,4.00000000,1,0.78074408,0
Robert_Duvall,blur,5.00000000,1,0.66659105,0
Robert_Duvall,occlusion,0.00000000,1,0.99858105,0
Robert_Duvall,occlusion,0.10000000,0,-0.02163572,0
Robert_Duvall,occlusion,0.15000000,0,-0.02050021,0
Robert_Duvall,occlusion,0.20000000,0,-0.02081292,0
Robert_Duvall,occlusion,0.25000000,0,-0.02165579,0
Robert_Duvall,occlusion,0.30000000,0,-0.02197769,0
Robert_Kocharian,gaussian,0.00000000,1,1.00000012,0
Robert_Kocharian,gaussian,0.02000000,1,0.98830551,0
Robert_Kocharian,gaussian,0.05000000,1,0.94490081,0
Robert_Kocharian,gaussian,0.10000000,1,0.87291658,0
Robert_Kocharian,gaussian,0.20000000,0,nan,1
Robert_Kocharian,gaussian,0.30000000,0,nan,1
Robert_Kocharian,brightness,1.00000000,1,1.00000012,0
Robert_Kocharian,brightness,0.90000000,1,0.99954003,0
Robert_Kocharian,brightness,0.80000000,1,0.99853039,0
Robert_Kocharian,brightness,0.65000000,1,0.99557781,0
Robert_Kocharian,brightness,0.50000000,1,0.99013215,0
Robert_Kocharian,brightness,0.35000000,1,0.98231101,0
Robert_Kocharian,rotation,0.00000000,1,1.00000012,0
Robert_Kocharian,rotation,3.00000000,1,0.99782634,0
Robert_Kocharian,rotation,6.00000000,1,0.99638557,0
Robert_Kocharian,rotation,10.00000000,1,0.99410415,0
Robert_Kocharian,rotation,15.00000000,1,0.98810858,0
Robert_Kocharian,rotation,20.00000000,1,0.98787570,0
Robert_Kocharian,blur,0.00000000,1,0.99425626,0
Robert_Kocharian,blur,1.00000000,1,0.99330354,0
Robert_Kocharian,blur,2.00000000,1,0.95493674,0
Robert_Kocharian,blur,3.00000000,1,0.88643110,0
Robert_Kocharian,blur,4.00000000,1,0.81889361,0
Robert_Kocharian,blur,5.00000000,1,0.74329388,0
Robert_Kocharian,occlusion,0.00000000,1,0.99858785,0
Robert_Kocharian,occlusion,0.10000000,0,0.21145034,0
Robert_Kocharian,occlusion,0.15000000,0,nan,1
Robert_Kocharian,occlusion,0.20000000,0,nan,1
Robert_Kocharian,occlusion,0.25000000,0,nan,1
Robert_Kocharian,occlusion,0.30000000,0,nan,1
Robert_Mueller,gaussian,0.00000000,1,0.99999994,0
Robert_Mueller,gaussian,0.02000000,1,0.99149173,0
Robert_Mueller,gaussian,0.05000000,1,0.96118218,0
Robert_Mueller,gaussian,0.10000000,1,0.91354251,0
Robert_Mueller,gaussian,0.20000000,0,nan,1
Robert_Mueller,gaussian,0.30000000,0,nan,1
Robert_Mueller,brightness,1.00000000,1,0.99999994,0
Robert_Mueller,brightness,0.90000000,1,0.99931788,0
Robert_Mueller,brightness,0.80000000,1,0.99795252,0
Robert_Mueller,brightness,0.65000000,1,0.99478328,0
Robert_Mueller,brightness,0.50000000,1,0.98930681,0
Robert_Mueller,brightness,0.35000000,1,0.98267579,0
Robert_Mueller,rotation,0.00000000,1,0.99999994,0
Robert_Mueller,rotation,3.00000000,1,0.99862289,0
Robert_Mueller,rotation,6.00000000,1,0.99764782,0
Robert_Mueller,rotation,10.00000000,1,0.99788404,0
Robert_Mueller,rotation,15.00000000,1,0.99766707,0
Robert_Mueller,rotation,20.00000000,1,0.99738228,0
Robert_Mueller,blur,0.00000000,1,0.99749058,0
Robert_Mueller,blur,1.00000000,1,0.99702752,0
Robert_Mueller,blur,2.00000000,1,0.97174096,0
Robert_Mueller,blur,3.00000000,1,0.91288435,0
Robert_Mueller,blur,4.00000000,1,0.84249270,0
Robert_Mueller,blur,5.00000000,1,0.77381998,0
Robert_Mueller,occlusion,0.00000000,1,0.99954462,0
Robert_Mueller,occlusion,0.10000000,1,0.51761574,0
Robert_Mueller,occlusion,0.15000000,0,nan,1
Robert_Mueller,occlusion,0.20000000,0,nan,1
Robert_Mueller,occlusion,0.25000000,0,nan,1
Robert_Mueller,occlusion,0.30000000,0,nan,1
Robert_Redford,gaussian,0.00000000,1,1.00000000,0
Robert_Redford,gaussian,0.02000000,1,0.98873103,0
Robert_Redford,gaussian,0.05000000,1,0.95674491,0
Robert_Redford,gaussian,0.10000000,1,0.87487602,0
Robert_Redford,gaussian,0.20000000,0,nan,1
Robert_Redford,gaussian,0.30000000,0,nan,1
Robert_Redford,brightness,1.00000000,1,1.00000000,0
Robert_Redford,brightness,0.90000000,1,0.99941570,0
Robert_Redford,brightness,0.80000000,1,0.99843383,0
Robert_Redford,brightness,0.65000000,1,0.99631524,0
Robert_Redford,brightness,0.50000000,1,0.99209905,0
Robert_Redford,brightness,0.35000000,1,0.98441589,0
Robert_Redford,rotation,0.00000000,1,1.00000000,0
Robert_Redford,rotation,3.00000000,1,0.99726295,0
Robert_Redford,rotation,6.00000000,1,0.99685186,0
Robert_Redford,rotation,10.00000000,1,0.99730349,0
Robert_Redford,rotation,15.00000000,1,0.99694371,0
Robert_Redford,rotation,20.00000000,1,0.99444723,0
Robert_Redford,blur,0.00000000,1,0.99440140,0
Robert_Redford,blur,1.00000000,1,0.99284446,0
Robert_Redford,blur,2.00000000,1,0.95796216,0
Robert_Redford,blur,3.00000000,1,0.87363178,0
Robert_Redford,blur,4.00000000,1,0.78448260,0
Robert_Redford,blur,5.00000000,0,0.70290518,0
Robert_Redford,occlusion,0.00000000,1,0.99833184,0
Robert_Redford,occlusion,0.10000000,0,-0.00114815,0
Robert_Redford,occlusion,0.15000000,0,-0.00594937,0
Robert_Redford,occlusion,0.20000000,0,-0.01368085,0
Robert_Redford,occlusion,0.25000000,0,-0.01053662,0
Robert_Redford,occlusion,0.30000000,0,-0.02450679,0
Robert_Zoellick,gaussian,0.00000000,1,0.99999994,0
Robert_Zoellick,gaussian,0.02000000,1,0.98350179,0
Robert_Zoellick,gaussian,0.05000000,1,0.93744516,0
Robert_Zoellick,gaussian,0.10000000,0,0.84759754,0
Robert_Zoellick,gaussian,0.20000000,0,nan,1
Robert_Zoellick,gaussian,0.30000000,0,nan,1
Robert_Zoellick,brightness,1.00000000,1,0.99999994,0
Robert_Zoellick,brightness,0.90000000,1,0.99912572,0
Robert_Zoellick,brightness,0.80000000,1,0.99762923,0
Robert_Zoellick,brightness,0.65000000,1,0.99327922,0
Robert_Zoellick,brightness,0.50000000,1,0.98757392,0
Robert_Zoellick,brightness,0.35000000,1,0.97760940,0
Robert_Zoellick,rotation,0.00000000,1,0.99999994,0
Robert_Zoellick,rotation,3.00000000,1,0.99646366,0
Robert_Zoellick,rotation,6.00000000,1,0.99483031,0
Robert_Zoellick,rotation,10.00000000,1,0.99438214,0
Robert_Zoellick,rotation,15.00000000,1,0.99111235,0
Robert_Zoellick,rotation,20.00000000,1,0.98275012,0
Robert_Zoellick,blur,0.00000000,1,0.99678564,0
Robert_Zoellick,blur,1.00000000,1,0.99626577,0
Robert_Zoellick,blur,2.00000000,1,0.97387075,0
Robert_Zoellick,blur,3.00000000,1,0.92122328,0
Robert_Zoellick,blur,4.00000000,1,0.86136198,0
Robert_Zoellick,blur,5.00000000,1,0.78320783,0
Robert_Zoellick,occlusion,0.00000000,1,0.99835819,0
Robert_Zoellick,occlusion,0.10000000,0,0.41919735,0
Robert_Zoellick,occlusion,0.15000000,0,0.21469297,0
Robert_Zoellick,occlusion,0.20000000,0,nan,1
Robert_Zoellick,occlusion,0.25000000,0,nan,1
Robert_Zoellick,occlusion,0.30000000,0,nan,1
Roger_Federer,gaussian,0.00000000,1,0.99999994,0
Roger_Federer,gaussian,0.02000000,1,0.98912215,0
Roger_Federer,gaussian,0.05000000,1,0.95457703,0
Roger_Federer,gaussian,0.10000000,1,0.89689612,0
Roger_Federer,gaussian,0.20000000,0,nan,1
Roger_Federer,gaussian,0.30000000,0,nan,1
Roger_Federer,brightness,1.00000000,1,0.99999994,0
Roger_Federer,brightness,0.90000000,1,0.99945813,0
Roger_Federer,brightness,0.80000000,1,0.99837005,0
Roger_Federer,brightness,0.65000000,1,0.99459392,0
Roger_Federer,brightness,0.50000000,1,0.98894703,0
Roger_Federer,brightness,0.35000000,1,0.98207474,0
Roger_Federer,rotation,0.00000000,1,0.99999994,0
Roger_Federer,rotation,3.00000000,1,0.99826759,0
Roger_Federer,rotation,6.00000000,1,0.99785006,0
Roger_Federer,rotation,10.00000000,1,0.99717569,0
Roger_Federer,rotation,15.00000000,1,0.99641359,0
Roger_Federer,rotation,20.00000000,1,0.99188268,0
Roger_Federer,blur,0.00000000,1,0.99651897,0
Roger_Federer,blur,1.00000000,1,0.99624944,0
Roger_Federer,blur,2.00000000,1,0.97814500,0
Roger_Federer,blur,3.00000000,1,0.92103666,0
Roger_Federer,blur,4.00000000,1,0.81014365,0
Roger_Federer,blur,5.00000000,0,0.70969051,0
Roger_Federer,occlusion,0.00000000,1,0.99899542,0
Roger_Federer,occlusion,0.10000000,0,0.38844651,0
Roger_Federer,occlusion,0.15000000,0,nan,1
Roger_Federer,occlusion,0.20000000,0,nan,1
Roger_Federer,occlusion,0.25000000,0,nan,1
Roger_Federer,occlusion,0.30000000,0,nan,1
Roger_Moore,gaussian,0.00000000,1,1.00000000,0
Roger_Moore,gaussian,0.02000000,1,0.98425710,0
Roger_Moore,gaussian,0.05000000,1,0.93634135,0
Roger_Moore,gaussian,0.10000000,1,0.86931741,0
Roger_Moore,gaussian,0.20000000,0,nan,1
Roger_Moore,gaussian,0.30000000,0,nan,1
Roger_Moore,brightness,1.00000000,1,1.00000000,0
Roger_Moore,brightness,0.90000000,1,0.99946696,0
Roger_Moore,brightness,0.80000000,1,0.99861658,0
Roger_Moore,brightness,0.65000000,1,0.99581206,0
Roger_Moore,brightness,0.50000000,1,0.98861307,0
Roger_Moore,brightness,0.35000000,1,0.97998333,0
Roger_Moore,rotation,0.00000000,1,1.00000000,0
Roger_Moore,rotation,3.00000000,1,0.99817652,0
Roger_Moore,rotation,6.00000000,1,0.99667430,0
Roger_Moore,rotation,10.00000000,1,0.99536550,0
Roger_Moore,rotation,15.00000000,1,0.99533135,0
Roger_Moore,rotation,20.00000000,1,0.99168581,0
Roger_Moore,blur,0.00000000,1,0.99450594,0
Roger_Moore,blur,1.00000000,1,0.99336451,0
Roger_Moore,blur,2.00000000,1,0.95970869,0
Roger_Moore,blur,3.00000000,1,0.87477219,0
Roger_Moore,blur,4.00000000,1,0.72826511,0
Roger_Moore,blur,5.00000000,0,0.63591260,0
Roger_Moore,occlusion,0.00000000,1,0.99801308,0
Roger_Moore,occlusion,0.10000000,0,0.41015288,0
Roger_Moore,occlusion,0.15000000,0,nan,1
Roger_Moore,occlusion,0.20000000,0,nan,1
Roger_Moore,occlusion,0.25000000,0,nan,1
Roger_Moore,occlusion,0.30000000,0,nan,1
Roh_Moo-hyun,gaussian,0.00000000,1,0.99999988,0
Roh_Moo-hyun,gaussian,0.02000000,1,0.99222523,0
Roh_Moo-hyun,gaussian,0.05000000,1,0.96723390,0
Roh_Moo-hyun,gaussian,0.10000000,1,0.91706747,0
Roh_Moo-hyun,gaussian,0.20000000,0,nan,1
Roh_Moo-hyun,gaussian,0.30000000,0,nan,1
Roh_Moo-hyun,brightness,1.00000000,1,0.99999988,0
Roh_Moo-hyun,brightness,0.90000000,1,0.99948817,0
Roh_Moo-hyun,brightness,0.80000000,1,0.99860394,0
Roh_Moo-hyun,brightness,0.65000000,1,0.99625069,0
Roh_Moo-hyun,brightness,0.50000000,1,0.99225396,0
Roh_Moo-hyun,brightness,0.35000000,1,0.98585284,0
Roh_Moo-hyun,rotation,0.00000000,1,0.99999988,0
Roh_Moo-hyun,rotation,3.00000000,1,0.99862540,0
Roh_Moo-hyun,rotation,6.00000000,1,0.99840838,0
Roh_Moo-hyun,rotation,10.00000000,1,0.99861926,0
Roh_Moo-hyun,rotation,15.00000000,1,0.99876952,0
Roh_Moo-hyun,rotation,20.00000000,1,0.99859393,0
Roh_Moo-hyun,blur,0.00000000,1,0.99675155,0
Roh_Moo-hyun,blur,1.00000000,1,0.99608058,0
Roh_Moo-hyun,blur,2.00000000,1,0.97293139,0
Roh_Moo-hyun,blur,3.00000000,1,0.87922096,0
Roh_Moo-hyun,blur,4.00000000,1,0.77047992,0
Roh_Moo-hyun,blur,5.00000000,0,0.68909967,0
Roh_Moo-hyun,occlusion,0.00000000,1,0.99934280,0
Roh_Moo-hyun,occlusion,0.10000000,0,0.45067984,0
Roh_Moo-hyun,occlusion,0.15000000,0,nan,1
Roh_Moo-hyun,occlusion,0.20000000,0,nan,1
Roh_Moo-hyun,occlusion,0.25000000,0,nan,1
Roh_Moo-hyun,occlusion,0.30000000,0,nan,1
Roman_Polanski,gaussian,0.00000000,1,1.00000000,0
Roman_Polanski,gaussian,0.02000000,1,0.98835176,0
Roman_Polanski,gaussian,0.05000000,1,0.94143140,0
Roman_Polanski,gaussian,0.10000000,1,0.84286612,0
Roman_Polanski,gaussian,0.20000000,0,nan,1
Roman_Polanski,gaussian,0.30000000,0,nan,1
Roman_Polanski,brightness,1.00000000,1,1.00000000,0
Roman_Polanski,brightness,0.90000000,1,0.99924326,0
Roman_Polanski,brightness,0.80000000,1,0.99800384,0
Roman_Polanski,brightness,0.65000000,1,0.99538487,0
Roman_Polanski,brightness,0.50000000,1,0.98866546,0
Roman_Polanski,brightness,0.35000000,1,0.97475213,0
Roman_Polanski,rotation,0.00000000,1,1.00000000,0
Roman_Polanski,rotation,3.00000000,1,0.99675238,0
Roman_Polanski,rotation,6.00000000,1,0.99689525,0
Roman_Polanski,rotation,10.00000000,1,0.99516296,0
Roman_Polanski,rotation,15.00000000,1,0.99471313,0
Roman_Polanski,rotation,20.00000000,1,0.99299687,0
Roman_Polanski,blur,0.00000000,1,0.99553597,0
Roman_Polanski,blur,1.00000000,1,0.99495089,0
Roman_Polanski,blur,2.00000000,1,0.96376920,0
Roman_Polanski,blur,3.00000000,1,0.84738016,0
Roman_Polanski,blur,4.00000000,0,0.72389352,0
Roman_Polanski,blur,5.00000000,1,0.63842511,0
Roman_Polanski,occlusion,0.00000000,1,0.99763405,0
Roman_Polanski,occlusion,0.10000000,0,0.05702383,0
Roman_Polanski,occlusion,0.15000000,0,0.04706867,0
Roman_Polanski,occlusion,0.20000000,0,0.03999660,0
Roman_Polanski,occlusion,0.25000000,0,0.07147805,0
Roman_Polanski,occlusion,0.30000000,0,0.08876006,0
Romano_Prodi,gaussian,0.00000000,1,1.00000000,0
Romano_Prodi,gaussian,0.02000000,1,0.98234189,0
Romano_Prodi,gaussian,0.05000000,0,0.93498713,0
Romano_Prodi,gaussian,0.10000000,0,0.82649106,0
Romano_Prodi,gaussian,0.20000000,0,nan,1
Romano_Prodi,gaussian,0.30000000,0,nan,1
Romano_Prodi,brightness,1.00000000,1,1.00000000,0
Romano_Prodi,brightness,0.90000000,1,0.99934399,0
Romano_Prodi,brightness,0.80000000,1,0.99825823,0
Romano_Prodi,brightness,0.65000000,1,0.99460113,0
Romano_Prodi,brightness,0.50000000,1,0.99042499,0
Romano_Prodi,brightness,0.35000000,0,0.97680801,0
Romano_Prodi,rotation,0.00000000,1,1.00000000,0
Romano_Prodi,rotation,3.00000000,1,0.99777102,0
Romano_Prodi,rotation,6.00000000,1,0.99805862,0
Romano_Prodi,rotation,10.00000000,1,0.99682045,0
Romano_Prodi,rotation,15.00000000,1,0.99602246,0
Romano_Prodi,rotation,20.00000000,1,0.99429655,0
Romano_Prodi,blur,0.00000000,1,0.99445677,0
Romano_Prodi,blur,1.00000000,0,0.99312806,0
Romano_Prodi,blur,2.00000000,0,0.95676672,0
Romano_Prodi,blur,3.00000000,1,0.86665404,0
Romano_Prodi,blur,4.00000000,0,0.71085572,0
Romano_Prodi,blur,5.00000000,0,0.56060702,0
Romano_Prodi,occlusion,0.00000000,1,0.99815130,0
Romano_Prodi,occlusion,0.10000000,0,-0.08418415,0
Romano_Prodi,occlusion,0.15000000,0,-0.08336724,0
Romano_Prodi,occlusion,0.20000000,0,-0.08357435,0
Romano_Prodi,occlusion,0.25000000,0,-0.08336836,0
Romano_Prodi,occlusion,0.30000000,0,-0.08218413,0
Ron_Dittemore,gaussian,0.00000000,1,0.99999994,0
Ron_Dittemore,gaussian,0.02000000,1,0.98390484,0
Ron_Dittemore,gaussian,0.05000000,1,0.91464043,0
Ron_Dittemore,gaussian,0.10000000,1,0.88637435,0
Ron_Dittemore,gaussian,0.20000000,0,nan,1
Ron_Dittemore,gaussian,0.30000000,0,nan,1
Ron_Dittemore,brightness,1.00000000,1,0.99999994,0
Ron_Dittemore,brightness,0.90000000,1,0.99912703,0
Ron_Dittemore,brightness,0.80000000,1,0.99730349,0
Ron_Dittemore,brightness,0.65000000,1,0.99383283,0
Ron_Dittemore,brightness,0.50000000,1,0.98808306,0
Ron_Dittemore,brightness,0.35000000,1,0.98016787,0
Ron_Dittemore,rotation,0.00000000,1,0.99999994,0
Ron_Dittemore,rotation,3.00000000,1,0.99632186,0
Ron_Dittemore,rotation,6.00000000,1,0.99655437,0
Ron_Dittemore,rotation,10.00000000,1,0.99644250,0
Ron_Dittemore,rotation,15.00000000,1,0.99376833,0
Ron_Dittemore,rotation,20.00000000,1,0.99067873,0
Ron_Dittemore,blur,0.00000000,1,0.99292821,0
Ron_Dittemore,blur,1.00000000,1,0.99189091,0
Ron_Dittemore,blur,2.00000000,1,0.95798618,0
Ron_Dittemore,blur,3.00000000,1,0.88485873,0
Ron_Dittemore,blur,4.00000000,1,0.79248524,0
Ron_Dittemore,blur,5.00000000,1,0.71768069,0
Ron_Dittemore,occlusion,0.00000000,1,0.99842554,0
Ron_Dittemore,occlusion,0.10000000,0,0.46657687,0
Ron_Dittemore,occlusion,0.15000000,0,nan,1
Ron_Dittemore,occlusion,0.20000000,0,nan,1
Ron_Dittemore,occlusion,0.25000000,0,nan,1
Ron_Dittemore,occlusion,0.30000000,0,nan,1
Roy_Moore,gaussian,0.00000000,1,0.99999994,0
Roy_Moore,gaussian,0.02000000,1,0.98555505,0
Roy_Moore,gaussian,0.05000000,1,0.94481385,0
Roy_Moore,gaussian,0.10000000,1,0.85754687,0
Roy_Moore,gaussian,0.20000000,0,nan,1
Roy_Moore,gaussian,0.30000000,0,nan,1
Roy_Moore,brightness,1.00000000,1,0.99999994,0
Roy_Moore,brightness,0.90000000,1,0.99953336,0
Roy_Moore,brightness,0.80000000,1,0.99851340,0
Roy_Moore,brightness,0.65000000,1,0.99538696,0
Roy_Moore,brightness,0.50000000,1,0.98894614,0
Roy_Moore,brightness,0.35000000,1,0.97851574,0
Roy_Moore,rotation,0.00000000,1,0.99999994,0
Roy_Moore,rotation,3.00000000,1,0.99719191,0
Roy_Moore,rotation,6.00000000,1,0.99635160,0
Roy_Moore,rotation,10.00000000,1,0.99542385,0
Roy_Moore,rotation,15.00000000,1,0.99457812,0
Roy_Moore,rotation,20.00000000,1,0.99468327,0
Roy_Moore,blur,0.00000000,1,0.99049664,0
Roy_Moore,blur,1.00000000,1,0.98864508,0
Roy_Moore,blur,2.00000000,1,0.93987322,0
Roy_Moore,blur,3.00000000,0,0.85164809,0
Roy_Moore,blur,4.00000000,0,0.75351280,0
Roy_Moore,blur,5.00000000,0,0.67401385,0
Roy_Moore,occlusion,0.00000000,1,0.99930191,0
Roy_Moore,occlusion,0.10000000,0,0.33791316,0
Roy_Moore,occlusion,0.15000000,0,0.05168711,0
Roy_Moore,occlusion,0.20000000,0,nan,1
Roy_Moore,occlusion,0.25000000,0,nan,1
Roy_Moore,occlusion,0.30000000,0,nan,1
Rubens_Barrichello,gaussian,0.00000000,1,1.00000012,0
Rubens_Barrichello,gaussian,0.02000000,1,0.97484457,0
Rubens_Barrichello,gaussian,0.05000000,1,0.92053896,0
Rubens_Barrichello,gaussian,0.10000000,1,0.81975561,0
Rubens_Barrichello,gaussian,0.20000000,0,nan,1
Rubens_Barrichello,gaussian,0.30000000,0,nan,1
Rubens_Barrichello,brightness,1.00000000,1,1.00000012,0
Rubens_Barrichello,brightness,0.90000000,1,0.99907029,0
Rubens_Barrichello,brightness,0.80000000,1,0.99827826,0
Rubens_Barrichello,brightness,0.65000000,1,0.99531692,0
Rubens_Barrichello,brightness,0.50000000,1,0.98929697,0
Rubens_Barrichello,brightness,0.35000000,1,0.97721148,0
Rubens_Barrichello,rotation,0.00000000,1,1.00000012,0
Rubens_Barrichello,rotation,3.00000000,1,0.99889261,0
Rubens_Barrichello,rotation,6.00000000,1,0.99762994,0
Rubens_Barrichello,rotation,10.00000000,1,0.99480718,0
Rubens_Barrichello,rotation,15.00000000,1,0.98989362,0
Rubens_Barrichello,rotation,20.00000000,1,0.98681116,0
Rubens_Barrichello,blur,0.00000000,1,0.99734992,0
Rubens_Barrichello,blur,1.00000000,1,0.99674213,0
Rubens_Barrichello,blur,2.00000000,1,0.97175765,0
Rubens_Barrichello,blur,3.00000000,1,0.91722685,0
Rubens_Barrichello,blur,4.00000000,1,0.82304776,0
Rubens_Barrichello,blur,5.00000000,1,0.72321784,0
Rubens_Barrichello,occlusion,0.00000000,1,0.99759066,0
Rubens_Barrichello,occlusion,0.10000000,0,0.30130219,0
Rubens_Barrichello,occlusion,0.15000000,0,nan,1
Rubens_Barrichello,occlusion,0.20000000,0,nan,1
Rubens_Barrichello,occlusion,0.25000000,0,nan,1
Rubens_Barrichello,occlusion,0.30000000,0,nan,1
Rudolph_Giuliani,gaussian,0.00000000,1,0.99999994,0
Rudolph_Giuliani,gaussian,0.02000000,1,0.98515737,0
Rudolph_Giuliani,gaussian,0.05000000,1,0.94237542,0
Rudolph_Giuliani,gaussian,0.10000000,1,0.83511305,0
Rudolph_Giuliani,gaussian,0.20000000,1,0.73788774,0
Rudolph_Giuliani,gaussian,0.30000000,0,nan,1
Rudolph_Giuliani,brightness,1.00000000,1,0.99999994,0
Rudolph_Giuliani,brightness,0.90000000,1,0.99935412,0
Rudolph_Giuliani,brightness,0.80000000,1,0.99841142,0
Rudolph_Giuliani,brightness,0.65000000,1,0.99576211,0
Rudolph_Giuliani,brightness,0.50000000,1,0.99186981,0
Rudolph_Giuliani,brightness,0.35000000,1,0.98628736,0
Rudolph_Giuliani,rotation,0.00000000,1,0.99999994,0
Rudolph_Giuliani,rotation,3.00000000,1,0.99724835,0
Rudolph_Giuliani,rotation,6.00000000,1,0.99663019,0
Rudolph_Giuliani,rotation,10.00000000,1,0.99472237,0
Rudolph_Giuliani,rotation,15.00000000,1,0.99319243,0
Rudolph_Giuliani,rotation,20.00000000,1,0.98732442,0
Rudolph_Giuliani,blur,0.00000000,1,0.99374449,0
Rudolph_Giuliani,blur,1.00000000,1,0.99302340,0
Rudolph_Giuliani,blur,2.00000000,1,0.95622140,0
Rudolph_Giuliani,blur,3.00000000,1,0.88954759,0
Rudolph_Giuliani,blur,4.00000000,1,0.77444077,0
Rudolph_Giuliani,blur,5.00000000,1,0.66926563,0
Rudolph_Giuliani,occlusion,0.00000000,1,0.99967241,0
Rudolph_Giuliani,occlusion,0.10000000,0,0.28229737,0
Rudolph_Giuliani,occlusion,0.15000000,0,nan,1
Rudolph_Giuliani,occlusion,0.20000000,0,nan,1
Rudolph_Giuliani,occlusion,0.25000000,0,nan,1
Rudolph_Giuliani,occlusion,0.30000000,0,nan,1
Russell_Simmons,gaussian,0.00000000,1,1.00000000,0
Russell_Simmons,gaussian,0.02000000,1,0.98339891,0
Russell_Simmons,gaussian,0.05000000,1,0.94872677,0
Russell_Simmons,gaussian,0.10000000,0,nan,1
Russell_Simmons,gaussian,0.20000000,0,nan,1
Russell_Simmons,gaussian,0.30000000,0,nan,1
Russell_Simmons,brightness,1.00000000,1,1.00000000,0
Russell_Simmons,brightness,0.90000000,1,0.99952996,0
Russell_Simmons,brightness,0.80000000,1,0.99822545,0
Russell_Simmons,brightness,0.65000000,1,0.99518055,0
Russell_Simmons,brightness,0.50000000,1,0.99151719,0
Russell_Simmons,brightness,0.35000000,1,0.97923768,0
Russell_Simmons,rotation,0.00000000,1,1.00000000,0
Russell_Simmons,rotation,3.00000000,1,0.99646491,0
Russell_Simmons,rotation,6.00000000,1,0.99324852,0
Russell_Simmons,rotation,10.00000000,1,0.99425709,0
Russell_Simmons,rotation,15.00000000,1,0.99390572,0
Russell_Simmons,rotation,20.00000000,1,0.99480307,0
Russell_Simmons,blur,0.00000000,1,0.99223757,0
Russell_Simmons,blur,1.00000000,1,0.99075133,0
Russell_Simmons,blur,2.00000000,1,0.95662546,0
Russell_Simmons,blur,3.00000000,1,0.88147914,0
Russell_Simmons,blur,4.00000000,0,0.76365459,0
Russell_Simmons,blur,5.00000000,0,0.66503626,0
Russell_Simmons,occlusion,0.00000000,1,0.99914414,0
Russell_Simmons,occlusion,0.10000000,0,0.39599654,0
Russell_Simmons,occlusion,0.15000000,0,nan,1
Russell_Simmons,occlusion,0.20000000,0,nan,1
Russell_Simmons,occlusion,0.25000000,0,nan,1
Russell_Simmons,occlusion,0.30000000,0,nan,1
Saddam_Hussein,gaussian,0.00000000,1,1.00000000,0
Saddam_Hussein,gaussian,0.02000000,1,0.99355859,0
Saddam_Hussein,gaussian,0.05000000,1,0.96477848,0
Saddam_Hussein,gaussian,0.10000000,1,0.91917568,0
Saddam_Hussein,gaussian,0.20000000,0,nan,1
Saddam_Hussein,gaussian,0.30000000,0,nan,1
Saddam_Hussein,brightness,1.00000000,1,1.00000000,0
Saddam_Hussein,brightness,0.90000000,1,0.99923819,0
Saddam_Hussein,brightness,0.80000000,1,0.99818814,0
Saddam_Hussein,brightness,0.65000000,1,0.99572992,0
Saddam_Hussein,brightness,0.50000000,1,0.99073887,0
Saddam_Hussein,brightness,0.35000000,1,0.98573136,0
Saddam_Hussein,rotation,0.00000000,1,1.00000000,0
Saddam_Hussein,rotation,3.00000000,1,0.99700630,0
Saddam_Hussein,rotation,6.00000000,1,0.99757606,0
Saddam_Hussein,rotation,10.00000000,1,0.99398124,0
Saddam_Hussein,rotation,15.00000000,1,0.99577820,0
Saddam_Hussein,rotation,20.00000000,1,0.99501526,0
Saddam_Hussein,blur,0.00000000,1,0.99695015,0
Saddam_Hussein,blur,1.00000000,1,0.99654299,0
Saddam_Hussein,blur,2.00000000,1,0.98200452,0
Saddam_Hussein,blur,3.00000000,1,0.93892539,0
Saddam_Hussein,blur,4.00000000,1,0.87244320,0
Saddam_Hussein,blur,5.00000000,1,0.79710823,0
Saddam_Hussein,occlusion,0.00000000,1,0.99818212,0
Saddam_Hussein,occlusion,0.10000000,0,0.30004030,0
Saddam_Hussein,occlusion,0.15000000,0,nan,1
Saddam_Hussein,occlusion,0.20000000,0,nan,1
Saddam_Hussein,occlusion,0.25000000,0,nan,1
Saddam_Hussein,occlusion,0.30000000,0,nan,1
Salma_Hayek,gaussian,0.00000000,1,1.00000000,0
Salma_Hayek,gaussian,0.02000000,1,0.97571051,0
Salma_Hayek,gaussian,0.05000000,1,0.92416012,0
Salma_Hayek,gaussian,0.10000000,0,0.83011472,0
Salma_Hayek,gaussian,0.20000000,0,nan,1
Salma_Hayek,gaussian,0.30000000,0,nan,1
Salma_Hayek,brightness,1.00000000,1,1.00000000,0
Salma_Hayek,brightness,0.90000000,1,0.99926275,0
Salma_Hayek,brightness,0.80000000,1,0.99718899,0
Salma_Hayek,brightness,0.65000000,1,0.99064922,0
Salma_Hayek,brightness,0.50000000,1,0.98316479,0
Salma_Hayek,brightness,0.35000000,1,0.97247899,0
Salma_Hayek,rotation,0.00000000,1,1.00000000,0
Salma_Hayek,rotation,3.00000000,1,0.99698466,0
Salma_Hayek,rotation,6.00000000,1,0.99655223,0
Salma_Hayek,rotation,10.00000000,1,0.99703765,0
Salma_Hayek,rotation,15.00000000,1,0.99473953,0
Salma_Hayek,rotation,20.00000000,1,0.99115324,0
Salma_Hayek,blur,0.00000000,1,0.99081129,0
Salma_Hayek,blur,1.00000000,1,0.98911017,0
Salma_Hayek,blur,2.00000000,1,0.94539136,0
Salma_Hayek,blur,3.00000000,0,0.85014361,0
Salma_Hayek,blur,4.00000000,0,0.74885368,0
Salma_Hayek,blur,5.00000000,0,0.65145415,0
Salma_Hayek,occlusion,0.00000000,1,0.99817109,0
Salma_Hayek,occlusion,0.10000000,0,0.20292747,0
Salma_Hayek,occlusion,0.15000000,0,0.06593683,0
Salma_Hayek,occlusion,0.20000000,0,nan,1
Salma_Hayek,occlusion,0.25000000,0,nan,1
Salma_Hayek,occlusion,0.30000000,0,0.02677699,0
Sarah_Hughes,gaussian,0.00000000,1,1.00000000,0
Sarah_Hughes,gaussian,0.02000000,1,0.98097324,0
Sarah_Hughes,gaussian,0.05000000,1,0.94425488,0
Sarah_Hughes,gaussian,0.10000000,1,0.82186699,0
Sarah_Hughes,gaussian,0.20000000,0,nan,1
Sarah_Hughes,gaussian,0.30000000,0,nan,1
Sarah_Hughes,brightness,1.00000000,1,1.00000000,0
Sarah_Hughes,brightness,0.90000000,1,0.99928117,0
Sarah_Hughes,brightness,0.80000000,1,0.99792230,0
Sarah_Hughes,brightness,0.65000000,1,0.99424946,0
Sarah_Hughes,brightness,0.50000000,1,0.98665768,0
Sarah_Hughes,brightness,0.35000000,1,0.97847104,0
Sarah_Hughes,rotation,0.00000000,1,1.00000000,0
Sarah_Hughes,rotation,3.00000000,1,0.99597210,0
Sarah_Hughes,rotation,6.00000000,1,0.99574411,0
Sarah_Hughes,rotation,10.00000000,1,0.99549931,0
Sarah_Hughes,rotation,15.00000000,1,0.99525630,0
Sarah_Hughes,rotation,20.00000000,1,0.99226487,0
Sarah_Hughes,blur,0.00000000,1,0.99167907,0
Sarah_Hughes,blur,1.00000000,1,0.98967171,0
Sarah_Hughes,blur,2.00000000,1,0.90382051,0
Sarah_Hughes,blur,3.00000000,0,0.75832993,0
Sarah_Hughes,blur,4.00000000,0,0.62717474,0
Sarah_Hughes,blur,5.00000000,0,0.53850770,0
Sarah_Hughes,occlusion,0.00000000,1,0.99861473,0
Sarah_Hughes,occlusion,0.10000000,0,0.30407670,0
Sarah_Hughes,occlusion,0.15000000,0,nan,1
Sarah_Hughes,occlusion,0.20000000,0,nan,1
Sarah_Hughes,occlusion,0.25000000,0,nan,1
Sarah_Hughes,occlusion,0.30000000,0,nan,1
Sarah_Jessica_Parker,gaussian,0.00000000,1,1.00000000,0
Sarah_Jessica_Parker,gaussian,0.02000000,1,0.99199927,0
Sarah_Jessica_Parker,gaussian,0.05000000,1,0.94874090,0
Sarah_Jessica_Parker,gaussian,0.10000000,1,0.89497709,0
Sarah_Jessica_Parker,gaussian,0.20000000,0,0.74854779,0
Sarah_Jessica_Parker,gaussian,0.30000000,0,nan,1
Sarah_Jessica_Parker,brightness,1.00000000,1,1.00000000,0
Sarah_Jessica_Parker,brightness,0.90000000,1,0.99882388,0
Sarah_Jessica_Parker,brightness,0.80000000,1,0.99665260,0
Sarah_Jessica_Parker,brightness,0.65000000,1,0.99303222,0
Sarah_Jessica_Parker,brightness,0.50000000,1,0.98783964,0
Sarah_Jessica_Parker,brightness,0.35000000,1,0.97520822,0
Sarah_Jessica_Parker,rotation,0.00000000,1,1.00000000,0
Sarah_Jessica_Parker,rotation,3.00000000,1,0.99520820,0
Sarah_Jessica_Parker,rotation,6.00000000,1,0.99002349,0
Sarah_Jessica_Parker,rotation,10.00000000,1,0.98719358,0
Sarah_Jessica_Parker,rotation,15.00000000,1,0.98123503,0
Sarah_Jessica_Parker,rotation,20.00000000,1,0.97588134,0
Sarah_Jessica_Parker,blur,0.00000000,1,0.99448961,0
Sarah_Jessica_Parker,blur,1.00000000,1,0.99311680,0
Sarah_Jessica_Parker,blur,2.00000000,1,0.96832830,0
Sarah_Jessica_Parker,blur,3.00000000,1,0.91018653,0
Sarah_Jessica_Parker,blur,4.00000000,1,0.81152570,0
Sarah_Jessica_Parker,blur,5.00000000,1,0.69841915,0
Sarah_Jessica_Parker,occlusion,0.00000000,1,0.99869263,0
Sarah_Jessica_Parker,occlusion,0.10000000,0,0.28995451,0
Sarah_Jessica_Parker,occlusion,0.15000000,0,nan,1
Sarah_Jessica_Parker,occlusion,0.20000000,0,nan,1
Sarah_Jessica_Parker,occlusion,0.25000000,0,nan,1
Sarah_Jessica_Parker,occlusion,0.30000000,0,nan,1
Scott_McClellan,gaussian,0.00000000,1,0.99999988,0
Scott_McClellan,gaussian,0.02000000,1,0.98475355,0
Scott_McClellan,gaussian,0.05000000,1,0.94791669,0
Scott_McClellan,gaussian,0.10000000,1,0.83884186,0
Scott_McClellan,gaussian,0.20000000,0,nan,1
Scott_McClellan,gaussian,0.30000000,0,nan,1
Scott_McClellan,brightness,1.00000000,1,0.99999988,0
Scott_McClellan,brightness,0.90000000,1,0.99958229,0
Scott_McClellan,brightness,0.80000000,1,0.99875337,0
Scott_McClellan,brightness,0.65000000,1,0.99602997,0
Scott_McClellan,brightness,0.50000000,1,0.99144101,0
Scott_McClellan,brightness,0.35000000,1,0.98556703,0
Scott_McClellan,rotation,0.00000000,1,0.99999988,0
Scott_McClellan,rotation,3.00000000,1,0.99700522,0
Scott_McClellan,rotation,6.00000000,1,0.99599743,0
Scott_McClellan,rotation,10.00000000,1,0.99417377,0
Scott_McClellan,rotation,15.00000000,1,0.99360788,0
Scott_McClellan,rotation,20.00000000,1,0.99431705,0
Scott_McClellan,blur,0.00000000,1,0.99381179,0
Scott_McClellan,blur,1.00000000,1,0.99267238,0
Scott_McClellan,blur,2.00000000,1,0.96292174,0
Scott_McClellan,blur,3.00000000,1,0.88729739,0
Scott_McClellan,blur,4.00000000,1,0.75805283,0
Scott_McClellan,blur,5.00000000,0,0.66925442,0
Scott_McClellan,occlusion,0.00000000,1,0.99868548,0
Scott_McClellan,occlusion,0.10000000,0,0.34500465,0
Scott_McClellan,occlusion,0.15000000,0,nan,1
Scott_McClellan,occlusion,0.20000000,0,nan,1
Scott_McClellan,occlusion,0.25000000,0,nan,1
Scott_McClellan,occlusion,0.30000000,0,nan,1
Scott_Peterson,gaussian,0.00000000,1,0.99999988,0
Scott_Peterson,gaussian,0.02000000,1,0.98005235,0
Scott_Peterson,gaussian,0.05000000,1,0.91513693,0
Scott_Peterson,gaussian,0.10000000,1,0.84323263,0
Scott_Peterson,gaussian,0.20000000,0,nan,1
Scott_Peterson,gaussian,0.30000000,0,nan,1
Scott_Peterson,brightness,1.00000000,1,0.99999988,0
Scott_Peterson,brightness,0.90000000,1,0.99918634,0
Scott_Peterson,brightness,0.80000000,1,0.99775362,0
Scott_Peterson,brightness,0.65000000,1,0.99508387,0
Scott_Peterson,brightness,0.50000000,1,0.98874521,0
Scott_Peterson,brightness,0.35000000,1,0.98049849,0
Scott_Peterson,rotation,0.00000000,1,0.99999988,0
Scott_Peterson,rotation,3.00000000,1,0.99659967,0
Scott_Peterson,rotation,6.00000000,1,0.99585819,0
Scott_Peterson,rotation,10.00000000,1,0.99592489,0
Scott_Peterson,rotation,15.00000000,1,0.99259138,0
Scott_Peterson,rotation,20.00000000,1,0.98935312,0
Scott_Peterson,blur,0.00000000,1,0.99655807,0
Scott_Peterson,blur,1.00000000,1,0.99590480,0
Scott_Peterson,blur,2.00000000,1,0.97572607,0
Scott_Peterson,blur,3.00000000,1,0.92133552,0
Scott_Peterson,blur,4.00000000,1,0.84527779,0
Scott_Peterson,blur,5.00000000,1,0.76593840,0
Scott_Peterson,occlusion,0.00000000,1,0.99943852,0
Scott_Peterson,occlusion,0.10000000,0,0.28343505,0
Scott_Peterson,occlusion,0.15000000,0,0.03603733,0
Scott_Peterson,occlusion,0.20000000,0,0.05017114,0
Scott_Peterson,occlusion,0.25000000,0,0.04476923,0
Scott_Peterson,occlusion,0.30000000,0,0.00345302,0
Sean_OKeefe,gaussian,0.00000000,1,0.99999988,0
Sean_OKeefe,gaussian,0.02000000,1,0.99184811,0
Sean_OKeefe,gaussian,0.05000000,1,0.95390117,0
Sean_OKeefe,gaussian,0.10000000,1,0.89795506,0
Sean_OKeefe,gaussian,0.20000000,0,nan,1
Sean_OKeefe,gaussian,0.30000000,0,nan,1
Sean_OKeefe,brightness,1.00000000,1,0.99999988,0
Sean_OKeefe,brightness,0.90000000,1,0.99948692,0
Sean_OKeefe,brightness,0.80000000,1,0.99836993,0
Sean_OKeefe,brightness,0.65000000,1,0.99591708,0
Sean_OKeefe,brightness,0.50000000,1,0.99105549,0
Sean_OKeefe,brightness,0.35000000,1,0.98326510,0
Sean_OKeefe,rotation,0.00000000,1,0.99999988,0
Sean_OKeefe,rotation,3.00000000,1,0.99779254,0
Sean_OKeefe,rotation,6.00000000,1,0.99720502,0
Sean_OKeefe,rotation,10.00000000,1,0.99694693,0
Sean_OKeefe,rotation,15.00000000,1,0.99831545,0
Sean_OKeefe,rotation,20.00000000,1,0.99137473,0
Sean_OKeefe,blur,0.00000000,1,0.99542201,0
Sean_OKeefe,blur,1.00000000,1,0.99448317,0
Sean_OKeefe,blur,2.00000000,1,0.96571648,0
Sean_OKeefe,blur,3.00000000,1,0.90945911,0
Sean_OKeefe,blur,4.00000000,1,0.83196557,0
Sean_OKeefe,blur,5.00000000,1,0.74864173,0
Sean_OKeefe,occlusion,0.00000000,1,0.99868190,0
Sean_OKeefe,occlusion,0.10000000,0,0.35412413,0
Sean_OKeefe,occlusion,0.15000000,0,nan,1
Sean_OKeefe,occlusion,0.20000000,0,nan,1
Sean_OKeefe,occlusion,0.25000000,0,nan,1
Sean_OKeefe,occlusion,0.30000000,0,nan,1
Serena_Williams,gaussian,0.00000000,1,0.99999988,0
Serena_Williams,gaussian,0.02000000,1,0.99333334,0
Serena_Williams,gaussian,0.05000000,1,0.96240163,0
Serena_Williams,gaussian,0.10000000,1,0.90170860,0
Serena_Williams,gaussian,0.20000000,0,nan,1
Serena_Williams,gaussian,0.30000000,0,nan,1
Serena_Williams,brightness,1.00000000,1,0.99999988,0
Serena_Williams,brightness,0.90000000,1,0.99931180,0
Serena_Williams,brightness,0.80000000,1,0.99816394,0
Serena_Williams,brightness,0.65000000,1,0.99479365,0
Serena_Williams,brightness,0.50000000,1,0.98829269,0
Serena_Williams,brightness,0.35000000,1,0.98051721,0
Serena_Williams,rotation,0.00000000,1,0.99999988,0
Serena_Williams,rotation,3.00000000,1,0.99789751,0
Serena_Williams,rotation,6.00000000,1,0.99639916,0
Serena_Williams,rotation,10.00000000,1,0.99489808,0
Serena_Williams,rotation,15.00000000,1,0.99479181,0
Serena_Williams,rotation,20.00000000,1,0.99553841,0
Serena_Williams,blur,0.00000000,1,0.99546069,0
Serena_Williams,blur,1.00000000,1,0.99445271,0
Serena_Williams,blur,2.00000000,1,0.96316946,0
Serena_Williams,blur,3.00000000,1,0.88914329,0
Serena_Williams,blur,4.00000000,1,0.81866795,0
Serena_Williams,blur,5.00000000,1,0.74934840,0
Serena_Williams,occlusion,0.00000000,1,0.99888551,0
Serena_Williams,occlusion,0.10000000,0,0.37261897,0
Serena_Williams,occlusion,0.15000000,0,nan,1
Serena_Williams,occlusion,0.20000000,0,nan,1
Serena_Williams,occlusion,0.25000000,0,nan,1
Serena_Williams,occlusion,0.30000000,0,nan,1
Sergei_Ivanov,gaussian,0.00000000,1,1.00000000,0
Sergei_Ivanov,gaussian,0.02000000,1,0.98717725,0
Sergei_Ivanov,gaussian,0.05000000,1,0.95401180,0
Sergei_Ivanov,gaussian,0.10000000,1,0.85229504,0
Sergei_Ivanov,gaussian,0.20000000,0,nan,1
Sergei_Ivanov,gaussian,0.30000000,0,nan,1
Sergei_Ivanov,brightness,1.00000000,1,1.00000000,0
Sergei_Ivanov,brightness,0.90000000,1,0.99930382,0
Sergei_Ivanov,brightness,0.80000000,1,0.99812365,0
Sergei_Ivanov,brightness,0.65000000,1,0.99462295,0
Sergei_Ivanov,brightness,0.50000000,1,0.98949647,0
Sergei_Ivanov,brightness,0.35000000,1,0.97994494,0
Sergei_Ivanov,rotation,0.00000000,1,1.00000000,0
Sergei_Ivanov,rotation,3.00000000,1,0.99851602,0
Sergei_Ivanov,rotation,6.00000000,1,0.99832684,0
Sergei_Ivanov,rotation,10.00000000,1,0.99658036,0
Sergei_Ivanov,rotation,15.00000000,1,0.99717891,0
Sergei_Ivanov,rotation,20.00000000,1,0.99591571,0
Sergei_Ivanov,blur,0.00000000,1,0.99540341,0
Sergei_Ivanov,blur,1.00000000,1,0.99432230,0
Sergei_Ivanov,blur,2.00000000,1,0.96441293,0
Sergei_Ivanov,blur,3.00000000,1,0.89840066,0
Sergei_Ivanov,blur,4.00000000,1,0.79091036,0
Sergei_Ivanov,blur,5.00000000,0,0.69467103,0
Sergei_Ivanov,occlusion,0.00000000,1,0.99919415,0
Sergei_Ivanov,occlusion,0.10000000,0,0.29904842,0
Sergei_Ivanov,occlusion,0.15000000,0,nan,1
Sergei_Ivanov,occlusion,0.20000000,0,nan,1
Sergei_Ivanov,occlusion,0.25000000,0,nan,1
Sergei_Ivanov,occlusion,0.30000000,0,nan,1
Sergey_Lavrov,gaussian,0.00000000,1,1.00000000,0
Sergey_Lavrov,gaussian,0.02000000,1,0.99045718,0
Sergey_Lavrov,gaussian,0.05000000,1,0.96017337,0
Sergey_Lavrov,gaussian,0.10000000,1,0.88346314,0
Sergey_Lavrov,gaussian,0.20000000,0,nan,1
Sergey_Lavrov,gaussian,0.30000000,0,nan,1
Sergey_Lavrov,brightness,1.00000000,1,1.00000000,0
Sergey_Lavrov,brightness,0.90000000,1,0.99958116,0
Sergey_Lavrov,brightness,0.80000000,1,0.99853969,0
Sergey_Lavrov,brightness,0.65000000,1,0.99578881,0
Sergey_Lavrov,brightness,0.50000000,1,0.99117273,0
Sergey_Lavrov,brightness,0.35000000,1,0.98271376,0
Sergey_Lavrov,rotation,0.00000000,1,1.00000000,0
Sergey_Lavrov,rotation,3.00000000,1,0.99810123,0
Sergey_Lavrov,rotation,6.00000000,1,0.99747074,0
Sergey_Lavrov,rotation,10.00000000,1,0.99598658,0
Sergey_Lavrov,rotation,15.00000000,1,0.99351746,0
Sergey_Lavrov,rotation,20.00000000,1,0.99476784,0
Sergey_Lavrov,blur,0.00000000,1,0.99591219,0
Sergey_Lavrov,blur,1.00000000,1,0.99544621,0
Sergey_Lavrov,blur,2.00000000,1,0.97189325,0
Sergey_Lavrov,blur,3.00000000,1,0.89530659,0
Sergey_Lavrov,blur,4.00000000,0,0.76891011,0
Sergey_Lavrov,blur,5.00000000,0,0.65831888,0
Sergey_Lavrov,occlusion,0.00000000,1,0.99908012,0
Sergey_Lavrov,occlusion,0.10000000,1,0.46194285,0
Sergey_Lavrov,occlusion,0.15000000,0,nan,1
Sergey_Lavrov,occlusion,0.20000000,0,nan,1
Sergey_Lavrov,occlusion,0.25000000,0,nan,1
Sergey_Lavrov,occlusion,0.30000000,0,nan,1
Sergio_Vieira_De_Mello,gaussian,0.00000000,1,1.00000000,0
Sergio_Vieira_De_Mello,gaussian,0.02000000,1,0.98732889,0
Sergio_Vieira_De_Mello,gaussian,0.05000000,1,0.94975019,0
Sergio_Vieira_De_Mello,gaussian,0.10000000,1,0.87044156,0
Sergio_Vieira_De_Mello,gaussian,0.20000000,0,nan,1
Sergio_Vieira_De_Mello,gaussian,0.30000000,0,nan,1
Sergio_Vieira_De_Mello,brightness,1.00000000,1,1.00000000,0
Sergio_Vieira_De_Mello,brightness,0.90000000,1,0.99860930,0
Sergio_Vieira_De_Mello,brightness,0.80000000,1,0.99595463,0
Sergio_Vieira_De_Mello,brightness,0.65000000,1,0.99144506,0
Sergio_Vieira_De_Mello,brightness,0.50000000,1,0.98765302,0
Sergio_Vieira_De_Mello,brightness,0.35000000,1,0.98179412,0
Sergio_Vieira_De_Mello,rotation,0.00000000,1,1.00000000,0
Sergio_Vieira_De_Mello,rotation,3.00000000,1,0.99698353,0
Sergio_Vieira_De_Mello,rotation,6.00000000,1,0.99573791,0
Sergio_Vieira_De_Mello,rotation,10.00000000,1,0.99648273,0
Sergio_Vieira_De_Mello,rotation,15.00000000,1,0.99026132,0
Sergio_Vieira_De_Mello,rotation,20.00000000,1,0.98180908,0
Sergio_Vieira_De_Mello,blur,0.00000000,1,0.99581701,0
Sergio_Vieira_De_Mello,blur,1.00000000,1,0.99507016,0
Sergio_Vieira_De_Mello,blur,2.00000000,1,0.97075254,0
Sergio_Vieira_De_Mello,blur,3.00000000,1,0.90900373,0
Sergio_Vieira_De_Mello,blur,4.00000000,1,0.82910454,0
Sergio_Vieira_De_Mello,blur,5.00000000,1,0.69879323,0
Sergio_Vieira_De_Mello,occlusion,0.00000000,1,0.99926960,0
Sergio_Vieira_De_Mello,occlusion,0.10000000,0,0.43058518,0
Sergio_Vieira_De_Mello,occlusion,0.15000000,0,0.10352720,0
Sergio_Vieira_De_Mello,occlusion,0.20000000,0,nan,1
Sergio_Vieira_De_Mello,occlusion,0.25000000,0,nan,1
Sergio_Vieira_De_Mello,occlusion,0.30000000,0,nan,1
Sharon_Stone,gaussian,0.00000000,1,1.00000000,0
Sharon_Stone,gaussian,0.02000000,1,0.97640526,0
Sharon_Stone,gaussian,0.05000000,1,0.92024630,0
Sharon_Stone,gaussian,0.10000000,0,0.72019297,0
Sharon_Stone,gaussian,0.20000000,0,nan,1
Sharon_Stone,gaussian,0.30000000,0,nan,1
Sharon_Stone,brightness,1.00000000,1,1.00000000,0
Sharon_Stone,brightness,0.90000000,1,0.99899286,0
Sharon_Stone,brightness,0.80000000,1,0.99744672,0
Sharon_Stone,brightness,0.65000000,1,0.99253064,0
Sharon_Stone,brightness,0.50000000,1,0.98156029,0
Sharon_Stone,brightness,0.35000000,1,0.96493250,0
Sharon_Stone,rotation,0.00000000,1,1.00000000,0
Sharon_Stone,rotation,3.00000000,1,0.99505711,0
Sharon_Stone,rotation,6.00000000,1,0.99652791,0
Sharon_Stone,rotation,10.00000000,1,0.99488223,0
Sharon_Stone,rotation,15.00000000,1,0.99394017,0
Sharon_Stone,rotation,20.00000000,1,0.98815656,0
Sharon_Stone,blur,0.00000000,1,0.99357820,0
Sharon_Stone,blur,1.00000000,1,0.99221170,0
Sharon_Stone,blur,2.00000000,1,0.95093238,0
Sharon_Stone,blur,3.00000000,1,0.84944713,0
Sharon_Stone,blur,4.00000000,0,0.76266396,0
Sharon_Stone,blur,5.00000000,0,0.69548076,0
Sharon_Stone,occlusion,0.00000000,1,0.99256122,0
Sharon_Stone,occlusion,0.10000000,0,nan,1
Sharon_Stone,occlusion,0.15000000,0,nan,1
Sharon_Stone,occlusion,0.20000000,0,nan,1
Sharon_Stone,occlusion,0.25000000,0,nan,1
Sharon_Stone,occlusion,0.30000000,0,nan,1
Sheryl_Crow,gaussian,0.00000000,1,1.00000012,0
Sheryl_Crow,gaussian,0.02000000,1,0.98966366,0
Sheryl_Crow,gaussian,0.05000000,1,0.94067746,0
Sheryl_Crow,gaussian,0.10000000,1,0.83281010,0
Sheryl_Crow,gaussian,0.20000000,0,nan,1
Sheryl_Crow,gaussian,0.30000000,0,nan,1
Sheryl_Crow,brightness,1.00000000,1,1.00000012,0
Sheryl_Crow,brightness,0.90000000,1,0.99917567,0
Sheryl_Crow,brightness,0.80000000,1,0.99797279,0
Sheryl_Crow,brightness,0.65000000,1,0.99470913,0
Sheryl_Crow,brightness,0.50000000,1,0.99022126,0
Sheryl_Crow,brightness,0.35000000,1,0.97983050,0
Sheryl_Crow,rotation,0.00000000,1,1.00000012,0
Sheryl_Crow,rotation,3.00000000,1,0.99631280,0
Sheryl_Crow,rotation,6.00000000,1,0.99433398,0
Sheryl_Crow,rotation,10.00000000,1,0.99149001,0
Sheryl_Crow,rotation,15.00000000,1,0.98557103,0
Sheryl_Crow,rotation,20.00000000,1,0.98377669,0
Sheryl_Crow,blur,0.00000000,1,0.99462044,0
Sheryl_Crow,blur,1.00000000,1,0.99361968,0
Sheryl_Crow,blur,2.00000000,1,0.94393384,0
Sheryl_Crow,blur,3.00000000,0,0.82082534,0
Sheryl_Crow,blur,4.00000000,0,0.74294531,0
Sheryl_Crow,blur,5.00000000,0,0.65414137,0
Sheryl_Crow,occlusion,0.00000000,1,0.99898392,0
Sheryl_Crow,occlusion,0.10000000,0,0.34251079,0
Sheryl_Crow,occlusion,0.15000000,0,nan,1
Sheryl_Crow,occlusion,0.20000000,0,nan,1
Sheryl_Crow,occlusion,0.25000000,0,nan,1
Sheryl_Crow,occlusion,0.30000000,0,nan,1
Shimon_Peres,gaussian,0.00000000,1,0.99999988,0
Shimon_Peres,gaussian,0.02000000,1,0.99326235,0
Shimon_Peres,gaussian,0.05000000,1,0.95409638,0
Shimon_Peres,gaussian,0.10000000,1,0.89410365,0
Shimon_Peres,gaussian,0.20000000,0,nan,1
Shimon_Peres,gaussian,0.30000000,0,nan,1
Shimon_Peres,brightness,1.00000000,1,0.99999988,0
Shimon_Peres,brightness,0.90000000,1,0.99846083,0
Shimon_Peres,brightness,0.80000000,1,0.99632382,0
Shimon_Peres,brightness,0.65000000,1,0.99093765,0
Shimon_Peres,brightness,0.50000000,1,0.98515236,0
Shimon_Peres,brightness,0.35000000,1,0.97617817,0
Shimon_Peres,rotation,0.00000000,1,0.99999988,0
Shimon_Peres,rotation,3.00000000,1,0.99553978,0
Shimon_Peres,rotation,6.00000000,1,0.99195600,0
Shimon_Peres,rotation,10.00000000,1,0.98422509,0
Shimon_Peres,rotation,15.00000000,1,0.98175526,0
Shimon_Peres,rotation,20.00000000,1,0.97480255,0
Shimon_Peres,blur,0.00000000,1,0.99381918,0
Shimon_Peres,blur,1.00000000,1,0.99253625,0
Shimon_Peres,blur,2.00000000,1,0.96345842,0
Shimon_Peres,blur,3.00000000,1,0.88126159,0
Shimon_Peres,blur,4.00000000,1,0.75640225,0
Shimon_Peres,blur,5.00000000,1,0.65577078,0
Shimon_Peres,occlusion,0.00000000,1,0.99797046,0
Shimon_Peres,occlusion,0.10000000,0,0.38793701,0
Shimon_Peres,occlusion,0.15000000,0,nan,1
Shimon_Peres,occlusion,0.20000000,0,nan,1
Shimon_Peres,occlusion,0.25000000,0,nan,1
Shimon_Peres,occlusion,0.30000000,0,nan,1
Silvan_Shalom,gaussian,0.00000000,1,1.00000012,0
Silvan_Shalom,gaussian,0.02000000,1,0.99021566,0
Silvan_Shalom,gaussian,0.05000000,1,0.95652002,0
Silvan_Shalom,gaussian,0.10000000,1,0.89700627,0
Silvan_Shalom,gaussian,0.20000000,0,nan,1
Silvan_Shalom,gaussian,0.30000000,0,nan,1
Silvan_Shalom,brightness,1.00000000,1,1.00000012,0
Silvan_Shalom,brightness,0.90000000,1,0.99917519,0
Silvan_Shalom,brightness,0.80000000,1,0.99753052,0
Silvan_Shalom,brightness,0.65000000,1,0.99412441,0
Silvan_Shalom,brightness,0.50000000,1,0.98630106,0
Silvan_Shalom,brightness,0.35000000,1,0.97334301,0
Silvan_Shalom,rotation,0.00000000,1,1.00000012,0
Silvan_Shalom,rotation,3.00000000,1,0.99722981,0
Silvan_Shalom,rotation,6.00000000,1,0.99562502,0
Silvan_Shalom,rotation,10.00000000,1,0.99424064,0
Silvan_Shalom,rotation,15.00000000,1,0.99218214,0
Silvan_Shalom,rotation,20.00000000,1,0.98967540,0
Silvan_Shalom,blur,0.00000000,1,0.99488986,0
Silvan_Shalom,blur,1.00000000,1,0.99367017,0
Silvan_Shalom,blur,2.00000000,1,0.96134138,0
Silvan_Shalom,blur,3.00000000,1,0.90024769,0
Silvan_Shalom,blur,4.00000000,1,0.81687427,0
Silvan_Shalom,blur,5.00000000,0,0.71998918,0
Silvan_Shalom,occlusion,0.00000000,1,0.99971938,0
Silvan_Shalom,occlusion,0.10000000,0,0.26806337,0
Silvan_Shalom,occlusion,0.15000000,0,nan,1
Silvan_Shalom,occlusion,0.20000000,0,nan,1
Silvan_Shalom,occlusion,0.25000000,0,nan,1
Silvan_Shalom,occlusion,0.30000000,0,nan,1
Silvio_Berlusconi,gaussian,0.00000000,1,0.99999994,0
Silvio_Berlusconi,gaussian,0.02000000,1,0.98050636,0
Silvio_Berlusconi,gaussian,0.05000000,1,0.91797972,0
Silvio_Berlusconi,gaussian,0.10000000,1,0.79562539,0
Silvio_Berlusconi,gaussian,0.20000000,0,nan,1
Silvio_Berlusconi,gaussian,0.30000000,0,nan,1
Silvio_Berlusconi,brightness,1.00000000,1,0.99999994,0
Silvio_Berlusconi,brightness,0.90000000,1,0.99916899,0
Silvio_Berlusconi,brightness,0.80000000,1,0.99820542,0
Silvio_Berlusconi,brightness,0.65000000,1,0.99552703,0
Silvio_Berlusconi,brightness,0.50000000,1,0.99040103,0
Silvio_Berlusconi,brightness,0.35000000,1,0.97998977,0
Silvio_Berlusconi,rotation,0.00000000,1,0.99999994,0
Silvio_Berlusconi,rotation,3.00000000,1,0.99713457,0
Silvio_Berlusconi,rotation,6.00000000,1,0.99758220,0
Silvio_Berlusconi,rotation,10.00000000,1,0.99766177,0
Silvio_Berlusconi,rotation,15.00000000,1,0.99759978,0
Silvio_Berlusconi,rotation,20.00000000,1,0.99591893,0
Silvio_Berlusconi,blur,0.00000000,1,0.99369037,0
Silvio_Berlusconi,blur,1.00000000,1,0.99283457,0
Silvio_Berlusconi,blur,2.00000000,1,0.93934238,0
Silvio_Berlusconi,blur,3.00000000,1,0.79072469,0
Silvio_Berlusconi,blur,4.00000000,1,0.73207182,0
Silvio_Berlusconi,blur,5.00000000,0,0.66923714,0
Silvio_Berlusconi,occlusion,0.00000000,1,0.99915755,0
Silvio_Berlusconi,occlusion,0.10000000,0,0.01772800,0
Silvio_Berlusconi,occlusion,0.15000000,0,0.00953059,0
Silvio_Berlusconi,occlusion,0.20000000,0,nan,1
Silvio_Berlusconi,occlusion,0.25000000,0,nan,1
Silvio_Berlusconi,occlusion,0.30000000,0,nan,1
Sophia_Loren,gaussian,0.00000000,1,1.00000000,0
Sophia_Loren,gaussian,0.02000000,1,0.98886377,0
Sophia_Loren,gaussian,0.05000000,1,0.94456995,0
Sophia_Loren,gaussian,0.10000000,1,0.90275776,0
Sophia_Loren,gaussian,0.20000000,0,nan,1
Sophia_Loren,gaussian,0.30000000,0,nan,1
Sophia_Loren,brightness,1.00000000,1,1.00000000,0
Sophia_Loren,brightness,0.90000000,1,0.99739373,0
Sophia_Loren,brightness,0.80000000,1,0.99301916,0
Sophia_Loren,brightness,0.65000000,1,0.98554856,0
Sophia_Loren,brightness,0.50000000,1,0.97688222,0
Sophia_Loren,brightness,0.35000000,1,0.96536243,0
Sophia_Loren,rotation,0.00000000,1,1.00000000,0
Sophia_Loren,rotation,3.00000000,1,0.99710172,0
Sophia_Loren,rotation,6.00000000,1,0.99396980,0
Sophia_Loren,rotation,10.00000000,1,0.99419641,0
Sophia_Loren,rotation,15.00000000,1,0.99326098,0
Sophia_Loren,rotation,20.00000000,1,0.99411392,0
Sophia_Loren,blur,0.00000000,1,0.99323517,0
Sophia_Loren,blur,1.00000000,1,0.99257427,0
Sophia_Loren,blur,2.00000000,1,0.96027827,0
Sophia_Loren,blur,3.00000000,1,0.89552540,0
Sophia_Loren,blur,4.00000000,1,0.82182348,0
Sophia_Loren,blur,5.00000000,0,0.73429209,0
Sophia_Loren,occlusion,0.00000000,1,0.99882877,0
Sophia_Loren,occlusion,0.10000000,0,0.39888448,0
Sophia_Loren,occlusion,0.15000000,0,nan,1
Sophia_Loren,occlusion,0.20000000,0,nan,1
Sophia_Loren,occlusion,0.25000000,0,nan,1
Sophia_Loren,occlusion,0.30000000,0,nan,1
Sourav_Ganguly,gaussian,0.00000000,1,1.00000012,0
Sourav_Ganguly,gaussian,0.02000000,1,0.97440183,0
Sourav_Ganguly,gaussian,0.05000000,0,0.91935682,0
Sourav_Ganguly,gaussian,0.10000000,0,0.72258681,0
Sourav_Ganguly,gaussian,0.20000000,0,nan,1
Sourav_Ganguly,gaussian,0.30000000,0,nan,1
Sourav_Ganguly,brightness,1.00000000,1,1.00000012,0
Sourav_Ganguly,brightness,0.90000000,1,0.99853575,0
Sourav_Ganguly,brightness,0.80000000,1,0.99681258,0
Sourav_Ganguly,brightness,0.65000000,1,0.99239671,0
Sourav_Ganguly,brightness,0.50000000,1,0.98415422,0
Sourav_Ganguly,brightness,0.35000000,1,0.96864825,0
Sourav_Ganguly,rotation,0.00000000,1,1.00000012,0
Sourav_Ganguly,rotation,3.00000000,1,0.99783516,0
Sourav_Ganguly,rotation,6.00000000,1,0.99475121,0
Sourav_Ganguly,rotation,10.00000000,1,0.99524987,0
Sourav_Ganguly,rotation,15.00000000,1,0.99014509,0
Sourav_Ganguly,rotation,20.00000000,1,0.98882389,0
Sourav_Ganguly,blur,0.00000000,1,0.99640578,0
Sourav_Ganguly,blur,1.00000000,1,0.99620837,0
Sourav_Ganguly,blur,2.00000000,1,0.97851670,0
Sourav_Ganguly,blur,3.00000000,1,0.91847754,0
Sourav_Ganguly,blur,4.00000000,1,0.79077637,0
Sourav_Ganguly,blur,5.00000000,0,0.69240278,0
Sourav_Ganguly,occlusion,0.00000000,1,0.99768502,0
Sourav_Ganguly,occlusion,0.10000000,0,0.43143731,0
Sourav_Ganguly,occlusion,0.15000000,0,nan,1
Sourav_Ganguly,occlusion,0.20000000,0,nan,1
Sourav_Ganguly,occlusion,0.25000000,0,nan,1
Sourav_Ganguly,occlusion,0.30000000,0,nan,1
Spencer_Abraham,gaussian,0.00000000,1,1.00000000,0
Spencer_Abraham,gaussian,0.02000000,1,0.97908843,0
Spencer_Abraham,gaussian,0.05000000,1,0.94287074,0
Spencer_Abraham,gaussian,0.10000000,1,0.83768845,0
Spencer_Abraham,gaussian,0.20000000,0,nan,1
Spencer_Abraham,gaussian,0.30000000,0,nan,1
Spencer_Abraham,brightness,1.00000000,1,1.00000000,0
Spencer_Abraham,brightness,0.90000000,1,0.99945855,0
Spencer_Abraham,brightness,0.80000000,1,0.99819905,0
Spencer_Abraham,brightness,0.65000000,1,0.99533248,0
Spencer_Abraham,brightness,0.50000000,1,0.99067497,0
Spencer_Abraham,brightness,0.35000000,1,0.97923702,0
Spencer_Abraham,rotation,0.00000000,1,1.00000000,0
Spencer_Abraham,rotation,3.00000000,1,0.99654591,0
Spencer_Abraham,rotation,6.00000000,1,0.99677110,0
Spencer_Abraham,rotation,10.00000000,1,0.99592465,0
Spencer_Abraham,rotation,15.00000000,1,0.99314094,0
Spencer_Abraham,rotation,20.00000000,1,0.99108887,0
Spencer_Abraham,blur,0.00000000,1,0.99097562,0
Spencer_Abraham,blur,1.00000000,1,0.98921061,0
Spencer_Abraham,blur,2.00000000,1,0.93971866,0
Spencer_Abraham,blur,3.00000000,1,0.82560158,0
Spencer_Abraham,blur,4.00000000,1,0.71519464,0
Spencer_Abraham,blur,5.00000000,1,0.63049418,0
Spencer_Abraham,occlusion,0.00000000,1,0.99818349,0
Spencer_Abraham,occlusion,0.10000000,0,0.33678615,0
Spencer_Abraham,occlusion,0.15000000,0,0.04061149,0
Spencer_Abraham,occlusion,0.20000000,0,nan,1
Spencer_Abraham,occlusion,0.25000000,0,nan,1
Spencer_Abraham,occlusion,0.30000000,0,nan,1
Steffi_Graf,gaussian,0.00000000,1,1.00000000,0
Steffi_Graf,gaussian,0.02000000,1,0.97655058,0
Steffi_Graf,gaussian,0.05000000,1,0.91618872,0
Steffi_Graf,gaussian,0.10000000,0,0.83333814,0
Steffi_Graf,gaussian,0.20000000,0,nan,1
Steffi_Graf,gaussian,0.30000000,0,nan,1
Steffi_Graf,brightness,1.00000000,1,1.00000000,0
Steffi_Graf,brightness,0.90000000,1,0.99884045,0
Steffi_Graf,brightness,0.80000000,1,0.99703294,0
Steffi_Graf,brightness,0.65000000,1,0.99167675,0
Steffi_Graf,brightness,0.50000000,1,0.98531955,0
Steffi_Graf,brightness,0.35000000,1,0.97204840,0
Steffi_Graf,rotation,0.00000000,1,1.00000000,0
Steffi_Graf,rotation,3.00000000,1,0.99213058,0
Steffi_Graf,rotation,6.00000000,1,0.98280364,0
Steffi_Graf,rotation,10.00000000,1,0.97001266,0
Steffi_Graf,rotation,15.00000000,1,0.96426165,0
Steffi_Graf,rotation,20.00000000,1,0.95737916,0
Steffi_Graf,blur,0.00000000,1,0.99277472,0
Steffi_Graf,blur,1.00000000,1,0.99135506,0
Steffi_Graf,blur,2.00000000,1,0.94217408,0
Steffi_Graf,blur,3.00000000,1,0.82718259,0
Steffi_Graf,blur,4.00000000,0,0.68733573,0
Steffi_Graf,blur,5.00000000,0,0.56649244,0
Steffi_Graf,occlusion,0.00000000,1,0.99475670,0
Steffi_Graf,occlusion,0.10000000,0,0.27275693,0
Steffi_Graf,occlusion,0.15000000,0,nan,1
Steffi_Graf,occlusion,0.20000000,0,nan,1
Steffi_Graf,occlusion,0.25000000,0,nan,1
Steffi_Graf,occlusion,0.30000000,0,nan,1
Steve_Lavin,gaussian,0.00000000,1,1.00000000,0
Steve_Lavin,gaussian,0.02000000,1,0.98626357,0
Steve_Lavin,gaussian,0.05000000,1,0.94302130,0
Steve_Lavin,gaussian,0.10000000,0,0.81787694,0
Steve_Lavin,gaussian,0.20000000,0,nan,1
Steve_Lavin,gaussian,0.30000000,0,nan,1
Steve_Lavin,brightness,1.00000000,1,1.00000000,0
Steve_Lavin,brightness,0.90000000,1,0.99930584,0
Steve_Lavin,brightness,0.80000000,1,0.99808824,0
Steve_Lavin,brightness,0.65000000,1,0.99450004,0
Steve_Lavin,brightness,0.50000000,1,0.98984748,0
Steve_Lavin,brightness,0.35000000,1,0.98124105,0
Steve_Lavin,rotation,0.00000000,1,1.00000000,0
Steve_Lavin,rotation,3.00000000,1,0.99722958,0
Steve_Lavin,rotation,6.00000000,1,0.99542171,0
Steve_Lavin,rotation,10.00000000,1,0.99471545,0
Steve_Lavin,rotation,15.00000000,1,0.99528658,0
Steve_Lavin,rotation,20.00000000,1,0.99443728,0
Steve_Lavin,blur,0.00000000,1,0.99678850,0
Steve_Lavin,blur,1.00000000,1,0.99609840,0
Steve_Lavin,blur,2.00000000,1,0.96819305,0
Steve_Lavin,blur,3.00000000,0,0.90271080,0
Steve_Lavin,blur,4.00000000,0,0.79483527,0
Steve_Lavin,blur,5.00000000,0,0.68791032,0
Steve_Lavin,occlusion,0.00000000,1,0.99900526,0
Steve_Lavin,occlusion,0.10000000,0,0.11140089,0
Steve_Lavin,occlusion,0.15000000,0,0.11888429,0
Steve_Lavin,occlusion,0.20000000,0,nan,1
Steve_Lavin,occlusion,0.25000000,0,nan,1
Steve_Lavin,occlusion,0.30000000,0,-0.11998440,0
Steve_Nash,gaussian,0.00000000,1,1.00000012,0
Steve_Nash,gaussian,0.02000000,1,0.98683661,0
Steve_Nash,gaussian,0.05000000,1,0.93821961,0
Steve_Nash,gaussian,0.10000000,1,0.84832215,0
Steve_Nash,gaussian,0.20000000,0,nan,1
Steve_Nash,gaussian,0.30000000,0,nan,1
Steve_Nash,brightness,1.00000000,1,1.00000012,0
Steve_Nash,brightness,0.90000000,1,0.99924546,0
Steve_Nash,brightness,0.80000000,1,0.99783891,0
Steve_Nash,brightness,0.65000000,1,0.99423230,0
Steve_Nash,brightness,0.50000000,1,0.98761570,0
Steve_Nash,brightness,0.35000000,1,0.97982240,0
Steve_Nash,rotation,0.00000000,1,1.00000012,0
Steve_Nash,rotation,3.00000000,1,0.99813139,0
Steve_Nash,rotation,6.00000000,1,0.99765664,0
Steve_Nash,rotation,10.00000000,1,0.99734586,0
Steve_Nash,rotation,15.00000000,1,0.99696898,0
Steve_Nash,rotation,20.00000000,1,0.99054408,0
Steve_Nash,blur,0.00000000,1,0.99509978,0
Steve_Nash,blur,1.00000000,1,0.99371219,0
Steve_Nash,blur,2.00000000,1,0.95905465,0
Steve_Nash,blur,3.00000000,1,0.84966820,0
Steve_Nash,blur,4.00000000,1,0.71810031,0
Steve_Nash,blur,5.00000000,0,0.58759964,0
Steve_Nash,occlusion,0.00000000,1,0.99904740,0
Steve_Nash,occlusion,0.10000000,0,-0.07043347,0
Steve_Nash,occlusion,0.15000000,0,-0.07301824,0
Steve_Nash,occlusion,0.20000000,0,-0.07788655,0
Steve_Nash,occlusion,0.25000000,0,-0.08041194,0
Steve_Nash,occlusion,0.30000000,0,-0.09028509,0
Steven_Spielberg,gaussian,0.00000000,1,1.00000000,0
Steven_Spielberg,gaussian,0.02000000,1,0.98660600,0
Steven_Spielberg,gaussian,0.05000000,1,0.95009363,0
Steven_Spielberg,gaussian,0.10000000,1,0.84374720,0
Steven_Spielberg,gaussian,0.20000000,0,nan,1
Steven_Spielberg,gaussian,0.30000000,0,nan,1
Steven_Spielberg,brightness,1.00000000,1,1.00000000,0
Steven_Spielberg,brightness,0.90000000,1,0.99920315,0
Steven_Spielberg,brightness,0.80000000,1,0.99804962,0
Steven_Spielberg,brightness,0.65000000,1,0.99462461,0
Steven_Spielberg,brightness,0.50000000,1,0.98814106,0
Steven_Spielberg,brightness,0.35000000,1,0.97531098,0
Steven_Spielberg,rotation,0.00000000,1,1.00000000,0
Steven_Spielberg,rotation,3.00000000,1,0.99717629,0
Steven_Spielberg,rotation,6.00000000,1,0.99564999,0
Steven_Spielberg,rotation,10.00000000,1,0.99548262,0
Steven_Spielberg,rotation,15.00000000,1,0.99406910,0
Steven_Spielberg,rotation,20.00000000,1,0.99419755,0
Steven_Spielberg,blur,0.00000000,1,0.99280101,0
Steven_Spielberg,blur,1.00000000,1,0.99109638,0
Steven_Spielberg,blur,2.00000000,1,0.94344991,0
Steven_Spielberg,blur,3.00000000,1,0.86532712,0
Steven_Spielberg,blur,4.00000000,1,0.79164457,0
Steven_Spielberg,blur,5.00000000,0,0.71612883,0
Steven_Spielberg,occlusion,0.00000000,1,0.99871397,0
Steven_Spielberg,occlusion,0.10000000,0,nan,1
Steven_Spielberg,occlusion,0.15000000,0,nan,1
Steven_Spielberg,occlusion,0.20000000,0,nan,1
Steven_Spielberg,occlusion,0.25000000,0,nan,1
Steven_Spielberg,occlusion,0.30000000,0,nan,1
Susan_Sarandon,gaussian,0.00000000,1,1.00000000,0
Susan_Sarandon,gaussian,0.02000000,1,0.98562098,0
Susan_Sarandon,gaussian,0.05000000,1,0.94720405,0
Susan_Sarandon,gaussian,0.10000000,1,0.84393382,0
Susan_Sarandon,gaussian,0.20000000,0,nan,1
Susan_Sarandon,gaussian,0.30000000,0,nan,1
Susan_Sarandon,brightness,1.00000000,1,1.00000000,0
Susan_Sarandon,brightness,0.90000000,1,0.99930787,0
Susan_Sarandon,brightness,0.80000000,1,0.99804759,0
Susan_Sarandon,brightness,0.65000000,1,0.99416047,0
Susan_Sarandon,brightness,0.50000000,1,0.98940337,0
Susan_Sarandon,brightness,0.35000000,1,0.97953176,0
Susan_Sarandon,rotation,0.00000000,1,1.00000000,0
Susan_Sarandon,rotation,3.00000000,1,0.99671841,0
Susan_Sarandon,rotation,6.00000000,1,0.99603051,0
Susan_Sarandon,rotation,10.00000000,1,0.99112612,0
Susan_Sarandon,rotation,15.00000000,1,0.98984063,0
Susan_Sarandon,rotation,20.00000000,1,0.99039656,0
Susan_Sarandon,blur,0.00000000,1,0.99364221,0
Susan_Sarandon,blur,1.00000000,1,0.99277776,0
Susan_Sarandon,blur,2.00000000,1,0.96076345,0
Susan_Sarandon,blur,3.00000000,0,0.88132936,0
Susan_Sarandon,blur,4.00000000,0,0.72861594,0
Susan_Sarandon,blur,5.00000000,0,0.62667799,0
Susan_Sarandon,occlusion,0.00000000,1,0.99820369,0
Susan_Sarandon,occlusion,0.10000000,0,0.06180601,0
Susan_Sarandon,occlusion,0.15000000,0,0.04432894,0
Susan_Sarandon,occlusion,0.20000000,0,0.09325643,0
Susan_Sarandon,occlusion,0.25000000,0,0.06439506,0
Susan_Sarandon,occlusion,0.30000000,0,0.10343548,0
Sylvester_Stallone,gaussian,0.00000000,1,1.00000012,0
Sylvester_Stallone,gaussian,0.02000000,1,0.99164426,0
Sylvester_Stallone,gaussian,0.05000000,1,0.96041012,0
Sylvester_Stallone,gaussian,0.10000000,1,0.87779653,0
Sylvester_Stallone,gaussian,0.20000000,0,nan,1
Sylvester_Stallone,gaussian,0.30000000,0,nan,1
Sylvester_Stallone,brightness,1.00000000,1,1.00000012,0
Sylvester_Stallone,brightness,0.90000000,1,0.99955940,0
Sylvester_Stallone,brightness,0.80000000,1,0.99849349,0
Sylvester_Stallone,brightness,0.65000000,1,0.99640191,0
Sylvester_Stallone,brightness,0.50000000,1,0.99301475,0
Sylvester_Stallone,brightness,0.35000000,1,0.98491210,0
Sylvester_Stallone,rotation,0.00000000,1,1.00000012,0
Sylvester_Stallone,rotation,3.00000000,1,0.99723375,0
Sylvester_Stallone,rotation,6.00000000,1,0.99638021,0
Sylvester_Stallone,rotation,10.00000000,1,0.99584472,0
Sylvester_Stallone,rotation,15.00000000,1,0.99438584,0
Sylvester_Stallone,rotation,20.00000000,1,0.98955047,0
Sylvester_Stallone,blur,0.00000000,1,0.99532855,0
Sylvester_Stallone,blur,1.00000000,1,0.99447328,0
Sylvester_Stallone,blur,2.00000000,1,0.96218407,0
Sylvester_Stallone,blur,3.00000000,1,0.88697815,0
Sylvester_Stallone,blur,4.00000000,1,0.79459697,0
Sylvester_Stallone,blur,5.00000000,0,0.69252086,0
Sylvester_Stallone,occlusion,0.00000000,1,0.99879217,0
Sylvester_Stallone,occlusion,0.10000000,0,-0.02868660,0
Sylvester_Stallone,occlusion,0.15000000,0,-0.02882731,0
Sylvester_Stallone,occlusion,0.20000000,0,-0.03082069,0
Sylvester_Stallone,occlusion,0.25000000,0,-0.03068320,0
Sylvester_Stallone,occlusion,0.30000000,0,-0.02989964,0
Taha_Yassin_Ramadan,gaussian,0.00000000,1,1.00000012,0
Taha_Yassin_Ramadan,gaussian,0.02000000,1,0.99090099,0
Taha_Yassin_Ramadan,gaussian,0.05000000,1,0.96028942,0
Taha_Yassin_Ramadan,gaussian,0.10000000,1,0.92692035,0
Taha_Yassin_Ramadan,gaussian,0.20000000,0,nan,1
Taha_Yassin_Ramadan,gaussian,0.30000000,0,nan,1
Taha_Yassin_Ramadan,brightness,1.00000000,1,1.00000012,0
Taha_Yassin_Ramadan,brightness,0.90000000,1,0.99934858,0
Taha_Yassin_Ramadan,brightness,0.80000000,1,0.99839282,0
Taha_Yassin_Ramadan,brightness,0.65000000,1,0.99546641,0
Taha_Yassin_Ramadan,brightness,0.50000000,1,0.99193323,0
Taha_Yassin_Ramadan,brightness,0.35000000,1,0.98362577,0
Taha_Yassin_Ramadan,rotation,0.00000000,1,1.00000012,0
Taha_Yassin_Ramadan,rotation,3.00000000,1,0.99783677,0
Taha_Yassin_Ramadan,rotation,6.00000000,1,0.99751186,0
Taha_Yassin_Ramadan,rotation,10.00000000,1,0.99454403,0
Taha_Yassin_Ramadan,rotation,15.00000000,1,0.99248874,0
Taha_Yassin_Ramadan,rotation,20.00000000,1,0.99081838,0
Taha_Yassin_Ramadan,blur,0.00000000,1,0.99713558,0
Taha_Yassin_Ramadan,blur,1.00000000,1,0.99657106,0
Taha_Yassin_Ramadan,blur,2.00000000,1,0.97850001,0
Taha_Yassin_Ramadan,blur,3.00000000,1,0.94254321,0
Taha_Yassin_Ramadan,blur,4.00000000,1,0.88166964,0
Taha_Yassin_Ramadan,blur,5.00000000,0,0.78592718,0
Taha_Yassin_Ramadan,occlusion,0.00000000,1,0.99816626,0
Taha_Yassin_Ramadan,occlusion,0.10000000,0,0.44648421,0
Taha_Yassin_Ramadan,occlusion,0.15000000,0,nan,1
Taha_Yassin_Ramadan,occlusion,0.20000000,0,nan,1
Taha_Yassin_Ramadan,occlusion,0.25000000,0,nan,1
Taha_Yassin_Ramadan,occlusion,0.30000000,0,nan,1
Tang_Jiaxuan,gaussian,0.00000000,1,1.00000000,0
Tang_Jiaxuan,gaussian,0.02000000,1,0.99220127,0
Tang_Jiaxuan,gaussian,0.05000000,1,0.95238078,0
Tang_Jiaxuan,gaussian,0.10000000,1,0.86284089,0
Tang_Jiaxuan,gaussian,0.20000000,0,nan,1
Tang_Jiaxuan,gaussian,0.30000000,0,nan,1
Tang_Jiaxuan,brightness,1.00000000,1,1.00000000,0
Tang_Jiaxuan,brightness,0.90000000,1,0.99943626,0
Tang_Jiaxuan,brightness,0.80000000,1,0.99818498,0
Tang_Jiaxuan,brightness,0.65000000,1,0.99474168,0
Tang_Jiaxuan,brightness,0.50000000,1,0.99085927,0
Tang_Jiaxuan,brightness,0.35000000,1,0.98346061,0
Tang_Jiaxuan,rotation,0.00000000,1,1.00000000,0
Tang_Jiaxuan,rotation,3.00000000,1,0.99661291,0
Tang_Jiaxuan,rotation,6.00000000,1,0.99597734,0
Tang_Jiaxuan,rotation,10.00000000,1,0.99475098,0
Tang_Jiaxuan,rotation,15.00000000,1,0.99153626,0
Tang_Jiaxuan,rotation,20.00000000,1,0.99139512,0
Tang_Jiaxuan,blur,0.00000000,1,0.99459648,0
Tang_Jiaxuan,blur,1.00000000,1,0.99334502,0
Tang_Jiaxuan,blur,2.00000000,1,0.96067256,0
Tang_Jiaxuan,blur,3.00000000,1,0.90125227,0
Tang_Jiaxuan,blur,4.00000000,1,0.79819763,0
Tang_Jiaxuan,blur,5.00000000,1,0.69949764,0
Tang_Jiaxuan,occlusion,0.00000000,1,0.99912971,0
Tang_Jiaxuan,occlusion,0.10000000,0,0.28099740,0
Tang_Jiaxuan,occlusion,0.15000000,0,0.10773028,0
Tang_Jiaxuan,occlusion,0.20000000,0,nan,1
Tang_Jiaxuan,occlusion,0.25000000,0,nan,1
Tang_Jiaxuan,occlusion,0.30000000,0,nan,1
Tariq_Aziz,gaussian,0.00000000,1,1.00000012,0
Tariq_Aziz,gaussian,0.02000000,1,0.99124175,0
Tariq_Aziz,gaussian,0.05000000,1,0.95326602,0
Tariq_Aziz,gaussian,0.10000000,1,0.86347747,0
Tariq_Aziz,gaussian,0.20000000,0,nan,1
Tariq_Aziz,gaussian,0.30000000,0,nan,1
Tariq_Aziz,brightness,1.00000000,1,1.00000012,0
Tariq_Aziz,brightness,0.90000000,1,0.99938017,0
Tariq_Aziz,brightness,0.80000000,1,0.99838185,0
Tariq_Aziz,brightness,0.65000000,1,0.99519575,0
Tariq_Aziz,brightness,0.50000000,1,0.98987216,0
Tariq_Aziz,brightness,0.35000000,1,0.97994101,0
Tariq_Aziz,rotation,0.00000000,1,1.00000012,0
Tariq_Aziz,rotation,3.00000000,1,0.99788141,0
Tariq_Aziz,rotation,6.00000000,1,0.99676710,0
Tariq_Aziz,rotation,10.00000000,1,0.99649352,0
Tariq_Aziz,rotation,15.00000000,1,0.99294919,0
Tariq_Aziz,rotation,20.00000000,1,0.99168068,0
Tariq_Aziz,blur,0.00000000,1,0.99596441,0
Tariq_Aziz,blur,1.00000000,1,0.99510491,0
Tariq_Aziz,blur,2.00000000,1,0.96869719,0
Tariq_Aziz,blur,3.00000000,1,0.90222716,0
Tariq_Aziz,blur,4.00000000,1,0.82715386,0
Tariq_Aziz,blur,5.00000000,1,0.73259830,0
Tariq_Aziz,occlusion,0.00000000,1,0.99920380,0
Tariq_Aziz,occlusion,0.10000000,0,0.01261529,0
Tariq_Aziz,occlusion,0.15000000,0,0.01302719,0
Tariq_Aziz,occlusion,0.20000000,0,0.01212890,0
Tariq_Aziz,occlusion,0.25000000,0,0.01730717,0
Tariq_Aziz,occlusion,0.30000000,0,0.01121281,0
Thaksin_Shinawatra,gaussian,0.00000000,1,1.00000000,0
Thaksin_Shinawatra,gaussian,0.02000000,1,0.98715127,0
Thaksin_Shinawatra,gaussian,0.05000000,1,0.95017797,0
Thaksin_Shinawatra,gaussian,0.10000000,1,0.90538937,0
Thaksin_Shinawatra,gaussian,0.20000000,0,nan,1
Thaksin_Shinawatra,gaussian,0.30000000,0,nan,1
Thaksin_Shinawatra,brightness,1.00000000,1,1.00000000,0
Thaksin_Shinawatra,brightness,0.90000000,1,0.99873173,0
Thaksin_Shinawatra,brightness,0.80000000,1,0.99675643,0
Thaksin_Shinawatra,brightness,0.65000000,1,0.99304366,0
Thaksin_Shinawatra,brightness,0.50000000,1,0.98777592,0
Thaksin_Shinawatra,brightness,0.35000000,1,0.97987145,0
Thaksin_Shinawatra,rotation,0.00000000,1,1.00000000,0
Thaksin_Shinawatra,rotation,3.00000000,1,0.99879593,0
Thaksin_Shinawatra,rotation,6.00000000,1,0.99853915,0
Thaksin_Shinawatra,rotation,10.00000000,1,0.99750727,0
Thaksin_Shinawatra,rotation,15.00000000,1,0.99796939,0
Thaksin_Shinawatra,rotation,20.00000000,1,0.99552262,0
Thaksin_Shinawatra,blur,0.00000000,1,0.99716413,0
Thaksin_Shinawatra,blur,1.00000000,1,0.99666750,0
Thaksin_Shinawatra,blur,2.00000000,1,0.97679079,0
Thaksin_Shinawatra,blur,3.00000000,1,0.93638945,0
Thaksin_Shinawatra,blur,4.00000000,1,0.86993945,0
Thaksin_Shinawatra,blur,5.00000000,1,0.79176039,0
Thaksin_Shinawatra,occlusion,0.00000000,1,0.99892855,0
Thaksin_Shinawatra,occlusion,0.10000000,0,0.42869180,0
Thaksin_Shinawatra,occlusion,0.15000000,0,nan,1
Thaksin_Shinawatra,occlusion,0.20000000,0,nan,1
Thaksin_Shinawatra,occlusion,0.25000000,0,nan,1
Thaksin_Shinawatra,occlusion,0.30000000,0,nan,1
Thomas_OBrien,gaussian,0.00000000,1,1.00000012,0
Thomas_OBrien,gaussian,0.02000000,1,0.98999155,0
Thomas_OBrien,gaussian,0.05000000,1,0.94696903,0
Thomas_OBrien,gaussian,0.10000000,1,0.83214825,0
Thomas_OBrien,gaussian,0.20000000,0,nan,1
Thomas_OBrien,gaussian,0.30000000,0,nan,1
Thomas_OBrien,brightness,1.00000000,1,1.00000012,0
Thomas_OBrien,brightness,0.90000000,1,0.99890834,0
Thomas_OBrien,brightness,0.80000000,1,0.99726582,0
Thomas_OBrien,brightness,0.65000000,1,0.99389052,0
Thomas_OBrien,brightness,0.50000000,1,0.99022120,0
Thomas_OBrien,brightness,0.35000000,1,0.98112398,0
Thomas_OBrien,rotation,0.00000000,1,1.00000012,0
Thomas_OBrien,rotation,3.00000000,1,0.99772483,0
Thomas_OBrien,rotation,6.00000000,1,0.99726075,0
Thomas_OBrien,rotation,10.00000000,1,0.99490017,0
Thomas_OBrien,rotation,15.00000000,1,0.99142927,0
Thomas_OBrien,rotation,20.00000000,1,0.98736393,0
Thomas_OBrien,blur,0.00000000,1,0.99538273,0
Thomas_OBrien,blur,1.00000000,1,0.99457210,0
Thomas_OBrien,blur,2.00000000,1,0.96660542,0
Thomas_OBrien,blur,3.00000000,1,0.89149386,0
Thomas_OBrien,blur,4.00000000,0,0.78224093,0
Thomas_OBrien,blur,5.00000000,0,0.67761254,0
Thomas_OBrien,occlusion,0.00000000,1,0.99913335,0
Thomas_OBrien,occlusion,0.10000000,0,0.41184646,0
Thomas_OBrien,occlusion,0.15000000,0,-0.00698777,0
Thomas_OBrien,occlusion,0.20000000,0,-0.01085797,0
Thomas_OBrien,occlusion,0.25000000,0,-0.00861891,0
Thomas_OBrien,occlusion,0.30000000,0,-0.03159157,0
Tiger_Woods,gaussian,0.00000000,1,1.00000000,0
Tiger_Woods,gaussian,0.02000000,1,0.98350120,0
Tiger_Woods,gaussian,0.05000000,1,0.94030017,0
Tiger_Woods,gaussian,0.10000000,1,0.82598388,0
Tiger_Woods,gaussian,0.20000000,0,0.29203549,0
Tiger_Woods,gaussian,0.30000000,0,nan,1
Tiger_Woods,brightness,1.00000000,1,1.00000000,0
Tiger_Woods,brightness,0.90000000,1,0.99936497,0
Tiger_Woods,brightness,0.80000000,1,0.99798298,0
Tiger_Woods,brightness,0.65000000,1,0.99535489,0
Tiger_Woods,brightness,0.50000000,1,0.98998129,0
Tiger_Woods,brightness,0.35000000,1,0.97770941,0
Tiger_Woods,rotation,0.00000000,1,1.00000000,0
Tiger_Woods,rotation,3.00000000,1,0.99683625,0
Tiger_Woods,rotation,6.00000000,1,0.99518102,0
Tiger_Woods,rotation,10.00000000,1,0.99593276,0
Tiger_Woods,rotation,15.00000000,1,0.99317503,0
Tiger_Woods,rotation,20.00000000,1,0.99414837,0
Tiger_Woods,blur,0.00000000,1,0.98857021,0
Tiger_Woods,blur,1.00000000,1,0.98698282,0
Tiger_Woods,blur,2.00000000,1,0.92357683,0
Tiger_Woods,blur,3.00000000,1,0.79373038,0
Tiger_Woods,blur,4.00000000,0,0.66398668,0
Tiger_Woods,blur,5.00000000,0,0.51500428,0
Tiger_Woods,occlusion,0.00000000,1,0.99860489,0
Tiger_Woods,occlusion,0.10000000,0,nan,1
Tiger_Woods,occlusion,0.15000000,0,nan,1
Tiger_Woods,occlusion,0.20000000,0,nan,1
Tiger_Woods,occlusion,0.25000000,0,nan,1
Tiger_Woods,occlusion,0.30000000,0,nan,1
Tim_Henman,gaussian,0.00000000,1,1.00000000,0
Tim_Henman,gaussian,0.02000000,1,0.97858459,0
Tim_Henman,gaussian,0.05000000,1,0.93020183,0
Tim_Henman,gaussian,0.10000000,0,0.81010896,0
Tim_Henman,gaussian,0.20000000,0,nan,1
Tim_Henman,gaussian,0.30000000,0,nan,1
Tim_Henman,brightness,1.00000000,1,1.00000000,0
Tim_Henman,brightness,0.90000000,1,0.99937993,0
Tim_Henman,brightness,0.80000000,1,0.99741518,0
Tim_Henman,brightness,0.65000000,1,0.99310410,0
Tim_Henman,brightness,0.50000000,1,0.98772585,0
Tim_Henman,brightness,0.35000000,1,0.97596812,0
Tim_Henman,rotation,0.00000000,1,1.00000000,0
Tim_Henman,rotation,3.00000000,1,0.99508333,0
Tim_Henman,rotation,6.00000000,1,0.99288428,0
Tim_Henman,rotation,10.00000000,1,0.98905259,0
Tim_Henman,rotation,15.00000000,1,0.98922968,0
Tim_Henman,rotation,20.00000000,1,0.98846924,0
Tim_Henman,blur,0.00000000,1,0.99006456,0
Tim_Henman,blur,1.00000000,1,0.98852599,0
Tim_Henman,blur,2.00000000,1,0.94217622,0
Tim_Henman,blur,3.00000000,1,0.86039388,0
Tim_Henman,blur,4.00000000,0,0.76848328,0
Tim_Henman,blur,5.00000000,0,0.67221361,0
Tim_Henman,occlusion,0.00000000,1,0.99423283,0
Tim_Henman,occlusion,0.10000000,0,0.23102999,0
Tim_Henman,occlusion,0.15000000,0,nan,1
Tim_Henman,occlusion,0.20000000,0,nan,1
Tim_Henman,occlusion,0.25000000,0,nan,1
Tim_Henman,occlusion,0.30000000,0,nan,1
Tim_Robbins,gaussian,0.00000000,1,1.00000000,0
Tim_Robbins,gaussian,0.02000000,1,0.98221135,0
Tim_Robbins,gaussian,0.05000000,1,0.92900437,0
Tim_Robbins,gaussian,0.10000000,1,0.83106756,0
Tim_Robbins,gaussian,0.20000000,0,nan,1
Tim_Robbins,gaussian,0.30000000,0,nan,1
Tim_Robbins,brightness,1.00000000,1,1.00000000,0
Tim_Robbins,brightness,0.90000000,1,0.99925971,0
Tim_Robbins,brightness,0.80000000,1,0.99836481,0
Tim_Robbins,brightness,0.65000000,1,0.99583304,0
Tim_Robbins,brightness,0.50000000,1,0.99096942,0
Tim_Robbins,brightness,0.35000000,1,0.98058140,0
Tim_Robbins,rotation,0.00000000,1,1.00000000,0
Tim_Robbins,rotation,3.00000000,1,0.99734056,0
Tim_Robbins,rotation,6.00000000,1,0.99671471,0
Tim_Robbins,rotation,10.00000000,1,0.99641955,0
Tim_Robbins,rotation,15.00000000,1,0.99574566,0
Tim_Robbins,rotation,20.00000000,1,0.99690235,0
Tim_Robbins,blur,0.00000000,1,0.99470437,0
Tim_Robbins,blur,1.00000000,1,0.99345589,0
Tim_Robbins,blur,2.00000000,1,0.95818269,0
Tim_Robbins,blur,3.00000000,1,0.85914755,0
Tim_Robbins,blur,4.00000000,1,0.71386671,0
Tim_Robbins,blur,5.00000000,1,0.60162151,0
Tim_Robbins,occlusion,0.00000000,1,0.99885547,0
Tim_Robbins,occlusion,0.10000000,0,0.36465204,0
Tim_Robbins,occlusion,0.15000000,0,nan,1
Tim_Robbins,occlusion,0.20000000,0,nan,1
Tim_Robbins,occlusion,0.25000000,0,nan,1
Tim_Robbins,occlusion,0.30000000,0,nan,1
Tom_Crean,gaussian,0.00000000,1,1.00000000,0
Tom_Crean,gaussian,0.02000000,1,0.98649049,0
Tom_Crean,gaussian,0.05000000,1,0.94690728,0
Tom_Crean,gaussian,0.10000000,1,0.88065052,0
Tom_Crean,gaussian,0.20000000,0,nan,1
Tom_Crean,gaussian,0.30000000,0,nan,1
Tom_Crean,brightness,1.00000000,1,1.00000000,0
Tom_Crean,brightness,0.90000000,1,0.99922866,0
Tom_Crean,brightness,0.80000000,1,0.99796164,0
Tom_Crean,brightness,0.65000000,1,0.99541020,0
Tom_Crean,brightness,0.50000000,1,0.98990464,0
Tom_Crean,brightness,0.35000000,1,0.98061818,0
Tom_Crean,rotation,0.00000000,1,1.00000000,0
Tom_Crean,rotation,3.00000000,1,0.99762756,0
Tom_Crean,rotation,6.00000000,1,0.99668610,0
Tom_Crean,rotation,10.00000000,1,0.99684352,0
Tom_Crean,rotation,15.00000000,1,0.99679130,0
Tom_Crean,rotation,20.00000000,1,0.99659538,0
Tom_Crean,blur,0.00000000,1,0.99386001,0
Tom_Crean,blur,1.00000000,1,0.99233955,0
Tom_Crean,blur,2.00000000,1,0.96134716,0
Tom_Crean,blur,3.00000000,1,0.89272332,0
Tom_Crean,blur,4.00000000,0,0.79077184,0
Tom_Crean,blur,5.00000000,0,0.67003143,0
Tom_Crean,occlusion,0.00000000,1,0.99908507,0
Tom_Crean,occlusion,0.10000000,0,0.18893719,0
Tom_Crean,occlusion,0.15000000,0,nan,1
Tom_Crean,occlusion,0.20000000,0,nan,1
Tom_Crean,occlusion,0.25000000,0,nan,1
Tom_Crean,occlusion,0.30000000,0,nan,1
Tom_Cruise,gaussian,0.00000000,1,1.00000012,0
Tom_Cruise,gaussian,0.02000000,1,0.98872232,0
Tom_Cruise,gaussian,0.05000000,1,0.95565462,0
Tom_Cruise,gaussian,0.10000000,1,0.84103888,0
Tom_Cruise,gaussian,0.20000000,0,nan,1
Tom_Cruise,gaussian,0.30000000,0,nan,1
Tom_Cruise,brightness,1.00000000,1,1.00000012,0
Tom_Cruise,brightness,0.90000000,1,0.99930406,0
Tom_Cruise,brightness,0.80000000,1,0.99803662,0
Tom_Cruise,brightness,0.65000000,1,0.99415094,0
Tom_Cruise,brightness,0.50000000,1,0.98629183,0
Tom_Cruise,brightness,0.35000000,1,0.97704709,0
Tom_Cruise,rotation,0.00000000,1,1.00000012,0
Tom_Cruise,rotation,3.00000000,1,0.99824446,0
Tom_Cruise,rotation,6.00000000,1,0.99860811,0
Tom_Cruise,rotation,10.00000000,1,0.99775052,0
Tom_Cruise,rotation,15.00000000,1,0.99651462,0
Tom_Cruise,rotation,20.00000000,1,0.99520218,0
Tom_Cruise,blur,0.00000000,1,0.99594831,0
Tom_Cruise,blur,1.00000000,1,0.99520087,0
Tom_Cruise,blur,2.00000000,1,0.96371186,0
Tom_Cruise,blur,3.00000000,1,0.88040400,0
Tom_Cruise,blur,4.00000000,1,0.75291264,0
Tom_Cruise,blur,5.00000000,0,0.66810369,0
Tom_Cruise,occlusion,0.00000000,1,0.99926537,0
Tom_Cruise,occlusion,0.10000000,0,0.49409205,0
Tom_Cruise,occlusion,0.15000000,0,nan,1
Tom_Cruise,occlusion,0.20000000,0,nan,1
Tom_Cruise,occlusion,0.25000000,0,nan,1
Tom_Cruise,occlusion,0.30000000,0,nan,1
Tom_Daschle,gaussian,0.00000000,1,0.99999982,0
Tom_Daschle,gaussian,0.02000000,1,0.99018836,0
Tom_Daschle,gaussian,0.05000000,1,0.96209830,0
Tom_Daschle,gaussian,0.10000000,1,0.92018020,0
Tom_Daschle,gaussian,0.20000000,0,nan,1
Tom_Daschle,gaussian,0.30000000,0,nan,1
Tom_Daschle,brightness,1.00000000,1,0.99999982,0
Tom_Daschle,brightness,0.90000000,1,0.99908507,0
Tom_Daschle,brightness,0.80000000,1,0.99743795,0
Tom_Daschle,brightness,0.65000000,1,0.99433053,0
Tom_Daschle,brightness,0.50000000,1,0.99015784,0
Tom_Daschle,brightness,0.35000000,1,0.98231262,0
Tom_Daschle,rotation,0.00000000,1,0.99999982,0
Tom_Daschle,rotation,3.00000000,1,0.99556738,0
Tom_Daschle,rotation,6.00000000,1,0.99417335,0
Tom_Daschle,rotation,10.00000000,1,0.99484777,0
Tom_Daschle,rotation,15.00000000,1,0.99202216,0
Tom_Daschle,rotation,20.00000000,1,0.98979127,0
Tom_Daschle,blur,0.00000000,1,0.99559772,0
Tom_Daschle,blur,1.00000000,1,0.99458635,0
Tom_Daschle,blur,2.00000000,1,0.96478695,0
Tom_Daschle,blur,3.00000000,1,0.90406752,0
Tom_Daschle,blur,4.00000000,1,0.81829488,0
Tom_Daschle,blur,5.00000000,1,0.72100067,0
Tom_Daschle,occlusion,0.00000000,1,0.99861026,0
Tom_Daschle,occlusion,0.10000000,0,0.36381200,0
Tom_Daschle,occlusion,0.15000000,0,nan,1
Tom_Daschle,occlusion,0.20000000,0,nan,1
Tom_Daschle,occlusion,0.25000000,0,nan,1
Tom_Daschle,occlusion,0.30000000,0,nan,1
Tom_Hanks,gaussian,0.00000000,1,0.99999988,0
Tom_Hanks,gaussian,0.02000000,1,0.98089874,0
Tom_Hanks,gaussian,0.05000000,1,0.93121737,0
Tom_Hanks,gaussian,0.10000000,1,0.83941293,0
Tom_Hanks,gaussian,0.20000000,0,nan,1
Tom_Hanks,gaussian,0.30000000,0,nan,1
Tom_Hanks,brightness,1.00000000,1,0.99999988,0
Tom_Hanks,brightness,0.90000000,1,0.99928212,0
Tom_Hanks,brightness,0.80000000,1,0.99816895,0
Tom_Hanks,brightness,0.65000000,1,0.99525958,0
Tom_Hanks,brightness,0.50000000,1,0.99135131,0
Tom_Hanks,brightness,0.35000000,1,0.98074031,0
Tom_Hanks,rotation,0.00000000,1,0.99999988,0
Tom_Hanks,rotation,3.00000000,1,0.99786335,0
Tom_Hanks,rotation,6.00000000,1,0.99738538,0
Tom_Hanks,rotation,10.00000000,1,0.99791741,0
Tom_Hanks,rotation,15.00000000,1,0.99728882,0
Tom_Hanks,rotation,20.00000000,1,0.99480766,0
Tom_Hanks,blur,0.00000000,1,0.99579138,0
Tom_Hanks,blur,1.00000000,1,0.99522734,0
Tom_Hanks,blur,2.00000000,1,0.97091836,0
Tom_Hanks,blur,3.00000000,1,0.87588531,0
Tom_Hanks,blur,4.00000000,0,0.73397839,0
Tom_Hanks,blur,5.00000000,0,0.59133220,0
Tom_Hanks,occlusion,0.00000000,1,0.99936825,0
Tom_Hanks,occlusion,0.10000000,0,0.07214578,0
Tom_Hanks,occlusion,0.15000000,0,0.07302431,0
Tom_Hanks,occlusion,0.20000000,0,0.07418396,0
Tom_Hanks,occlusion,0.25000000,0,0.07473685,0
Tom_Hanks,occlusion,0.30000000,0,0.07388337,0
Tom_Harkin,gaussian,0.00000000,1,1.00000000,0
Tom_Harkin,gaussian,0.02000000,1,0.98913920,0
Tom_Harkin,gaussian,0.05000000,1,0.94289243,0
Tom_Harkin,gaussian,0.10000000,1,0.86545396,0
Tom_Harkin,gaussian,0.20000000,0,nan,1
Tom_Harkin,gaussian,0.30000000,0,nan,1
Tom_Harkin,brightness,1.00000000,1,1.00000000,0
Tom_Harkin,brightness,0.90000000,1,0.99940723,0
Tom_Harkin,brightness,0.80000000,1,0.99834895,0
Tom_Harkin,brightness,0.65000000,1,0.99655229,0
Tom_Harkin,brightness,0.50000000,1,0.99293208,0
Tom_Harkin,brightness,0.35000000,1,0.98552233,0
Tom_Harkin,rotation,0.00000000,1,1.00000000,0
Tom_Harkin,rotation,3.00000000,1,0.99719417,0
Tom_Harkin,rotation,6.00000000,1,0.99541891,0
Tom_Harkin,rotation,10.00000000,1,0.99506509,0
Tom_Harkin,rotation,15.00000000,1,0.99532932,0
Tom_Harkin,rotation,20.00000000,1,0.98908174,0
Tom_Harkin,blur,0.00000000,1,0.99153495,0
Tom_Harkin,blur,1.00000000,1,0.99040115,0
Tom_Harkin,blur,2.00000000,1,0.95278394,0
Tom_Harkin,blur,3.00000000,1,0.88224304,0
Tom_Harkin,blur,4.00000000,1,0.78992903,0
Tom_Harkin,blur,5.00000000,1,0.67077905,0
Tom_Harkin,occlusion,0.00000000,1,0.99935889,0
Tom_Harkin,occlusion,0.10000000,0,0.09655511,0
Tom_Harkin,occlusion,0.15000000,0,0.09482483,0
Tom_Harkin,occlusion,0.20000000,0,0.09533004,0
Tom_Harkin,occlusion,0.25000000,0,0.09003989,0
Tom_Harkin,occlusion,0.30000000,0,0.09139255,0
Tom_Ridge,gaussian,0.00000000,1,1.00000012,0
Tom_Ridge,gaussian,0.02000000,1,0.99099219,0
Tom_Ridge,gaussian,0.05000000,1,0.95639211,0
Tom_Ridge,gaussian,0.10000000,1,0.91435641,0
Tom_Ridge,gaussian,0.20000000,0,nan,1
Tom_Ridge,gaussian,0.30000000,0,nan,1
Tom_Ridge,brightness,1.00000000,1,1.00000012,0
Tom_Ridge,brightness,0.90000000,1,0.99950206,0
Tom_Ridge,brightness,0.80000000,1,0.99853897,0
Tom_Ridge,brightness,0.65000000,1,0.99640763,0
Tom_Ridge,brightness,0.50000000,1,0.99260962,0
Tom_Ridge,brightness,0.35000000,1,0.98647314,0
Tom_Ridge,rotation,0.00000000,1,1.00000012,0
Tom_Ridge,rotation,3.00000000,1,0.99811947,0
Tom_Ridge,rotation,6.00000000,1,0.99814171,0
Tom_Ridge,rotation,10.00000000,1,0.99762940,0
Tom_Ridge,rotation,15.00000000,1,0.99829674,0
Tom_Ridge,rotation,20.00000000,1,0.99498522,0
Tom_Ridge,blur,0.00000000,1,0.99580157,0
Tom_Ridge,blur,1.00000000,1,0.99505866,0
Tom_Ridge,blur,2.00000000,1,0.96546030,0
Tom_Ridge,blur,3.00000000,1,0.88887680,0
Tom_Ridge,blur,4.00000000,1,0.76940346,0
Tom_Ridge,blur,5.00000000,1,0.64770311,0
Tom_Ridge,occlusion,0.00000000,1,0.99941540,0
Tom_Ridge,occlusion,0.10000000,0,0.34914720,0
Tom_Ridge,occlusion,0.15000000,0,nan,1
Tom_Ridge,occlusion,0.20000000,0,nan,1
Tom_Ridge,occlusion,0.25000000,0,nan,1
Tom_Ridge,occlusion,0.30000000,0,nan,1
Tommy_Franks,gaussian,0.00000000,1,1.00000012,0
Tommy_Franks,gaussian,0.02000000,1,0.98677510,0
Tommy_Franks,gaussian,0.05000000,1,0.94554973,0
Tommy_Franks,gaussian,0.10000000,1,0.85747170,0
Tommy_Franks,gaussian,0.20000000,0,nan,1
Tommy_Franks,gaussian,0.30000000,0,nan,1
Tommy_Franks,brightness,1.00000000,1,1.00000012,0
Tommy_Franks,brightness,0.90000000,1,0.99940759,0
Tommy_Franks,brightness,0.80000000,1,0.99818057,0
Tommy_Franks,brightness,0.65000000,1,0.99519789,0
Tommy_Franks,brightness,0.50000000,1,0.99074447,0
Tommy_Franks,brightness,0.35000000,1,0.98198879,0
Tommy_Franks,rotation,0.00000000,1,1.00000012,0
Tommy_Franks,rotation,3.00000000,1,0.99841177,0
Tommy_Franks,rotation,6.00000000,1,0.99803662,0
Tommy_Franks,rotation,10.00000000,1,0.99711972,0
Tommy_Franks,rotation,15.00000000,1,0.99409783,0
Tommy_Franks,rotation,20.00000000,1,0.99262393,0
Tommy_Franks,blur,0.00000000,1,0.99667519,0
Tommy_Franks,blur,1.00000000,1,0.99635321,0
Tommy_Franks,blur,2.00000000,1,0.97198099,0
Tommy_Franks,blur,3.00000000,1,0.91140819,0
Tommy_Franks,blur,4.00000000,1,0.82296896,0
Tommy_Franks,blur,5.00000000,0,0.71488965,0
Tommy_Franks,occlusion,0.00000000,1,0.99865329,0
Tommy_Franks,occlusion,0.10000000,0,0.45434299,0
Tommy_Franks,occlusion,0.15000000,0,nan,1
Tommy_Franks,occlusion,0.20000000,0,nan,1
Tommy_Franks,occlusion,0.25000000,0,0.05847628,0
Tommy_Franks,occlusion,0.30000000,0,nan,1
Tommy_Haas,gaussian,0.00000000,1,1.00000000,0
Tommy_Haas,gaussian,0.02000000,1,0.99025702,0
Tommy_Haas,gaussian,0.05000000,1,0.93470979,0
Tommy_Haas,gaussian,0.10000000,1,0.85537547,0
Tommy_Haas,gaussian,0.20000000,0,nan,1
Tommy_Haas,gaussian,0.30000000,0,nan,1
Tommy_Haas,brightness,1.00000000,1,1.00000000,0
Tommy_Haas,brightness,0.90000000,1,0.99901050,0
Tommy_Haas,brightness,0.80000000,1,0.99715877,0
Tommy_Haas,brightness,0.65000000,1,0.99291331,0
Tommy_Haas,brightness,0.50000000,1,0.98621464,0
Tommy_Haas,brightness,0.35000000,1,0.97767979,0
Tommy_Haas,rotation,0.00000000,1,1.00000000,0
Tommy_Haas,rotation,3.00000000,1,0.99818224,0
Tommy_Haas,rotation,6.00000000,1,0.99798059,0
Tommy_Haas,rotation,10.00000000,1,0.99627477,0
Tommy_Haas,rotation,15.00000000,1,0.99351943,0
Tommy_Haas,rotation,20.00000000,1,0.98619771,0
Tommy_Haas,blur,0.00000000,1,0.99615431,0
Tommy_Haas,blur,1.00000000,1,0.99546444,0
Tommy_Haas,blur,2.00000000,1,0.96760285,0
Tommy_Haas,blur,3.00000000,1,0.89667857,0
Tommy_Haas,blur,4.00000000,1,0.78178072,0
Tommy_Haas,blur,5.00000000,0,0.65701437,0
Tommy_Haas,occlusion,0.00000000,1,0.99936259,0
Tommy_Haas,occlusion,0.10000000,0,0.29802495,0
Tommy_Haas,occlusion,0.15000000,0,nan,1
Tommy_Haas,occlusion,0.20000000,0,nan,1
Tommy_Haas,occlusion,0.25000000,0,nan,1
Tommy_Haas,occlusion,0.30000000,0,nan,1
Tommy_Thompson,gaussian,0.00000000,1,1.00000000,0
Tommy_Thompson,gaussian,0.02000000,1,0.98153061,0
Tommy_Thompson,gaussian,0.05000000,1,0.92630148,0
Tommy_Thompson,gaussian,0.10000000,0,0.79884762,0
Tommy_Thompson,gaussian,0.20000000,0,nan,1
Tommy_Thompson,gaussian,0.30000000,0,nan,1
Tommy_Thompson,brightness,1.00000000,1,1.00000000,0
Tommy_Thompson,brightness,0.90000000,1,0.99932528,0
Tommy_Thompson,brightness,0.80000000,1,0.99697101,0
Tommy_Thompson,brightness,0.65000000,1,0.99109840,0
Tommy_Thompson,brightness,0.50000000,1,0.98380685,0
Tommy_Thompson,brightness,0.35000000,1,0.96948451,0
Tommy_Thompson,rotation,0.00000000,1,1.00000000,0
Tommy_Thompson,rotation,3.00000000,1,0.99823880,0
Tommy_Thompson,rotation,6.00000000,1,0.99878407,0
Tommy_Thompson,rotation,10.00000000,1,0.99847555,0
Tommy_Thompson,rotation,15.00000000,1,0.99490619,0
Tommy_Thompson,rotation,20.00000000,1,0.99295765,0
Tommy_Thompson,blur,0.00000000,1,0.99754548,0
Tommy_Thompson,blur,1.00000000,1,0.99683005,0
Tommy_Thompson,blur,2.00000000,1,0.97646379,0
Tommy_Thompson,blur,3.00000000,1,0.93006217,0
Tommy_Thompson,blur,4.00000000,1,0.85333556,0
Tommy_Thompson,blur,5.00000000,0,0.75623047,0
Tommy_Thompson,occlusion,0.00000000,1,0.99757516,0
Tommy_Thompson,occlusion,0.10000000,0,nan,1
Tommy_Thompson,occlusion,0.15000000,0,nan,1
Tommy_Thompson,occlusion,0.20000000,0,nan,1
Tommy_Thompson,occlusion,0.25000000,0,nan,1
Tommy_Thompson,occlusion,0.30000000,0,nan,1
Tony_Blair,gaussian,0.00000000,1,1.00000000,0
Tony_Blair,gaussian,0.02000000,1,0.98402125,0
Tony_Blair,gaussian,0.05000000,1,0.93304217,0
Tony_Blair,gaussian,0.10000000,1,0.89120466,0
Tony_Blair,gaussian,0.20000000,0,0.74734282,0
Tony_Blair,gaussian,0.30000000,0,nan,1
Tony_Blair,brightness,1.00000000,1,1.00000000,0
Tony_Blair,brightness,0.90000000,1,0.99941587,0
Tony_Blair,brightness,0.80000000,1,0.99825728,0
Tony_Blair,brightness,0.65000000,1,0.99481308,0
Tony_Blair,brightness,0.50000000,1,0.98810971,0
Tony_Blair,brightness,0.35000000,1,0.97660297,0
Tony_Blair,rotation,0.00000000,1,1.00000000,0
Tony_Blair,rotation,3.00000000,1,0.99507594,0
Tony_Blair,rotation,6.00000000,1,0.99362344,0
Tony_Blair,rotation,10.00000000,1,0.99189198,0
Tony_Blair,rotation,15.00000000,1,0.99064034,0
Tony_Blair,rotation,20.00000000,1,0.98689628,0
Tony_Blair,blur,0.00000000,1,0.99018288,0
Tony_Blair,blur,1.00000000,1,0.98863316,0
Tony_Blair,blur,2.00000000,1,0.95079905,0
Tony_Blair,blur,3.00000000,1,0.88322866,0
Tony_Blair,blur,4.00000000,1,0.82337147,0
Tony_Blair,blur,5.00000000,1,0.75874531,0
Tony_Blair,occlusion,0.00000000,1,0.99923980,0
Tony_Blair,occlusion,0.10000000,0,0.37679663,0
Tony_Blair,occlusion,0.15000000,0,-0.08264790,0
Tony_Blair,occlusion,0.20000000,0,-0.08644443,0
Tony_Blair,occlusion,0.25000000,0,-0.08792470,0
Tony_Blair,occlusion,0.30000000,0,-0.08654033,0
Tony_Stewart,gaussian,0.00000000,1,0.99999994,0
Tony_Stewart,gaussian,0.02000000,1,0.99021971,0
Tony_Stewart,gaussian,0.05000000,1,0.93663216,0
Tony_Stewart,gaussian,0.10000000,1,0.87625492,0
Tony_Stewart,gaussian,0.20000000,0,nan,1
Tony_Stewart,gaussian,0.30000000,0,nan,1
Tony_Stewart,brightness,1.00000000,1,0.99999994,0
Tony_Stewart,brightness,0.90000000,1,0.99928951,0
Tony_Stewart,brightness,0.80000000,1,0.99822217,0
Tony_Stewart,brightness,0.65000000,1,0.99481153,0
Tony_Stewart,brightness,0.50000000,1,0.98789316,0
Tony_Stewart,brightness,0.35000000,1,0.97700053,0
Tony_Stewart,rotation,0.00000000,1,0.99999994,0
Tony_Stewart,rotation,3.00000000,1,0.99645942,0
Tony_Stewart,rotation,6.00000000,1,0.99523377,0
Tony_Stewart,rotation,10.00000000,1,0.99435544,0
Tony_Stewart,rotation,15.00000000,1,0.99518800,0
Tony_Stewart,rotation,20.00000000,1,0.99110436,0
Tony_Stewart,blur,0.00000000,1,0.99444616,0
Tony_Stewart,blur,1.00000000,1,0.99341506,0
Tony_Stewart,blur,2.00000000,1,0.95655560,0
Tony_Stewart,blur,3.00000000,1,0.89182556,0
Tony_Stewart,blur,4.00000000,1,0.80766881,0
Tony_Stewart,blur,5.00000000,0,0.70855868,0
Tony_Stewart,occlusion,0.00000000,1,0.99858540,0
Tony_Stewart,occlusion,0.10000000,0,0.32863200,0
Tony_Stewart,occlusion,0.15000000,0,0.01377711,0
Tony_Stewart,occlusion,0.20000000,0,-0.01473464,0
Tony_Stewart,occlusion,0.25000000,0,nan,1
Tony_Stewart,occlusion,0.30000000,0,nan,1
Trent_Lott,gaussian,0.00000000,1,0.99999994,0
Trent_Lott,gaussian,0.02000000,1,0.99048996,0
Trent_Lott,gaussian,0.05000000,1,0.96095484,0
Trent_Lott,gaussian,0.10000000,1,0.89263439,0
Trent_Lott,gaussian,0.20000000,0,nan,1
Trent_Lott,gaussian,0.30000000,0,nan,1
Trent_Lott,brightness,1.00000000,1,0.99999994,0
Trent_Lott,brightness,0.90000000,1,0.99959332,0
Trent_Lott,brightness,0.80000000,1,0.99866694,0
Trent_Lott,brightness,0.65000000,1,0.99720430,0
Trent_Lott,brightness,0.50000000,1,0.99394405,0
Trent_Lott,brightness,0.35000000,1,0.98814303,0
Trent_Lott,rotation,0.00000000,1,0.99999994,0
Trent_Lott,rotation,3.00000000,1,0.99810684,0
Trent_Lott,rotation,6.00000000,1,0.99797463,0
Trent_Lott,rotation,10.00000000,1,0.99789155,0
Trent_Lott,rotation,15.00000000,1,0.99145269,0
Trent_Lott,rotation,20.00000000,1,0.98455453,0
Trent_Lott,blur,0.00000000,1,0.99737072,0
Trent_Lott,blur,1.00000000,1,0.99692875,0
Trent_Lott,blur,2.00000000,1,0.98175406,0
Trent_Lott,blur,3.00000000,1,0.93720812,0
Trent_Lott,blur,4.00000000,1,0.85323131,0
Trent_Lott,blur,5.00000000,1,0.72792804,0
Trent_Lott,occlusion,0.00000000,1,0.99899715,0
Trent_Lott,occlusion,0.10000000,0,0.36193112,0
Trent_Lott,occlusion,0.15000000,0,nan,1
Trent_Lott,occlusion,0.20000000,0,nan,1
Trent_Lott,occlusion,0.25000000,0,nan,1
Trent_Lott,occlusion,0.30000000,0,nan,1
Tung_Chee-hwa,gaussian,0.00000000,0,0.99999994,0
Tung_Chee-hwa,gaussian,0.02000000,0,0.97872269,0
Tung_Chee-hwa,gaussian,0.05000000,0,0.89607263,0
Tung_Chee-hwa,gaussian,0.10000000,0,nan,1
Tung_Chee-hwa,gaussian,0.20000000,0,nan,1
Tung_Chee-hwa,gaussian,0.30000000,0,nan,1
Tung_Chee-hwa,brightness,1.00000000,0,0.99999994,0
Tung_Chee-hwa,brightness,0.90000000,0,0.99866611,0
Tung_Chee-hwa,brightness,0.80000000,0,0.99667782,0
Tung_Chee-hwa,brightness,0.65000000,0,0.99275517,0
Tung_Chee-hwa,brightness,0.50000000,0,0.98633420,0
Tung_Chee-hwa,brightness,0.35000000,0,0.97185010,0
Tung_Chee-hwa,rotation,0.00000000,0,0.99999994,0
Tung_Chee-hwa,rotation,3.00000000,0,0.99149382,0
Tung_Chee-hwa,rotation,6.00000000,0,0.99047601,0
Tung_Chee-hwa,rotation,10.00000000,0,0.98279417,0
Tung_Chee-hwa,rotation,15.00000000,0,0.97422349,0
Tung_Chee-hwa,rotation,20.00000000,0,0.96951634,0
Tung_Chee-hwa,blur,0.00000000,0,0.99372834,0
Tung_Chee-hwa,blur,1.00000000,0,0.99276423,0
Tung_Chee-hwa,blur,2.00000000,0,0.96722585,0
Tung_Chee-hwa,blur,3.00000000,0,0.90577543,0
Tung_Chee-hwa,blur,4.00000000,0,0.82083595,0
Tung_Chee-hwa,blur,5.00000000,0,0.70276058,0
Tung_Chee-hwa,occlusion,0.00000000,0,0.99998975,0
Tung_Chee-hwa,occlusion,0.10000000,0,0.99754834,0
Tung_Chee-hwa,occlusion,0.15000000,0,0.98304236,0
Tung_Chee-hwa,occlusion,0.20000000,0,0.96661550,0
Tung_Chee-hwa,occlusion,0.25000000,0,0.91940707,0
Tung_Chee-hwa,occlusion,0.30000000,0,0.88178796,0
Vaclav_Havel,gaussian,0.00000000,1,1.00000012,0
Vaclav_Havel,gaussian,0.02000000,1,0.99102545,0
Vaclav_Havel,gaussian,0.05000000,1,0.95643806,0
Vaclav_Havel,gaussian,0.10000000,1,0.88745570,0
Vaclav_Havel,gaussian,0.20000000,0,nan,1
Vaclav_Havel,gaussian,0.30000000,0,nan,1
Vaclav_Havel,brightness,1.00000000,1,1.00000012,0
Vaclav_Havel,brightness,0.90000000,1,0.99944377,0
Vaclav_Havel,brightness,0.80000000,1,0.99788636,0
Vaclav_Havel,brightness,0.65000000,1,0.99398768,0
Vaclav_Havel,brightness,0.50000000,1,0.99003971,0
Vaclav_Havel,brightness,0.35000000,1,0.98255020,0
Vaclav_Havel,rotation,0.00000000,1,1.00000012,0
Vaclav_Havel,rotation,3.00000000,1,0.99313444,0
Vaclav_Havel,rotation,6.00000000,0,-0.01625037,0
Vaclav_Havel,rotation,10.00000000,1,0.98493743,0
Vaclav_Havel,rotation,15.00000000,1,0.98137832,0
Vaclav_Havel,rotation,20.00000000,1,0.98402280,0
Vaclav_Havel,blur,0.00000000,1,0.99026597,0
Vaclav_Havel,blur,1.00000000,1,0.98889136,0
Vaclav_Havel,blur,2.00000000,1,0.95540065,0
Vaclav_Havel,blur,3.00000000,0,0.88608706,0
Vaclav_Havel,blur,4.00000000,0,0.79241085,0
Vaclav_Havel,blur,5.00000000,0,0.64722216,0
Vaclav_Havel,occlusion,0.00000000,1,0.99855024,0
Vaclav_Havel,occlusion,0.10000000,0,-0.01701337,0
Vaclav_Havel,occlusion,0.15000000,0,-0.01663331,0
Vaclav_Havel,occlusion,0.20000000,0,-0.01790754,0
Vaclav_Havel,occlusion,0.25000000,0,-0.01822397,0
Vaclav_Havel,occlusion,0.30000000,0,-0.02213989,0
Valentino_Rossi,gaussian,0.00000000,1,1.00000000,0
Valentino_Rossi,gaussian,0.02000000,1,0.97852421,0
Valentino_Rossi,gaussian,0.05000000,1,0.91545707,0
Valentino_Rossi,gaussian,0.10000000,0,nan,1
Valentino_Rossi,gaussian,0.20000000,0,nan,1
Valentino_Rossi,gaussian,0.30000000,0,nan,1
Valentino_Rossi,brightness,1.00000000,1,1.00000000,0
Valentino_Rossi,brightness,0.90000000,1,0.99895096,0
Valentino_Rossi,brightness,0.80000000,1,0.99750733,0
Valentino_Rossi,brightness,0.65000000,1,0.99330240,0
Valentino_Rossi,brightness,0.50000000,1,0.98540902,0
Valentino_Rossi,brightness,0.35000000,1,0.97640765,0
Valentino_Rossi,rotation,0.00000000,1,1.00000000,0
Valentino_Rossi,rotation,3.00000000,1,0.99761426,0
Valentino_Rossi,rotation,6.00000000,1,0.99575591,0
Valentino_Rossi,rotation,10.00000000,1,0.99587679,0
Valentino_Rossi,rotation,15.00000000,1,0.99627608,0
Valentino_Rossi,rotation,20.00000000,1,0.99298036,0
Valentino_Rossi,blur,0.00000000,1,0.99494457,0
Valentino_Rossi,blur,1.00000000,1,0.99393582,0
Valentino_Rossi,blur,2.00000000,1,0.95879257,0
Valentino_Rossi,blur,3.00000000,1,0.85024321,0
Valentino_Rossi,blur,4.00000000,0,0.73290133,0
Valentino_Rossi,blur,5.00000000,0,0.64053804,0
Valentino_Rossi,occlusion,0.00000000,1,0.99757779,0
Valentino_Rossi,occlusion,0.10000000,0,nan,1
Valentino_Rossi,occlusion,0.15000000,0,nan,1
Valentino_Rossi,occlusion,0.20000000,0,nan,1
Valentino_Rossi,occlusion,0.25000000,0,nan,1
Valentino_Rossi,occlusion,0.30000000,0,nan,1
Valery_Giscard_dEstaing,gaussian,0.00000000,1,1.00000000,0
Valery_Giscard_dEstaing,gaussian,0.02000000,1,0.98897415,0
Valery_Giscard_dEstaing,gaussian,0.05000000,1,0.95916164,0
Valery_Giscard_dEstaing,gaussian,0.10000000,1,0.85288942,0
Valery_Giscard_dEstaing,gaussian,0.20000000,0,nan,1
Valery_Giscard_dEstaing,gaussian,0.30000000,0,nan,1
Valery_Giscard_dEstaing,brightness,1.00000000,1,1.00000000,0
Valery_Giscard_dEstaing,brightness,0.90000000,1,0.99937767,0
Valery_Giscard_dEstaing,brightness,0.80000000,1,0.99803078,0
Valery_Giscard_dEstaing,brightness,0.65000000,1,0.99544734,0
Valery_Giscard_dEstaing,brightness,0.50000000,1,0.99099123,0
Valery_Giscard_dEstaing,brightness,0.35000000,1,0.98342025,0
Valery_Giscard_dEstaing,rotation,0.00000000,1,1.00000000,0
Valery_Giscard_dEstaing,rotation,3.00000000,1,0.99838209,0
Valery_Giscard_dEstaing,rotation,6.00000000,1,0.99866927,0
Valery_Giscard_dEstaing,rotation,10.00000000,1,0.99766576,0
Valery_Giscard_dEstaing,rotation,15.00000000,1,0.99576616,0
Valery_Giscard_dEstaing,rotation,20.00000000,1,0.98744655,0
Valery_Giscard_dEstaing,blur,0.00000000,1,0.99597943,0
Valery_Giscard_dEstaing,blur,1.00000000,1,0.99565423,0
Valery_Giscard_dEstaing,blur,2.00000000,1,0.96806341,0
Valery_Giscard_dEstaing,blur,3.00000000,1,0.90789300,0
Valery_Giscard_dEstaing,blur,4.00000000,0,0.79786408,0
Valery_Giscard_dEstaing,blur,5.00000000,0,0.67225182,0
Valery_Giscard_dEstaing,occlusion,0.00000000,1,0.99947083,0
Valery_Giscard_dEstaing,occlusion,0.10000000,0,nan,1
Valery_Giscard_dEstaing,occlusion,0.15000000,0,nan,1
Valery_Giscard_dEstaing,occlusion,0.20000000,0,nan,1
Valery_Giscard_dEstaing,occlusion,0.25000000,0,nan,1
Valery_Giscard_dEstaing,occlusion,0.30000000,0,nan,1
Vanessa_Redgrave,gaussian,0.00000000,1,1.00000000,0
Vanessa_Redgrave,gaussian,0.02000000,1,0.97303230,0
Vanessa_Redgrave,gaussian,0.05000000,1,0.91478348,0
Vanessa_Redgrave,gaussian,0.10000000,0,0.79397684,0
Vanessa_Redgrave,gaussian,0.20000000,0,nan,1
Vanessa_Redgrave,gaussian,0.30000000,0,nan,1
Vanessa_Redgrave,brightness,1.00000000,1,1.00000000,0
Vanessa_Redgrave,brightness,0.90000000,1,0.99895114,0
Vanessa_Redgrave,brightness,0.80000000,1,0.99781710,0
Vanessa_Redgrave,brightness,0.65000000,1,0.99416685,0
Vanessa_Redgrave,brightness,0.50000000,1,0.98704147,0
Vanessa_Redgrave,brightness,0.35000000,1,0.97350603,0
Vanessa_Redgrave,rotation,0.00000000,1,1.00000000,0
Vanessa_Redgrave,rotation,3.00000000,1,0.99795049,0
Vanessa_Redgrave,rotation,6.00000000,1,0.99702716,0
Vanessa_Redgrave,rotation,10.00000000,1,0.99618506,0
Vanessa_Redgrave,rotation,15.00000000,1,0.99313033,0
Vanessa_Redgrave,rotation,20.00000000,1,0.99559164,0
Vanessa_Redgrave,blur,0.00000000,1,0.99618149,0
Vanessa_Redgrave,blur,1.00000000,1,0.99544895,0
Vanessa_Redgrave,blur,2.00000000,1,0.96262932,0
Vanessa_Redgrave,blur,3.00000000,1,0.86799598,0
Vanessa_Redgrave,blur,4.00000000,1,0.72729886,0
Vanessa_Redgrave,blur,5.00000000,0,0.60687482,0
Vanessa_Redgrave,occlusion,0.00000000,1,0.99887526,0
Vanessa_Redgrave,occlusion,0.10000000,0,0.02009413,0
Vanessa_Redgrave,occlusion,0.15000000,0,0.02077740,0
Vanessa_Redgrave,occlusion,0.20000000,0,0.02416674,0
Vanessa_Redgrave,occlusion,0.25000000,0,0.02544878,0
Vanessa_Redgrave,occlusion,0.30000000,0,0.01201921,0
Venus_Williams,gaussian,0.00000000,1,1.00000000,0
Venus_Williams,gaussian,0.02000000,1,0.98405570,0
Venus_Williams,gaussian,0.05000000,1,0.94003421,0
Venus_Williams,gaussian,0.10000000,1,0.85639012,0
Venus_Williams,gaussian,0.20000000,0,nan,1
Venus_Williams,gaussian,0.30000000,0,nan,1
Venus_Williams,brightness,1.00000000,1,1.00000000,0
Venus_Williams,brightness,0.90000000,1,0.99908131,0
Venus_Williams,brightness,0.80000000,1,0.99777168,0
Venus_Williams,brightness,0.65000000,1,0.99308276,0
Venus_Williams,brightness,0.50000000,1,0.98715842,0
Venus_Williams,brightness,0.35000000,1,0.97674119,0
Venus_Williams,rotation,0.00000000,1,1.00000000,0
Venus_Williams,rotation,3.00000000,1,0.99722630,0
Venus_Williams,rotation,6.00000000,1,0.99787152,0
Venus_Williams,rotation,10.00000000,1,0.99660116,0
Venus_Williams,rotation,15.00000000,1,0.99672604,0
Venus_Williams,rotation,20.00000000,1,0.99610710,0
Venus_Williams,blur,0.00000000,1,0.99287224,0
Venus_Williams,blur,1.00000000,1,0.99131536,0
Venus_Williams,blur,2.00000000,1,0.95654655,0
Venus_Williams,blur,3.00000000,1,0.88680583,0
Venus_Williams,blur,4.00000000,1,0.78374410,0
Venus_Williams,blur,5.00000000,1,0.67395186,0
Venus_Williams,occlusion,0.00000000,1,0.99708289,0
Venus_Williams,occlusion,0.10000000,0,nan,1
Venus_Williams,occlusion,0.15000000,0,nan,1
Venus_Williams,occlusion,0.20000000,0,nan,1
Venus_Williams,occlusion,0.25000000,0,nan,1
Venus_Williams,occlusion,0.30000000,0,nan,1
Vicente_Fernandez,gaussian,0.00000000,1,0.99999988,0
Vicente_Fernandez,gaussian,0.02000000,1,0.99186575,0
Vicente_Fernandez,gaussian,0.05000000,1,0.96971732,0
Vicente_Fernandez,gaussian,0.10000000,1,0.92548001,0
Vicente_Fernandez,gaussian,0.20000000,0,nan,1
Vicente_Fernandez,gaussian,0.30000000,0,nan,1
Vicente_Fernandez,brightness,1.00000000,1,0.99999988,0
Vicente_Fernandez,brightness,0.90000000,1,0.99929714,0
Vicente_Fernandez,brightness,0.80000000,1,0.99771357,0
Vicente_Fernandez,brightness,0.65000000,1,0.99335247,0
Vicente_Fernandez,brightness,0.50000000,1,0.98566550,0
Vicente_Fernandez,brightness,0.35000000,1,0.97815156,0
Vicente_Fernandez,rotation,0.00000000,1,0.99999988,0
Vicente_Fernandez,rotation,3.00000000,1,0.99768347,0
Vicente_Fernandez,rotation,6.00000000,1,0.99440628,0
Vicente_Fernandez,rotation,10.00000000,1,0.99302375,0
Vicente_Fernandez,rotation,15.00000000,1,0.98492956,0
Vicente_Fernandez,rotation,20.00000000,1,0.98527122,0
Vicente_Fernandez,blur,0.00000000,1,0.99551296,0
Vicente_Fernandez,blur,1.00000000,1,0.99477029,0
Vicente_Fernandez,blur,2.00000000,1,0.97309434,0
Vicente_Fernandez,blur,3.00000000,1,0.92590725,0
Vicente_Fernandez,blur,4.00000000,1,0.85377765,0
Vicente_Fernandez,blur,5.00000000,0,0.76725769,0
Vicente_Fernandez,occlusion,0.00000000,1,0.99779409,0
Vicente_Fernandez,occlusion,0.10000000,0,0.22848934,0
Vicente_Fernandez,occlusion,0.15000000,0,nan,1
Vicente_Fernandez,occlusion,0.20000000,0,nan,1
Vicente_Fernandez,occlusion,0.25000000,0,nan,1
Vicente_Fernandez,occlusion,0.30000000,0,nan,1
Vicente_Fox,gaussian,0.00000000,1,0.99999988,0
Vicente_Fox,gaussian,0.02000000,1,0.99154246,0
Vicente_Fox,gaussian,0.05000000,1,0.96165919,0
Vicente_Fox,gaussian,0.10000000,1,0.91245991,0
Vicente_Fox,gaussian,0.20000000,1,0.71746701,0
Vicente_Fox,gaussian,0.30000000,0,nan,1
Vicente_Fox,brightness,1.00000000,1,0.99999988,0
Vicente_Fox,brightness,0.90000000,1,0.99886775,0
Vicente_Fox,brightness,0.80000000,1,0.99686825,0
Vicente_Fox,brightness,0.65000000,1,0.99310315,0
Vicente_Fox,brightness,0.50000000,1,0.98760235,0
Vicente_Fox,brightness,0.35000000,1,0.98007476,0
Vicente_Fox,rotation,0.00000000,1,0.99999988,0
Vicente_Fox,rotation,3.00000000,1,0.99570274,0
Vicente_Fox,rotation,6.00000000,1,0.99528205,0
Vicente_Fox,rotation,10.00000000,1,0.99192405,0
Vicente_Fox,rotation,15.00000000,1,0.99050283,0
Vicente_Fox,rotation,20.00000000,1,0.98860121,0
Vicente_Fox,blur,0.00000000,1,0.99399656,0
Vicente_Fox,blur,1.00000000,1,0.99308980,0
Vicente_Fox,blur,2.00000000,1,0.95921671,0
Vicente_Fox,blur,3.00000000,1,0.86635065,0
Vicente_Fox,blur,4.00000000,1,0.77519631,0
Vicente_Fox,blur,5.00000000,0,0.68720686,0
Vicente_Fox,occlusion,0.00000000,1,0.99839127,0
Vicente_Fox,occlusion,0.10000000,0,0.29125077,0
Vicente_Fox,occlusion,0.15000000,0,nan,1
Vicente_Fox,occlusion,0.20000000,0,nan,1
Vicente_Fox,occlusion,0.25000000,0,nan,1
Vicente_Fox,occlusion,0.30000000,0,nan,1
Victoria_Clarke,gaussian,0.00000000,1,1.00000000,0
Victoria_Clarke,gaussian,0.02000000,1,0.98326993,0
Victoria_Clarke,gaussian,0.05000000,1,0.94039106,0
Victoria_Clarke,gaussian,0.10000000,0,0.87128270,0
Victoria_Clarke,gaussian,0.20000000,0,nan,1
Victoria_Clarke,gaussian,0.30000000,0,nan,1
Victoria_Clarke,brightness,1.00000000,1,1.00000000,0
Victoria_Clarke,brightness,0.90000000,1,0.99925888,0
Victoria_Clarke,brightness,0.80000000,1,0.99734420,0
Victoria_Clarke,brightness,0.65000000,1,0.99284142,0
Victoria_Clarke,brightness,0.50000000,1,0.98699570,0
Victoria_Clarke,brightness,0.35000000,1,0.98115760,0
Victoria_Clarke,rotation,0.00000000,1,1.00000000,0
Victoria_Clarke,rotation,3.00000000,1,0.98713058,0
Victoria_Clarke,rotation,6.00000000,1,0.98494196,0
Victoria_Clarke,rotation,10.00000000,1,0.97560483,0
Victoria_Clarke,rotation,15.00000000,1,0.95977056,0
Victoria_Clarke,rotation,20.00000000,1,0.92461777,0
Victoria_Clarke,blur,0.00000000,1,0.99559057,0
Victoria_Clarke,blur,1.00000000,1,0.99527192,0
Victoria_Clarke,blur,2.00000000,1,0.97168839,0
Victoria_Clarke,blur,3.00000000,1,0.90316099,0
Victoria_Clarke,blur,4.00000000,1,0.81467515,0
Victoria_Clarke,blur,5.00000000,0,0.69847918,0
Victoria_Clarke,occlusion,0.00000000,1,0.99596107,0
Victoria_Clarke,occlusion,0.10000000,0,0.13395238,0
Victoria_Clarke,occlusion,0.15000000,0,nan,1
Victoria_Clarke,occlusion,0.20000000,0,nan,1
Victoria_Clarke,occlusion,0.25000000,0,nan,1
Victoria_Clarke,occlusion,0.30000000,0,nan,1
Vincent_Brooks,gaussian,0.00000000,1,1.00000000,0
Vincent_Brooks,gaussian,0.02000000,1,0.98864031,0
Vincent_Brooks,gaussian,0.05000000,1,0.95608592,0
Vincent_Brooks,gaussian,0.10000000,0,0.88902688,0
Vincent_Brooks,gaussian,0.20000000,0,nan,1
Vincent_Brooks,gaussian,0.30000000,0,nan,1
Vincent_Brooks,brightness,1.00000000,1,1.00000000,0
Vincent_Brooks,brightness,0.90000000,1,0.99953753,0
Vincent_Brooks,brightness,0.80000000,1,0.99868119,0
Vincent_Brooks,brightness,0.65000000,1,0.99677610,0
Vincent_Brooks,brightness,0.50000000,1,0.99411118,0
Vincent_Brooks,brightness,0.35000000,1,0.98798633,0
Vincent_Brooks,rotation,0.00000000,1,1.00000000,0
Vincent_Brooks,rotation,3.00000000,1,0.99827832,0
Vincent_Brooks,rotation,6.00000000,1,0.99826175,0
Vincent_Brooks,rotation,10.00000000,1,0.99720168,0
Vincent_Brooks,rotation,15.00000000,1,0.99776649,0
Vincent_Brooks,rotation,20.00000000,1,0.99680835,0
Vincent_Brooks,blur,0.00000000,1,0.99682939,0
Vincent_Brooks,blur,1.00000000,1,0.99616235,0
Vincent_Brooks,blur,2.00000000,1,0.97656071,0
Vincent_Brooks,blur,3.00000000,1,0.92485297,0
Vincent_Brooks,blur,4.00000000,1,0.86388147,0
Vincent_Brooks,blur,5.00000000,1,0.76164258,0
Vincent_Brooks,occlusion,0.00000000,1,0.99939549,0
Vincent_Brooks,occlusion,0.10000000,0,0.54259706,0
Vincent_Brooks,occlusion,0.15000000,0,0.20054609,0
Vincent_Brooks,occlusion,0.20000000,0,nan,1
Vincent_Brooks,occlusion,0.25000000,0,nan,1
Vincent_Brooks,occlusion,0.30000000,0,nan,1
Vladimir_Putin,gaussian,0.00000000,1,1.00000000,0
Vladimir_Putin,gaussian,0.02000000,1,0.98236942,0
Vladimir_Putin,gaussian,0.05000000,1,0.91706860,0
Vladimir_Putin,gaussian,0.10000000,1,0.82916206,0
Vladimir_Putin,gaussian,0.20000000,0,nan,1
Vladimir_Putin,gaussian,0.30000000,0,nan,1
Vladimir_Putin,brightness,1.00000000,1,1.00000000,0
Vladimir_Putin,brightness,0.90000000,1,0.99929547,0
Vladimir_Putin,brightness,0.80000000,1,0.99849880,0
Vladimir_Putin,brightness,0.65000000,1,0.99582559,0
Vladimir_Putin,brightness,0.50000000,1,0.99064481,0
Vladimir_Putin,brightness,0.35000000,1,0.97971904,0
Vladimir_Putin,rotation,0.00000000,1,1.00000000,0
Vladimir_Putin,rotation,3.00000000,1,0.99676204,0
Vladimir_Putin,rotation,6.00000000,1,0.99525899,0
Vladimir_Putin,rotation,10.00000000,1,0.99228227,0
Vladimir_Putin,rotation,15.00000000,1,0.99313694,0
Vladimir_Putin,rotation,20.00000000,1,0.99290204,0
Vladimir_Putin,blur,0.00000000,1,0.99348491,0
Vladimir_Putin,blur,1.00000000,1,0.99242795,0
Vladimir_Putin,blur,2.00000000,1,0.95182550,0
Vladimir_Putin,blur,3.00000000,1,0.88015282,0
Vladimir_Putin,blur,4.00000000,1,0.77050602,0
Vladimir_Putin,blur,5.00000000,0,0.65952951,0
Vladimir_Putin,occlusion,0.00000000,1,0.99803603,0
Vladimir_Putin,occlusion,0.10000000,0,-0.01352084,0
Vladimir_Putin,occlusion,0.15000000,0,-0.01438139,0
Vladimir_Putin,occlusion,0.20000000,0,-0.01549047,0
Vladimir_Putin,occlusion,0.25000000,0,-0.02840681,0
Vladimir_Putin,occlusion,0.30000000,0,-0.02362627,0
Vojislav_Kostunica,gaussian,0.00000000,1,1.00000000,0
Vojislav_Kostunica,gaussian,0.02000000,1,0.98946410,0
Vojislav_Kostunica,gaussian,0.05000000,1,0.94601703,0
Vojislav_Kostunica,gaussian,0.10000000,1,0.80772072,0
Vojislav_Kostunica,gaussian,0.20000000,0,nan,1
Vojislav_Kostunica,gaussian,0.30000000,0,nan,1
Vojislav_Kostunica,brightness,1.00000000,1,1.00000000,0
Vojislav_Kostunica,brightness,0.90000000,1,0.99929798,0
Vojislav_Kostunica,brightness,0.80000000,1,0.99800986,0
Vojislav_Kostunica,brightness,0.65000000,1,0.99460864,0
Vojislav_Kostunica,brightness,0.50000000,1,0.98947895,0
Vojislav_Kostunica,brightness,0.35000000,1,0.97940129,0
Vojislav_Kostunica,rotation,0.00000000,1,1.00000000,0
Vojislav_Kostunica,rotation,3.00000000,1,0.99801493,0
Vojislav_Kostunica,rotation,6.00000000,1,0.99601346,0
Vojislav_Kostunica,rotation,10.00000000,1,0.99299884,0
Vojislav_Kostunica,rotation,15.00000000,1,0.99018663,0
Vojislav_Kostunica,rotation,20.00000000,1,0.98656929,0
Vojislav_Kostunica,blur,0.00000000,1,0.99448329,0
Vojislav_Kostunica,blur,1.00000000,1,0.99342334,0
Vojislav_Kostunica,blur,2.00000000,1,0.95475185,0
Vojislav_Kostunica,blur,3.00000000,1,0.85199624,0
Vojislav_Kostunica,blur,4.00000000,0,0.71930742,0
Vojislav_Kostunica,blur,5.00000000,0,0.61526418,0
Vojislav_Kostunica,occlusion,0.00000000,1,0.99886310,0
Vojislav_Kostunica,occlusion,0.10000000,0,nan,1
Vojislav_Kostunica,occlusion,0.15000000,0,nan,1
Vojislav_Kostunica,occlusion,0.20000000,0,nan,1
Vojislav_Kostunica,occlusion,0.25000000,0,nan,1
Vojislav_Kostunica,occlusion,0.30000000,0,nan,1
Walter_Mondale,gaussian,0.00000000,1,1.00000012,0
Walter_Mondale,gaussian,0.02000000,1,0.99302125,0
Walter_Mondale,gaussian,0.05000000,1,0.95913571,0
Walter_Mondale,gaussian,0.10000000,1,0.91149807,0
Walter_Mondale,gaussian,0.20000000,0,nan,1
Walter_Mondale,gaussian,0.30000000,0,nan,1
Walter_Mondale,brightness,1.00000000,1,1.00000012,0
Walter_Mondale,brightness,0.90000000,1,0.99958104,0
Walter_Mondale,brightness,0.80000000,1,0.99860370,0
Walter_Mondale,brightness,0.65000000,1,0.99521762,0
Walter_Mondale,brightness,0.50000000,1,0.99116671,0
Walter_Mondale,brightness,0.35000000,1,0.98176312,0
Walter_Mondale,rotation,0.00000000,1,1.00000012,0
Walter_Mondale,rotation,3.00000000,1,0.99870896,0
Walter_Mondale,rotation,6.00000000,1,0.99677038,0
Walter_Mondale,rotation,10.00000000,1,0.99560153,0
Walter_Mondale,rotation,15.00000000,1,0.99577302,0
Walter_Mondale,rotation,20.00000000,1,0.99468774,0
Walter_Mondale,blur,0.00000000,1,0.99764651,0
Walter_Mondale,blur,1.00000000,1,0.99694991,0
Walter_Mondale,blur,2.00000000,1,0.98113012,0
Walter_Mondale,blur,3.00000000,1,0.94145060,0
Walter_Mondale,blur,4.00000000,1,0.86799169,0
Walter_Mondale,blur,5.00000000,1,0.79414201,0
Walter_Mondale,occlusion,0.00000000,1,0.99913251,0
Walter_Mondale,occlusion,0.10000000,0,0.45875350,0
Walter_Mondale,occlusion,0.15000000,0,nan,1
Walter_Mondale,occlusion,0.20000000,0,nan,1
Walter_Mondale,occlusion,0.25000000,0,nan,1
Walter_Mondale,occlusion,0.30000000,0,nan,1
Wayne_Ferreira,gaussian,0.00000000,1,1.00000000,0
Wayne_Ferreira,gaussian,0.02000000,1,0.99172240,0
Wayne_Ferreira,gaussian,0.05000000,1,0.95729846,0
Wayne_Ferreira,gaussian,0.10000000,1,0.89819461,0
Wayne_Ferreira,gaussian,0.20000000,0,nan,1
Wayne_Ferreira,gaussian,0.30000000,0,nan,1
Wayne_Ferreira,brightness,1.00000000,1,1.00000000,0
Wayne_Ferreira,brightness,0.90000000,1,0.99969292,0
Wayne_Ferreira,brightness,0.80000000,1,0.99895048,0
Wayne_Ferreira,brightness,0.65000000,1,0.99685907,0
Wayne_Ferreira,brightness,0.50000000,1,0.99189878,0
Wayne_Ferreira,brightness,0.35000000,1,0.98361957,0
Wayne_Ferreira,rotation,0.00000000,1,1.00000000,0
Wayne_Ferreira,rotation,3.00000000,1,0.99852818,0
Wayne_Ferreira,rotation,6.00000000,1,0.99764138,0
Wayne_Ferreira,rotation,10.00000000,1,0.99602020,0
Wayne_Ferreira,rotation,15.00000000,1,0.99563730,0
Wayne_Ferreira,rotation,20.00000000,1,0.99410480,0
Wayne_Ferreira,blur,0.00000000,1,0.99618262,0
Wayne_Ferreira,blur,1.00000000,1,0.99549198,0
Wayne_Ferreira,blur,2.00000000,1,0.96257055,0
Wayne_Ferreira,blur,3.00000000,1,0.89198041,0
Wayne_Ferreira,blur,4.00000000,1,0.82178462,0
Wayne_Ferreira,blur,5.00000000,1,0.74096310,0
Wayne_Ferreira,occlusion,0.00000000,1,0.99939191,0
Wayne_Ferreira,occlusion,0.10000000,0,0.30496943,0
Wayne_Ferreira,occlusion,0.15000000,0,nan,1
Wayne_Ferreira,occlusion,0.20000000,0,nan,1
Wayne_Ferreira,occlusion,0.25000000,0,nan,1
Wayne_Ferreira,occlusion,0.30000000,0,nan,1
Wen_Jiabao,gaussian,0.00000000,1,1.00000000,0
Wen_Jiabao,gaussian,0.02000000,1,0.98216981,0
Wen_Jiabao,gaussian,0.05000000,1,0.94607532,0
Wen_Jiabao,gaussian,0.10000000,1,0.82152855,0
Wen_Jiabao,gaussian,0.20000000,0,nan,1
Wen_Jiabao,gaussian,0.30000000,0,nan,1
Wen_Jiabao,brightness,1.00000000,1,1.00000000,0
Wen_Jiabao,brightness,0.90000000,1,0.99887526,0
Wen_Jiabao,brightness,0.80000000,1,0.99726486,0
Wen_Jiabao,brightness,0.65000000,1,0.99181730,0
Wen_Jiabao,brightness,0.50000000,1,0.98512173,0
Wen_Jiabao,brightness,0.35000000,1,0.97252029,0
Wen_Jiabao,rotation,0.00000000,1,1.00000000,0
Wen_Jiabao,rotation,3.00000000,1,0.99573869,0
Wen_Jiabao,rotation,6.00000000,1,0.99453706,0
Wen_Jiabao,rotation,10.00000000,1,0.99371731,0
Wen_Jiabao,rotation,15.00000000,1,0.99309248,0
Wen_Jiabao,rotation,20.00000000,1,0.99122620,0
Wen_Jiabao,blur,0.00000000,1,0.99158996,0
Wen_Jiabao,blur,1.00000000,1,0.98981357,0
Wen_Jiabao,blur,2.00000000,1,0.95137405,0
Wen_Jiabao,blur,3.00000000,1,0.86319059,0
Wen_Jiabao,blur,4.00000000,0,0.73355550,0
Wen_Jiabao,blur,5.00000000,0,0.60997468,0
Wen_Jiabao,occlusion,0.00000000,1,0.99743921,0
Wen_Jiabao,occlusion,0.10000000,0,0.37138724,0
Wen_Jiabao,occlusion,0.15000000,0,nan,1
Wen_Jiabao,occlusion,0.20000000,0,nan,1
Wen_Jiabao,occlusion,0.25000000,0,nan,1
Wen_Jiabao,occlusion,0.30000000,0,nan,1
William_Donaldson,gaussian,0.00000000,1,0.99999994,0
William_Donaldson,gaussian,0.02000000,1,0.98370242,0
William_Donaldson,gaussian,0.05000000,1,0.92477649,0
William_Donaldson,gaussian,0.10000000,1,0.83732599,0
William_Donaldson,gaussian,0.20000000,0,nan,1
William_Donaldson,gaussian,0.30000000,0,nan,1
William_Donaldson,brightness,1.00000000,1,0.99999994,0
William_Donaldson,brightness,0.90000000,1,0.99943644,0
William_Donaldson,brightness,0.80000000,1,0.99803007,0
William_Donaldson,brightness,0.65000000,1,0.99272203,0
William_Donaldson,brightness,0.50000000,1,0.98326838,0
William_Donaldson,brightness,0.35000000,1,0.96735483,0
William_Donaldson,rotation,0.00000000,1,0.99999994,0
William_Donaldson,rotation,3.00000000,1,0.99826586,0
William_Donaldson,rotation,6.00000000,1,0.99704695,0
William_Donaldson,rotation,10.00000000,1,0.99688029,0
William_Donaldson,rotation,15.00000000,1,0.99855542,0
William_Donaldson,rotation,20.00000000,1,0.99872565,0
William_Donaldson,blur,0.00000000,1,0.99648631,0
William_Donaldson,blur,1.00000000,1,0.99553365,0
William_Donaldson,blur,2.00000000,1,0.95937645,0
William_Donaldson,blur,3.00000000,1,0.88335770,0
William_Donaldson,blur,4.00000000,1,0.79558480,0
William_Donaldson,blur,5.00000000,1,0.70430768,0
William_Donaldson,occlusion,0.00000000,1,0.99794203,0
William_Donaldson,occlusion,0.10000000,0,0.36535603,0
William_Donaldson,occlusion,0.15000000,0,nan,1
William_Donaldson,occlusion,0.20000000,0,nan,1
William_Donaldson,occlusion,0.25000000,0,nan,1
William_Donaldson,occlusion,0.30000000,0,nan,1
William_Ford_Jr,gaussian,0.00000000,1,1.00000000,0
William_Ford_Jr,gaussian,0.02000000,1,0.98577976,0
William_Ford_Jr,gaussian,0.05000000,1,0.93637389,0
William_Ford_Jr,gaussian,0.10000000,1,0.84769511,0
William_Ford_Jr,gaussian,0.20000000,0,nan,1
William_Ford_Jr,gaussian,0.30000000,0,nan,1
William_Ford_Jr,brightness,1.00000000,1,1.00000000,0
William_Ford_Jr,brightness,0.90000000,1,0.99959111,0
William_Ford_Jr,brightness,0.80000000,1,0.99840236,0
William_Ford_Jr,brightness,0.65000000,1,0.99500960,0
William_Ford_Jr,brightness,0.50000000,1,0.98859829,0
William_Ford_Jr,brightness,0.35000000,1,0.97579622,0
William_Ford_Jr,rotation,0.00000000,1,1.00000000,0
William_Ford_Jr,rotation,3.00000000,1,0.99716544,0
William_Ford_Jr,rotation,6.00000000,1,0.99751180,0
William_Ford_Jr,rotation,10.00000000,1,0.99673033,0
William_Ford_Jr,rotation,15.00000000,1,0.99623853,0
William_Ford_Jr,rotation,20.00000000,1,0.99284792,0
William_Ford_Jr,blur,0.00000000,1,0.99451721,0
William_Ford_Jr,blur,1.00000000,1,0.99367893,0
William_Ford_Jr,blur,2.00000000,1,0.95546341,0
William_Ford_Jr,blur,3.00000000,1,0.86332631,0
William_Ford_Jr,blur,4.00000000,0,0.75327790,0
William_Ford_Jr,blur,5.00000000,0,0.69127560,0
William_Ford_Jr,occlusion,0.00000000,1,0.99836898,0
William_Ford_Jr,occlusion,0.10000000,0,0.39225531,0
William_Ford_Jr,occlusion,0.15000000,0,nan,1
William_Ford_Jr,occlusion,0.20000000,0,nan,1
William_Ford_Jr,occlusion,0.25000000,0,nan,1
William_Ford_Jr,occlusion,0.30000000,0,nan,1
William_Macy,gaussian,0.00000000,1,1.00000000,0
William_Macy,gaussian,0.02000000,1,0.98894840,0
William_Macy,gaussian,0.05000000,1,0.93788147,0
William_Macy,gaussian,0.10000000,1,0.83449179,0
William_Macy,gaussian,0.20000000,0,nan,1
William_Macy,gaussian,0.30000000,0,nan,1
William_Macy,brightness,1.00000000,1,1.00000000,0
William_Macy,brightness,0.90000000,1,0.99931026,0
William_Macy,brightness,0.80000000,1,0.99808788,0
William_Macy,brightness,0.65000000,1,0.99475157,0
William_Macy,brightness,0.50000000,1,0.98949635,0
William_Macy,brightness,0.35000000,1,0.98014426,0
William_Macy,rotation,0.00000000,1,1.00000000,0
William_Macy,rotation,3.00000000,1,0.99707413,0
William_Macy,rotation,6.00000000,1,0.99769270,0
William_Macy,rotation,10.00000000,1,0.99704278,0
William_Macy,rotation,15.00000000,1,0.99729407,0
William_Macy,rotation,20.00000000,1,0.99743831,0
William_Macy,blur,0.00000000,1,0.99180603,0
William_Macy,blur,1.00000000,1,0.99057972,0
William_Macy,blur,2.00000000,1,0.94602692,0
William_Macy,blur,3.00000000,1,0.85475522,0
William_Macy,blur,4.00000000,1,0.71011138,0
William_Macy,blur,5.00000000,1,0.60729551,0
William_Macy,occlusion,0.00000000,1,0.99923444,0
William_Macy,occlusion,0.10000000,0,0.36218023,0
William_Macy,occlusion,0.15000000,0,0.16857564,0
William_Macy,occlusion,0.20000000,0,nan,1
William_Macy,occlusion,0.25000000,0,nan,1
William_Macy,occlusion,0.30000000,0,nan,1
Winona_Ryder,gaussian,0.00000000,1,1.00000000,0
Winona_Ryder,gaussian,0.02000000,1,0.98706186,0
Winona_Ryder,gaussian,0.05000000,1,0.92990828,0
Winona_Ryder,gaussian,0.10000000,1,0.85764861,0
Winona_Ryder,gaussian,0.20000000,0,nan,1
Winona_Ryder,gaussian,0.30000000,0,nan,1
Winona_Ryder,brightness,1.00000000,1,1.00000000,0
Winona_Ryder,brightness,0.90000000,1,0.99851745,0
Winona_Ryder,brightness,0.80000000,1,0.99597824,0
Winona_Ryder,brightness,0.65000000,1,0.99054563,0
Winona_Ryder,brightness,0.50000000,1,0.98360133,0
Winona_Ryder,brightness,0.35000000,1,0.96808118,0
Winona_Ryder,rotation,0.00000000,1,1.00000000,0
Winona_Ryder,rotation,3.00000000,1,0.99867398,0
Winona_Ryder,rotation,6.00000000,1,0.99786329,0
Winona_Ryder,rotation,10.00000000,1,0.99374217,0
Winona_Ryder,rotation,15.00000000,1,0.99374098,0
Winona_Ryder,rotation,20.00000000,1,0.99555194,0
Winona_Ryder,blur,0.00000000,1,0.99690473,0
Winona_Ryder,blur,1.00000000,1,0.99595588,0
Winona_Ryder,blur,2.00000000,1,0.97721058,0
Winona_Ryder,blur,3.00000000,1,0.92603177,0
Winona_Ryder,blur,4.00000000,0,0.81343293,0
Winona_Ryder,blur,5.00000000,0,0.70433533,0
Winona_Ryder,occlusion,0.00000000,1,0.99827421,0
Winona_Ryder,occlusion,0.10000000,0,0.44053042,0
Winona_Ryder,occlusion,0.15000000,0,nan,1
Winona_Ryder,occlusion,0.20000000,0,nan,1
Winona_Ryder,occlusion,0.25000000,0,nan,1
Winona_Ryder,occlusion,0.30000000,0,nan,1
Woody_Allen,gaussian,0.00000000,1,1.00000000,0
Woody_Allen,gaussian,0.02000000,1,0.98711812,0
Woody_Allen,gaussian,0.05000000,1,0.95016682,0
Woody_Allen,gaussian,0.10000000,1,0.85768843,0
Woody_Allen,gaussian,0.20000000,0,nan,1
Woody_Allen,gaussian,0.30000000,0,nan,1
Woody_Allen,brightness,1.00000000,1,1.00000000,0
Woody_Allen,brightness,0.90000000,1,0.99951303,0
Woody_Allen,brightness,0.80000000,1,0.99845123,0
Woody_Allen,brightness,0.65000000,1,0.99546427,0
Woody_Allen,brightness,0.50000000,1,0.99084413,0
Woody_Allen,brightness,0.35000000,1,0.98375612,0
Woody_Allen,rotation,0.00000000,1,1.00000000,0
Woody_Allen,rotation,3.00000000,1,0.99796724,0
Woody_Allen,rotation,6.00000000,1,0.99599099,0
Woody_Allen,rotation,10.00000000,1,0.99606383,0
Woody_Allen,rotation,15.00000000,1,0.99276286,0
Woody_Allen,rotation,20.00000000,1,0.98813105,0
Woody_Allen,blur,0.00000000,1,0.99418980,0
Woody_Allen,blur,1.00000000,1,0.99322444,0
Woody_Allen,blur,2.00000000,1,0.96930730,0
Woody_Allen,blur,3.00000000,1,0.90589750,0
Woody_Allen,blur,4.00000000,1,0.82550997,0
Woody_Allen,blur,5.00000000,1,0.73806572,0
Woody_Allen,occlusion,0.00000000,1,0.99850988,0
Woody_Allen,occlusion,0.10000000,0,-0.03679602,0
Woody_Allen,occlusion,0.15000000,0,-0.03362953,0
Woody_Allen,occlusion,0.20000000,0,-0.03373853,0
Woody_Allen,occlusion,0.25000000,0,-0.02734669,0
Woody_Allen,occlusion,0.30000000,0,-0.05270561,0
Xanana_Gusmao,gaussian,0.00000000,1,1.00000012,0
Xanana_Gusmao,gaussian,0.02000000,1,0.98924613,0
Xanana_Gusmao,gaussian,0.05000000,1,0.95032310,0
Xanana_Gusmao,gaussian,0.10000000,1,0.84725797,0
Xanana_Gusmao,gaussian,0.20000000,0,nan,1
Xanana_Gusmao,gaussian,0.30000000,0,nan,1
Xanana_Gusmao,brightness,1.00000000,1,1.00000012,0
Xanana_Gusmao,brightness,0.90000000,1,0.99946988,0
Xanana_Gusmao,brightness,0.80000000,1,0.99841726,0
Xanana_Gusmao,brightness,0.65000000,1,0.99555320,0
Xanana_Gusmao,brightness,0.50000000,1,0.99090910,0
Xanana_Gusmao,brightness,0.35000000,1,0.98198819,0
Xanana_Gusmao,rotation,0.00000000,1,1.00000012,0
Xanana_Gusmao,rotation,3.00000000,1,0.99544036,0
Xanana_Gusmao,rotation,6.00000000,1,0.99365419,0
Xanana_Gusmao,rotation,10.00000000,1,0.99681729,0
Xanana_Gusmao,rotation,15.00000000,1,0.99249363,0
Xanana_Gusmao,rotation,20.00000000,1,0.98528427,0
Xanana_Gusmao,blur,0.00000000,1,0.99034113,0
Xanana_Gusmao,blur,1.00000000,1,0.98894763,0
Xanana_Gusmao,blur,2.00000000,1,0.93432617,0
Xanana_Gusmao,blur,3.00000000,1,0.83510309,0
Xanana_Gusmao,blur,4.00000000,1,0.71725738,0
Xanana_Gusmao,blur,5.00000000,1,0.61840504,0
Xanana_Gusmao,occlusion,0.00000000,1,0.99829412,0
Xanana_Gusmao,occlusion,0.10000000,0,0.25433218,0
Xanana_Gusmao,occlusion,0.15000000,0,nan,1
Xanana_Gusmao,occlusion,0.20000000,0,nan,1
Xanana_Gusmao,occlusion,0.25000000,0,nan,1
Xanana_Gusmao,occlusion,0.30000000,0,nan,1
Xavier_Malisse,gaussian,0.00000000,1,1.00000012,0
Xavier_Malisse,gaussian,0.02000000,1,0.98831564,0
Xavier_Malisse,gaussian,0.05000000,1,0.94116294,0
Xavier_Malisse,gaussian,0.10000000,1,0.88340616,0
Xavier_Malisse,gaussian,0.20000000,0,nan,1
Xavier_Malisse,gaussian,0.30000000,0,nan,1
Xavier_Malisse,brightness,1.00000000,1,1.00000012,0
Xavier_Malisse,brightness,0.90000000,1,0.99957931,0
Xavier_Malisse,brightness,0.80000000,1,0.99851859,0
Xavier_Malisse,brightness,0.65000000,1,0.99622792,0
Xavier_Malisse,brightness,0.50000000,1,0.99222815,0
Xavier_Malisse,brightness,0.35000000,1,0.98444968,0
Xavier_Malisse,rotation,0.00000000,1,1.00000012,0
Xavier_Malisse,rotation,3.00000000,1,0.99731910,0
Xavier_Malisse,rotation,6.00000000,1,0.99710286,0
Xavier_Malisse,rotation,10.00000000,1,0.99809825,0
Xavier_Malisse,rotation,15.00000000,1,0.99150157,0
Xavier_Malisse,rotation,20.00000000,1,0.98897159,0
Xavier_Malisse,blur,0.00000000,1,0.99394411,0
Xavier_Malisse,blur,1.00000000,1,0.99277949,0
Xavier_Malisse,blur,2.00000000,1,0.95397317,0
Xavier_Malisse,blur,3.00000000,1,0.87835574,0
Xavier_Malisse,blur,4.00000000,1,0.77652860,0
Xavier_Malisse,blur,5.00000000,0,0.71722281,0
Xavier_Malisse,occlusion,0.00000000,1,0.99899644,0
Xavier_Malisse,occlusion,0.10000000,0,0.12265835,0
Xavier_Malisse,occlusion,0.15000000,0,nan,1
Xavier_Malisse,occlusion,0.20000000,0,nan,1
Xavier_Malisse,occlusion,0.25000000,0,nan,1
Xavier_Malisse,occlusion,0.30000000,0,nan,1
Yao_Ming,gaussian,0.00000000,1,1.00000012,0
Yao_Ming,gaussian,0.02000000,1,0.97993505,0
Yao_Ming,gaussian,0.05000000,1,0.95137906,0
Yao_Ming,gaussian,0.10000000,1,0.90146023,0
Yao_Ming,gaussian,0.20000000,0,nan,1
Yao_Ming,gaussian,0.30000000,0,nan,1
Yao_Ming,brightness,1.00000000,1,1.00000012,0
Yao_Ming,brightness,0.90000000,1,0.99929953,0
Yao_Ming,brightness,0.80000000,1,0.99798423,0
Yao_Ming,brightness,0.65000000,1,0.99503195,0
Yao_Ming,brightness,0.50000000,1,0.98886627,0
Yao_Ming,brightness,0.35000000,1,0.98061121,0
Yao_Ming,rotation,0.00000000,1,1.00000012,0
Yao_Ming,rotation,3.00000000,1,0.99784499,0
Yao_Ming,rotation,6.00000000,1,0.99750000,0
Yao_Ming,rotation,10.00000000,1,0.99717939,0
Yao_Ming,rotation,15.00000000,1,0.99479944,0
Yao_Ming,rotation,20.00000000,1,0.99531680,0
Yao_Ming,blur,0.00000000,1,0.99887329,0
Yao_Ming,blur,1.00000000,1,0.99859345,0
Yao_Ming,blur,2.00000000,1,0.98800600,0
Yao_Ming,blur,3.00000000,1,0.96372515,0
Yao_Ming,blur,4.00000000,1,0.91855395,0
Yao_Ming,blur,5.00000000,1,0.87012839,0
Yao_Ming,occlusion,0.00000000,1,0.99871677,0
Yao_Ming,occlusion,0.10000000,0,nan,1
Yao_Ming,occlusion,0.15000000,0,nan,1
Yao_Ming,occlusion,0.20000000,0,nan,1
Yao_Ming,occlusion,0.25000000,0,nan,1
Yao_Ming,occlusion,0.30000000,0,nan,1
Yashwant_Sinha,gaussian,0.00000000,1,1.00000000,0
Yashwant_Sinha,gaussian,0.02000000,1,0.99016076,0
Yashwant_Sinha,gaussian,0.05000000,1,0.95180368,0
Yashwant_Sinha,gaussian,0.10000000,1,0.89813483,0
Yashwant_Sinha,gaussian,0.20000000,0,nan,1
Yashwant_Sinha,gaussian,0.30000000,0,nan,1
Yashwant_Sinha,brightness,1.00000000,1,1.00000000,0
Yashwant_Sinha,brightness,0.90000000,1,0.99936914,0
Yashwant_Sinha,brightness,0.80000000,1,0.99851376,0
Yashwant_Sinha,brightness,0.65000000,1,0.99619132,0
Yashwant_Sinha,brightness,0.50000000,1,0.99249995,0
Yashwant_Sinha,brightness,0.35000000,1,0.98528016,0
Yashwant_Sinha,rotation,0.00000000,1,1.00000000,0
Yashwant_Sinha,rotation,3.00000000,1,0.99705744,0
Yashwant_Sinha,rotation,6.00000000,1,0.99679112,0
Yashwant_Sinha,rotation,10.00000000,1,0.99569118,0
Yashwant_Sinha,rotation,15.00000000,1,0.99340981,0
Yashwant_Sinha,rotation,20.00000000,1,0.98976052,0
Yashwant_Sinha,blur,0.00000000,1,0.99565679,0
Yashwant_Sinha,blur,1.00000000,1,0.99482298,0
Yashwant_Sinha,blur,2.00000000,1,0.97018069,0
Yashwant_Sinha,blur,3.00000000,1,0.91960192,0
Yashwant_Sinha,blur,4.00000000,1,0.84993696,0
Yashwant_Sinha,blur,5.00000000,1,0.75495833,0
Yashwant_Sinha,occlusion,0.00000000,1,0.99856764,0
Yashwant_Sinha,occlusion,0.10000000,0,nan,1
Yashwant_Sinha,occlusion,0.15000000,0,nan,1
Yashwant_Sinha,occlusion,0.20000000,0,nan,1
Yashwant_Sinha,occlusion,0.25000000,0,nan,1
Yashwant_Sinha,occlusion,0.30000000,0,nan,1
Yasser_Arafat,gaussian,0.00000000,1,0.99999994,0
Yasser_Arafat,gaussian,0.02000000,1,0.99245834,0
Yasser_Arafat,gaussian,0.05000000,1,0.95722663,0
Yasser_Arafat,gaussian,0.10000000,1,0.85800397,0
Yasser_Arafat,gaussian,0.20000000,0,nan,1
Yasser_Arafat,gaussian,0.30000000,0,nan,1
Yasser_Arafat,brightness,1.00000000,1,0.99999994,0
Yasser_Arafat,brightness,0.90000000,1,0.99919176,0
Yasser_Arafat,brightness,0.80000000,1,0.99821931,0
Yasser_Arafat,brightness,0.65000000,1,0.99530876,0
Yasser_Arafat,brightness,0.50000000,1,0.99109358,0
Yasser_Arafat,brightness,0.35000000,1,0.98113346,0
Yasser_Arafat,rotation,0.00000000,1,0.99999994,0
Yasser_Arafat,rotation,3.00000000,1,0.99697292,0
Yasser_Arafat,rotation,6.00000000,1,0.99658293,0
Yasser_Arafat,rotation,10.00000000,1,0.99706233,0
Yasser_Arafat,rotation,15.00000000,1,0.99766207,0
Yasser_Arafat,rotation,20.00000000,1,0.99265587,0
Yasser_Arafat,blur,0.00000000,1,0.99615163,0
Yasser_Arafat,blur,1.00000000,1,0.99535233,0
Yasser_Arafat,blur,2.00000000,1,0.97268647,0
Yasser_Arafat,blur,3.00000000,1,0.91326129,0
Yasser_Arafat,blur,4.00000000,1,0.82816780,0
Yasser_Arafat,blur,5.00000000,1,0.72585917,0
Yasser_Arafat,occlusion,0.00000000,1,0.99925339,0
Yasser_Arafat,occlusion,0.10000000,0,-0.02466079,0
Yasser_Arafat,occlusion,0.15000000,0,-0.02366112,0
Yasser_Arafat,occlusion,0.20000000,0,-0.02182982,0
Yasser_Arafat,occlusion,0.25000000,0,-0.01684234,0
Yasser_Arafat,occlusion,0.30000000,0,-0.01896874,0
Yoko_Ono,gaussian,0.00000000,1,0.99999988,0
Yoko_Ono,gaussian,0.02000000,1,0.99295658,0
Yoko_Ono,gaussian,0.05000000,1,0.96385127,0
Yoko_Ono,gaussian,0.10000000,1,0.91400421,0
Yoko_Ono,gaussian,0.20000000,0,nan,1
Yoko_Ono,gaussian,0.30000000,0,nan,1
Yoko_Ono,brightness,1.00000000,1,0.99999988,0
Yoko_Ono,brightness,0.90000000,1,0.99971616,0
Yoko_Ono,brightness,0.80000000,1,0.99902123,0
Yoko_Ono,brightness,0.65000000,1,0.99735785,0
Yoko_Ono,brightness,0.50000000,1,0.99428958,0
Yoko_Ono,brightness,0.35000000,1,0.98812103,0
Yoko_Ono,rotation,0.00000000,1,0.99999988,0
Yoko_Ono,rotation,3.00000000,1,0.99787527,0
Yoko_Ono,rotation,6.00000000,1,0.99844241,0
Yoko_Ono,rotation,10.00000000,1,0.99798781,0
Yoko_Ono,rotation,15.00000000,1,0.99756384,0
Yoko_Ono,rotation,20.00000000,1,0.99758649,0
Yoko_Ono,blur,0.00000000,1,0.99750435,0
Yoko_Ono,blur,1.00000000,1,0.99711901,0
Yoko_Ono,blur,2.00000000,1,0.98009801,0
Yoko_Ono,blur,3.00000000,1,0.92261511,0
Yoko_Ono,blur,4.00000000,1,0.83464372,0
Yoko_Ono,blur,5.00000000,1,0.75332958,0
Yoko_Ono,occlusion,0.00000000,1,0.99958599,0
Yoko_Ono,occlusion,0.10000000,0,0.01170884,0
Yoko_Ono,occlusion,0.15000000,0,0.01149007,0
Yoko_Ono,occlusion,0.20000000,0,0.01220703,0
Yoko_Ono,occlusion,0.25000000,0,0.00321024,0
Yoko_Ono,occlusion,0.30000000,0,0.00544007,0
Yoriko_Kawaguchi,gaussian,0.00000000,1,0.99999994,0
Yoriko_Kawaguchi,gaussian,0.02000000,1,0.98359740,0
Yoriko_Kawaguchi,gaussian,0.05000000,1,0.94272804,0
Yoriko_Kawaguchi,gaussian,0.10000000,1,0.83454329,0
Yoriko_Kawaguchi,gaussian,0.20000000,0,nan,1
Yoriko_Kawaguchi,gaussian,0.30000000,0,nan,1
Yoriko_Kawaguchi,brightness,1.00000000,1,0.99999994,0
Yoriko_Kawaguchi,brightness,0.90000000,1,0.99903721,0
Yoriko_Kawaguchi,brightness,0.80000000,1,0.99724782,0
Yoriko_Kawaguchi,brightness,0.65000000,1,0.99237901,0
Yoriko_Kawaguchi,brightness,0.50000000,1,0.98274243,0
Yoriko_Kawaguchi,brightness,0.35000000,1,0.96975744,0
Yoriko_Kawaguchi,rotation,0.00000000,1,0.99999994,0
Yoriko_Kawaguchi,rotation,3.00000000,1,0.99744940,0
Yoriko_Kawaguchi,rotation,6.00000000,1,0.99618894,0
Yoriko_Kawaguchi,rotation,10.00000000,1,0.99647456,0
Yoriko_Kawaguchi,rotation,15.00000000,1,0.99412513,0
Yoriko_Kawaguchi,rotation,20.00000000,1,0.99380314,0
Yoriko_Kawaguchi,blur,0.00000000,1,0.99478042,0
Yoriko_Kawaguchi,blur,1.00000000,1,0.99354321,0
Yoriko_Kawaguchi,blur,2.00000000,1,0.94819927,0
Yoriko_Kawaguchi,blur,3.00000000,1,0.86151457,0
Yoriko_Kawaguchi,blur,4.00000000,0,0.75779462,0
Yoriko_Kawaguchi,blur,5.00000000,1,0.66089576,0
Yoriko_Kawaguchi,occlusion,0.00000000,1,0.99940032,0
Yoriko_Kawaguchi,occlusion,0.10000000,0,0.20065767,0
Yoriko_Kawaguchi,occlusion,0.15000000,0,nan,1
Yoriko_Kawaguchi,occlusion,0.20000000,0,nan,1
Yoriko_Kawaguchi,occlusion,0.25000000,0,nan,1
Yoriko_Kawaguchi,occlusion,0.30000000,0,nan,1
Zhu_Rongji,gaussian,0.00000000,1,1.00000000,0
Zhu_Rongji,gaussian,0.02000000,1,0.99055833,0
Zhu_Rongji,gaussian,0.05000000,1,0.96946454,0
Zhu_Rongji,gaussian,0.10000000,1,0.91350067,0
Zhu_Rongji,gaussian,0.20000000,0,nan,1
Zhu_Rongji,gaussian,0.30000000,0,nan,1
Zhu_Rongji,brightness,1.00000000,1,1.00000000,0
Zhu_Rongji,brightness,0.90000000,1,0.99821854,0
Zhu_Rongji,brightness,0.80000000,1,0.99526733,0
Zhu_Rongji,brightness,0.65000000,1,0.99025106,0
Zhu_Rongji,brightness,0.50000000,1,0.98450381,0
Zhu_Rongji,brightness,0.35000000,1,0.97792393,0
Zhu_Rongji,rotation,0.00000000,1,1.00000000,0
Zhu_Rongji,rotation,3.00000000,1,0.99761468,0
Zhu_Rongji,rotation,6.00000000,1,0.99655581,0
Zhu_Rongji,rotation,10.00000000,1,0.99640036,0
Zhu_Rongji,rotation,15.00000000,1,0.99694002,0
Zhu_Rongji,rotation,20.00000000,1,0.99573165,0
Zhu_Rongji,blur,0.00000000,1,0.99659431,0
Zhu_Rongji,blur,1.00000000,1,0.99612784,0
Zhu_Rongji,blur,2.00000000,1,0.97822434,0
Zhu_Rongji,blur,3.00000000,1,0.94820666,0
Zhu_Rongji,blur,4.00000000,1,0.89887369,0
Zhu_Rongji,blur,5.00000000,1,0.83959872,0
Zhu_Rongji,occlusion,0.00000000,1,0.99611413,0
Zhu_Rongji,occlusion,0.10000000,0,0.52845371,0
Zhu_Rongji,occlusion,0.15000000,0,nan,1
Zhu_Rongji,occlusion,0.20000000,0,nan,1
Zhu_Rongji,occlusion,0.25000000,0,nan,1
Zhu_Rongji,occlusion,0.30000000,0,nan,1
Zinedine_Zidane,gaussian,0.00000000,1,1.00000000,0
Zinedine_Zidane,gaussian,0.02000000,1,0.98467195,0
Zinedine_Zidane,gaussian,0.05000000,1,0.93186480,0
Zinedine_Zidane,gaussian,0.10000000,1,0.82494640,0
Zinedine_Zidane,gaussian,0.20000000,0,nan,1
Zinedine_Zidane,gaussian,0.30000000,0,nan,1
Zinedine_Zidane,brightness,1.00000000,1,1.00000000,0
Zinedine_Zidane,brightness,0.90000000,1,0.99939960,0
Zinedine_Zidane,brightness,0.80000000,1,0.99799603,0
Zinedine_Zidane,brightness,0.65000000,1,0.99389797,0
Zinedine_Zidane,brightness,0.50000000,1,0.98726499,0
Zinedine_Zidane,brightness,0.35000000,1,0.97703516,0
Zinedine_Zidane,rotation,0.00000000,1,1.00000000,0
Zinedine_Zidane,rotation,3.00000000,1,0.99749154,0
Zinedine_Zidane,rotation,6.00000000,1,0.99685216,0
Zinedine_Zidane,rotation,10.00000000,1,0.99612504,0
Zinedine_Zidane,rotation,15.00000000,1,0.99362993,0
Zinedine_Zidane,rotation,20.00000000,1,0.98722637,0
Zinedine_Zidane,blur,0.00000000,1,0.99603105,0
Zinedine_Zidane,blur,1.00000000,1,0.99548495,0
Zinedine_Zidane,blur,2.00000000,1,0.96788597,0
Zinedine_Zidane,blur,3.00000000,1,0.89212829,0
Zinedine_Zidane,blur,4.00000000,0,0.79401040,0
Zinedine_Zidane,blur,5.00000000,1,0.68079603,0
Zinedine_Zidane,occlusion,0.00000000,1,0.99948347,0
Zinedine_Zidane,occlusion,0.10000000,0,0.44417250,0
Zinedine_Zidane,occlusion,0.15000000,0,0.24126421,0
Zinedine_Zidane,occlusion,0.20000000,0,nan,1
Zinedine_Zidane,occlusion,0.25000000,0,nan,1
Zinedine_Zidane,occlusion,0.30000000,0,nan,1
