group,attack,victim,candidate_count,permutation,target_position,setup_time_ms,attack_time_ms,requests_sent,biometric_evaluations,blocked_requests,target_identified,false_accept,signature_issued,attempts_per_second
G0,candidate_scan,Abdullah_Gul,10,0,5,0.09000000,0.08000000,10,10,0,1,0,0,119837.26000000
G1,candidate_scan,Abdullah_Gul,10,0,5,2.37000000,23.48000000,6,6,0,1,0,1,255.52000000
G2,candidate_scan,Abdullah_Gul,10,0,5,142.96000000,126.03000000,6,6,0,1,0,1,47.61000000
G3,candidate_scan,Abdullah_Gul,10,0,5,145.24000000,14.76000000,4,3,1,0,0,0,271.07000000
G0,candidate_scan,Abdullah_Gul,10,1,2,0.07000000,0.08000000,10,10,0,1,0,0,128266.18000000
G1,candidate_scan,Abdullah_Gul,10,1,2,1.82000000,11.44000000,3,3,0,1,0,1,262.25000000
G2,candidate_scan,Abdullah_Gul,10,1,2,149.45000000,112.31000000,3,3,0,1,0,1,26.71000000
G3,candidate_scan,Abdullah_Gul,10,1,2,144.04000000,114.80000000,3,3,0,1,0,1,26.13000000
G0,candidate_scan,Abdullah_Gul,10,2,1,0.06000000,0.07000000,10,10,0,1,0,0,144631.17000000
G1,candidate_scan,Abdullah_Gul,10,2,1,1.74000000,7.39000000,2,2,0,1,0,1,270.64000000
G2,candidate_scan,Abdullah_Gul,10,2,1,149.31000000,110.83000000,2,2,0,1,0,1,18.05000000
G3,candidate_scan,Abdullah_Gul,10,2,1,142.52000000,113.09000000,2,2,0,1,0,1,17.68000000
G0,candidate_scan,Abdullah_Gul,10,3,3,0.06000000,0.07000000,10,10,0,1,0,0,149796.57000000
G1,candidate_scan,Abdullah_Gul,10,3,3,1.77000000,15.16000000,4,4,0,1,0,1,263.82000000
G2,candidate_scan,Abdullah_Gul,10,3,3,142.46000000,119.75000000,4,4,0,1,0,1,33.40000000
G3,candidate_scan,Abdullah_Gul,10,3,3,151.33000000,14.53000000,4,3,1,0,0,0,275.22000000
G0,candidate_scan,Abdullah_Gul,10,4,8,0.07000000,0.07000000,10,10,0,1,0,0,148208.62000000
G1,candidate_scan,Abdullah_Gul,10,4,8,1.78000000,35.82000000,9,9,0,1,0,1,251.26000000
G2,candidate_scan,Abdullah_Gul,10,4,8,147.91000000,136.38000000,9,9,0,1,0,1,65.99000000
G3,candidate_scan,Abdullah_Gul,10,4,8,144.28000000,14.14000000,4,3,1,0,0,0,282.83000000
G0,candidate_scan,Abdullah_Gul,50,0,33,0.07000000,0.23000000,50,50,0,1,0,0,218226.01000000
G1,candidate_scan,Abdullah_Gul,50,0,33,1.80000000,133.21000000,34,34,0,1,0,1,255.23000000
G2,candidate_scan,Abdullah_Gul,50,0,33,146.92000000,255.82000000,34,34,0,1,0,1,132.90000000
G3,candidate_scan,Abdullah_Gul,50,0,33,144.57000000,14.95000000,4,3,1,0,0,0,267.63000000
G0,candidate_scan,Abdullah_Gul,50,1,13,0.07000000,0.24000000,50,50,0,1,0,0,209505.69000000
G1,candidate_scan,Abdullah_Gul,50,1,13,1.93000000,58.30000000,14,14,0,1,0,1,240.15000000
G2,candidate_scan,Abdullah_Gul,50,1,13,153.95000000,161.85000000,14,14,0,1,0,1,86.50000000
G3,candidate_scan,Abdullah_Gul,50,1,13,147.04000000,14.76000000,4,3,1,0,0,0,270.97000000
G0,candidate_scan,Abdullah_Gul,50,2,17,0.07000000,0.23000000,50,50,0,1,0,0,218681.13000000
G1,candidate_scan,Abdullah_Gul,50,2,17,1.82000000,71.37000000,18,18,0,1,0,1,252.21000000
G2,candidate_scan,Abdullah_Gul,50,2,17,150.85000000,178.26000000,18,18,0,1,0,1,100.98000000
G3,candidate_scan,Abdullah_Gul,50,2,17,143.08000000,14.50000000,4,3,1,0,0,0,275.88000000
G0,candidate_scan,Abdullah_Gul,50,3,2,0.07000000,0.24000000,50,50,0,1,0,0,210346.24000000
G1,candidate_scan,Abdullah_Gul,50,3,2,1.80000000,11.57000000,3,3,0,1,0,1,259.18000000
G2,candidate_scan,Abdullah_Gul,50,3,2,142.75000000,115.66000000,3,3,0,1,0,1,25.94000000
G3,candidate_scan,Abdullah_Gul,50,3,2,148.75000000,116.47000000,3,3,0,1,0,1,25.76000000
G0,candidate_scan,Abdullah_Gul,50,4,43,0.07000000,0.23000000,50,50,0,1,0,0,213776.96000000
G1,candidate_scan,Abdullah_Gul,50,4,43,1.75000000,172.30000000,44,44,0,1,0,1,255.36000000
G2,candidate_scan,Abdullah_Gul,50,4,43,147.06000000,289.26000000,44,44,0,1,0,1,152.11000000
G3,candidate_scan,Abdullah_Gul,50,4,43,149.61000000,14.77000000,4,3,1,0,0,0,270.88000000
G0,candidate_scan,Abdullah_Gul,100,0,45,0.06000000,0.42000000,100,100,0,1,0,0,239127.94000000
G1,candidate_scan,Abdullah_Gul,100,0,45,1.76000000,179.58000000,46,46,0,1,0,1,256.15000000
G2,candidate_scan,Abdullah_Gul,100,0,45,146.32000000,293.71000000,46,46,0,1,0,1,156.62000000
G3,candidate_scan,Abdullah_Gul,100,0,45,144.90000000,14.87000000,4,3,1,0,0,0,268.95000000
G0,candidate_scan,Abdullah_Gul,100,1,31,0.06000000,0.48000000,100,100,0,1,0,0,207844.60000000
G1,candidate_scan,Abdullah_Gul,100,1,31,1.79000000,125.14000000,32,32,0,1,0,1,255.72000000
G2,candidate_scan,Abdullah_Gul,100,1,31,150.81000000,240.05000000,32,32,0,1,0,1,133.30000000
G3,candidate_scan,Abdullah_Gul,100,1,31,141.99000000,15.04000000,4,3,1,0,0,0,266.02000000
G0,candidate_scan,Abdullah_Gul,100,2,91,0.07000000,0.44000000,100,100,0,1,0,0,227827.49000000
G1,candidate_scan,Abdullah_Gul,100,2,91,1.81000000,360.11000000,92,92,0,1,0,1,255.48000000
G2,candidate_scan,Abdullah_Gul,100,2,91,141.70000000,508.15000000,92,92,0,1,0,1,181.05000000
G3,candidate_scan,Abdullah_Gul,100,2,91,145.63000000,15.11000000,4,3,1,0,0,0,264.72000000
G0,candidate_scan,Abdullah_Gul,100,3,48,0.06000000,0.43000000,100,100,0,1,0,0,230203.29000000
G1,candidate_scan,Abdullah_Gul,100,3,48,1.78000000,193.05000000,49,49,0,1,0,1,253.83000000
G2,candidate_scan,Abdullah_Gul,100,3,48,145.76000000,322.19000000,49,49,0,1,0,1,152.08000000
G3,candidate_scan,Abdullah_Gul,100,3,48,143.11000000,14.27000000,4,3,1,0,0,0,280.25000000
G0,candidate_scan,Abdullah_Gul,100,4,80,0.07000000,0.45000000,100,100,0,1,0,0,222509.50000000
G1,candidate_scan,Abdullah_Gul,100,4,80,1.75000000,318.90000000,81,81,0,1,0,1,254.00000000
G2,candidate_scan,Abdullah_Gul,100,4,80,144.24000000,441.16000000,81,81,0,1,0,1,183.61000000
G3,candidate_scan,Abdullah_Gul,100,4,80,153.76000000,14.68000000,4,3,1,0,0,0,272.45000000
G0,candidate_scan,Adrien_Brody,10,0,9,0.05000000,0.07000000,10,10,0,1,0,0,152520.15000000
G1,candidate_scan,Adrien_Brody,10,0,9,1.80000000,38.77000000,10,10,0,1,0,1,257.93000000
G2,candidate_scan,Adrien_Brody,10,0,9,153.61000000,144.08000000,10,10,0,1,0,1,69.40000000
G3,candidate_scan,Adrien_Brody,10,0,9,143.98000000,14.72000000,4,3,1,0,0,0,271.70000000
G0,candidate_scan,Adrien_Brody,10,1,9,0.06000000,0.07000000,10,10,0,1,0,0,151418.92000000
G1,candidate_scan,Adrien_Brody,10,1,9,1.76000000,39.45000000,10,10,0,1,0,1,253.48000000
G2,candidate_scan,Adrien_Brody,10,1,9,150.57000000,153.02000000,10,10,0,1,0,1,65.35000000
G3,candidate_scan,Adrien_Brody,10,1,9,143.05000000,14.68000000,4,3,1,0,0,0,272.39000000
G0,candidate_scan,Adrien_Brody,10,2,5,0.06000000,0.07000000,10,10,0,1,0,0,148734.18000000
G1,candidate_scan,Adrien_Brody,10,2,5,1.76000000,23.55000000,6,6,0,1,0,1,254.81000000
G2,candidate_scan,Adrien_Brody,10,2,5,145.64000000,129.53000000,6,6,0,1,0,1,46.32000000
G3,candidate_scan,Adrien_Brody,10,2,5,143.05000000,14.86000000,4,3,1,0,0,0,269.09000000
G0,candidate_scan,Adrien_Brody,10,3,1,0.06000000,0.07000000,10,10,0,1,0,0,147168.56000000
G1,candidate_scan,Adrien_Brody,10,3,1,1.72000000,7.47000000,2,2,0,1,0,1,267.66000000
G2,candidate_scan,Adrien_Brody,10,3,1,145.31000000,109.24000000,2,2,0,1,0,1,18.31000000
G3,candidate_scan,Adrien_Brody,10,3,1,145.63000000,109.39000000,2,2,0,1,0,1,18.28000000
G0,candidate_scan,Adrien_Brody,10,4,7,0.08000000,0.07000000,10,10,0,1,0,0,146653.99000000
G1,candidate_scan,Adrien_Brody,10,4,7,1.79000000,31.48000000,8,8,0,1,0,1,254.11000000
G2,candidate_scan,Adrien_Brody,10,4,7,150.18000000,135.42000000,8,8,0,1,0,1,59.07000000
G3,candidate_scan,Adrien_Brody,10,4,7,145.34000000,14.24000000,4,3,1,0,0,0,280.85000000
G0,candidate_scan,Adrien_Brody,50,0,36,0.06000000,0.24000000,50,50,0,1,0,0,212262.35000000
G1,candidate_scan,Adrien_Brody,50,0,36,1.79000000,145.86000000,37,37,0,1,0,1,253.67000000
G2,candidate_scan,Adrien_Brody,50,0,36,140.72000000,256.86000000,37,37,0,1,0,1,144.05000000
G3,candidate_scan,Adrien_Brody,50,0,36,146.45000000,14.23000000,4,3,1,0,0,0,281.05000000
G0,candidate_scan,Adrien_Brody,50,1,35,0.06000000,0.23000000,50,50,0,1,0,0,216647.93000000
G1,candidate_scan,Adrien_Brody,50,1,35,1.79000000,140.93000000,36,36,0,1,0,1,255.45000000
G2,candidate_scan,Adrien_Brody,50,1,35,145.16000000,255.68000000,36,36,0,1,0,1,140.80000000
G3,candidate_scan,Adrien_Brody,50,1,35,144.04000000,14.64000000,4,3,1,0,0,0,273.24000000
G0,candidate_scan,Adrien_Brody,50,2,8,0.06000000,0.24000000,50,50,0,1,0,0,207844.60000000
G1,candidate_scan,Adrien_Brody,50,2,8,1.75000000,35.04000000,9,9,0,1,0,1,256.86000000
G2,candidate_scan,Adrien_Brody,50,2,8,146.15000000,140.29000000,9,9,0,1,0,1,64.15000000
G3,candidate_scan,Adrien_Brody,50,2,8,151.70000000,14.60000000,4,3,1,0,0,0,273.97000000
G0,candidate_scan,Adrien_Brody,50,3,17,0.06000000,0.23000000,50,50,0,1,0,0,215534.64000000
G1,candidate_scan,Adrien_Brody,50,3,17,1.78000000,70.62000000,18,18,0,1,0,1,254.88000000
G2,candidate_scan,Adrien_Brody,50,3,17,149.26000000,178.40000000,18,18,0,1,0,1,100.90000000
G3,candidate_scan,Adrien_Brody,50,3,17,143.91000000,14.95000000,4,3,1,0,0,0,267.53000000
G0,candidate_scan,Adrien_Brody,50,4,4,0.06000000,0.25000000,50,50,0,1,0,0,199159.73000000
G1,candidate_scan,Adrien_Brody,50,4,4,1.78000000,19.16000000,5,5,0,1,0,1,260.99000000
G2,candidate_scan,Adrien_Brody,50,4,4,142.05000000,123.41000000,5,5,0,1,0,1,40.51000000
G3,candidate_scan,Adrien_Brody,50,4,4,144.47000000,14.62000000,4,3,1,0,0,0,273.67000000
G0,candidate_scan,Adrien_Brody,100,0,9,0.06000000,0.48000000,100,100,0,1,0,0,207638.81000000
G1,candidate_scan,Adrien_Brody,100,0,9,1.77000000,38.94000000,10,10,0,1,0,1,256.81000000
G2,candidate_scan,Adrien_Brody,100,0,9,142.24000000,144.41000000,10,10,0,1,0,1,69.25000000
G3,candidate_scan,Adrien_Brody,100,0,9,145.96000000,14.61000000,4,3,1,0,0,0,273.73000000
G0,candidate_scan,Adrien_Brody,100,1,43,0.06000000,0.42000000,100,100,0,1,0,0,235502.75000000
G1,candidate_scan,Adrien_Brody,100,1,43,1.78000000,173.36000000,44,44,0,1,0,1,253.81000000
G2,candidate_scan,Adrien_Brody,100,1,43,140.44000000,284.45000000,44,44,0,1,0,1,154.69000000
G3,candidate_scan,Adrien_Brody,100,1,43,145.21000000,14.04000000,4,3,1,0,0,0,284.91000000
G0,candidate_scan,Adrien_Brody,100,2,52,0.07000000,0.45000000,100,100,0,1,0,0,222038.33000000
G1,candidate_scan,Adrien_Brody,100,2,52,1.77000000,207.11000000,53,53,0,1,0,1,255.90000000
G2,candidate_scan,Adrien_Brody,100,2,52,144.75000000,327.25000000,53,53,0,1,0,1,161.96000000
G3,candidate_scan,Adrien_Brody,100,2,52,144.92000000,14.65000000,4,3,1,0,0,0,273.04000000
G0,candidate_scan,Adrien_Brody,100,3,89,0.06000000,0.43000000,100,100,0,1,0,0,233665.96000000
G1,candidate_scan,Adrien_Brody,100,3,89,1.78000000,354.31000000,90,90,0,1,0,1,254.02000000
G2,candidate_scan,Adrien_Brody,100,3,89,144.54000000,490.38000000,90,90,0,1,0,1,183.53000000
G3,candidate_scan,Adrien_Brody,100,3,89,146.32000000,14.95000000,4,3,1,0,0,0,267.52000000
G0,candidate_scan,Adrien_Brody,100,4,38,0.06000000,0.42000000,100,100,0,1,0,0,235635.06000000
G1,candidate_scan,Adrien_Brody,100,4,38,1.74000000,154.70000000,39,39,0,1,0,1,252.10000000
G2,candidate_scan,Adrien_Brody,100,4,38,146.35000000,270.76000000,39,39,0,1,0,1,144.04000000
G3,candidate_scan,Adrien_Brody,100,4,38,146.30000000,14.53000000,4,3,1,0,0,0,275.21000000
G0,candidate_scan,Al_Gore,10,0,3,0.06000000,0.07000000,10,10,0,1,0,0,144631.17000000
G1,candidate_scan,Al_Gore,10,0,3,1.76000000,15.31000000,4,4,0,1,0,1,261.20000000
G2,candidate_scan,Al_Gore,10,0,3,146.93000000,118.07000000,4,4,0,1,0,1,33.88000000
G3,candidate_scan,Al_Gore,10,0,3,142.07000000,14.75000000,4,3,1,0,0,0,271.18000000
G0,candidate_scan,Al_Gore,10,1,0,0.06000000,0.07000000,10,10,0,1,0,0,148208.62000000
G1,candidate_scan,Al_Gore,10,1,0,1.79000000,3.48000000,1,1,0,1,0,1,287.52000000
G2,candidate_scan,Al_Gore,10,1,0,147.20000000,105.08000000,1,1,0,1,0,1,9.52000000
G3,candidate_scan,Al_Gore,10,1,0,142.89000000,106.96000000,1,1,0,1,0,1,9.35000000
G0,candidate_scan,Al_Gore,10,2,4,0.07000000,0.07000000,10,10,0,1,0,0,148734.18000000
G1,candidate_scan,Al_Gore,10,2,4,1.83000000,19.39000000,5,5,0,1,0,1,257.91000000
G2,candidate_scan,Al_Gore,10,2,4,148.20000000,122.09000000,5,5,0,1,0,1,40.95000000
G3,candidate_scan,Al_Gore,10,2,4,144.40000000,14.61000000,4,3,1,0,0,0,273.81000000
G0,candidate_scan,Al_Gore,10,3,7,0.06000000,0.07000000,10,10,0,1,0,0,137518.16000000
G1,candidate_scan,Al_Gore,10,3,7,1.84000000,31.76000000,8,8,0,1,0,1,251.92000000
G2,candidate_scan,Al_Gore,10,3,7,156.11000000,134.63000000,8,8,0,1,0,1,59.42000000
G3,candidate_scan,Al_Gore,10,3,7,144.84000000,14.74000000,4,3,1,0,0,0,271.32000000
G0,candidate_scan,Al_Gore,10,4,2,0.06000000,0.07000000,10,10,0,1,0,0,144134.16000000
G1,candidate_scan,Al_Gore,10,4,2,1.81000000,11.43000000,3,3,0,1,0,1,262.38000000
G2,candidate_scan,Al_Gore,10,4,2,144.25000000,112.99000000,3,3,0,1,0,1,26.55000000
G3,candidate_scan,Al_Gore,10,4,2,149.88000000,112.80000000,3,3,0,1,0,1,26.60000000
G0,candidate_scan,Al_Gore,50,0,36,0.06000000,0.24000000,50,50,0,1,0,0,206209.64000000
G1,candidate_scan,Al_Gore,50,0,36,1.80000000,144.92000000,37,37,0,1,0,1,255.31000000
G2,candidate_scan,Al_Gore,50,0,36,142.10000000,258.91000000,37,37,0,1,0,1,142.91000000
G3,candidate_scan,Al_Gore,50,0,36,142.41000000,14.77000000,4,3,1,0,0,0,270.74000000
G0,candidate_scan,Al_Gore,50,1,46,0.06000000,0.22000000,50,50,0,1,0,0,224775.13000000
G1,candidate_scan,Al_Gore,50,1,46,1.75000000,184.12000000,47,47,0,1,0,1,255.27000000
G2,candidate_scan,Al_Gore,50,1,46,144.60000000,301.41000000,47,47,0,1,0,1,155.93000000
G3,candidate_scan,Al_Gore,50,1,46,150.49000000,14.52000000,4,3,1,0,0,0,275.41000000
G0,candidate_scan,Al_Gore,50,2,12,0.06000000,0.22000000,50,50,0,1,0,0,223815.58000000
G1,candidate_scan,Al_Gore,50,2,12,1.60000000,49.79000000,13,13,0,1,0,1,261.08000000
G2,candidate_scan,Al_Gore,50,2,12,147.25000000,157.36000000,13,13,0,1,0,1,82.61000000
G3,candidate_scan,Al_Gore,50,2,12,146.62000000,14.87000000,4,3,1,0,0,0,268.94000000
G0,candidate_scan,Al_Gore,50,3,31,0.09000000,0.23000000,50,50,0,1,0,0,218681.13000000
G1,candidate_scan,Al_Gore,50,3,31,1.75000000,125.18000000,32,32,0,1,0,1,255.64000000
G2,candidate_scan,Al_Gore,50,3,31,146.48000000,244.33000000,32,32,0,1,0,1,130.97000000
G3,candidate_scan,Al_Gore,50,3,31,142.43000000,14.62000000,4,3,1,0,0,0,273.56000000
G0,candidate_scan,Al_Gore,50,4,31,0.06000000,0.23000000,50,50,0,1,0,0,213559.27000000
G1,candidate_scan,Al_Gore,50,4,31,1.79000000,125.46000000,32,32,0,1,0,1,255.07000000
G2,candidate_scan,Al_Gore,50,4,31,147.51000000,237.96000000,32,32,0,1,0,1,134.48000000
G3,candidate_scan,Al_Gore,50,4,31,145.43000000,14.28000000,4,3,1,0,0,0,280.10000000
G0,candidate_scan,Al_Gore,100,0,58,0.07000000,0.48000000,100,100,0,1,0,0,207228.46000000
G1,candidate_scan,Al_Gore,100,0,58,1.81000000,232.93000000,59,59,0,1,0,1,253.29000000
G2,candidate_scan,Al_Gore,100,0,58,142.04000000,356.32000000,59,59,0,1,0,1,165.58000000
G3,candidate_scan,Al_Gore,100,0,58,146.61000000,13.80000000,4,3,1,0,0,0,289.78000000
G0,candidate_scan,Al_Gore,100,1,38,0.06000000,0.43000000,100,100,0,1,0,0,231091.13000000
G1,candidate_scan,Al_Gore,100,1,38,1.81000000,153.19000000,39,39,0,1,0,1,254.59000000
G2,candidate_scan,Al_Gore,100,1,38,146.49000000,267.09000000,39,39,0,1,0,1,146.02000000
G3,candidate_scan,Al_Gore,100,1,38,146.48000000,14.31000000,4,3,1,0,0,0,279.62000000
G0,candidate_scan,Al_Gore,100,2,26,0.06000000,0.43000000,100,100,0,1,0,0,233535.86000000
G1,candidate_scan,Al_Gore,100,2,26,1.83000000,105.56000000,27,27,0,1,0,1,255.77000000
G2,candidate_scan,Al_Gore,100,2,26,146.23000000,215.85000000,27,27,0,1,0,1,125.09000000
G3,candidate_scan,Al_Gore,100,2,26,148.34000000,14.45000000,4,3,1,0,0,0,276.73000000
G0,candidate_scan,Al_Gore,100,3,82,0.06000000,0.43000000,100,100,0,1,0,0,232629.17000000
G1,candidate_scan,Al_Gore,100,3,82,1.81000000,326.26000000,83,83,0,1,0,1,254.40000000
G2,candidate_scan,Al_Gore,100,3,82,147.82000000,457.07000000,83,83,0,1,0,1,181.59000000
G3,candidate_scan,Al_Gore,100,3,82,143.70000000,14.67000000,4,3,1,0,0,0,272.61000000
G0,candidate_scan,Al_Gore,100,4,35,0.06000000,0.43000000,100,100,0,1,0,0,230709.79000000
G1,candidate_scan,Al_Gore,100,4,35,1.81000000,140.82000000,36,36,0,1,0,1,255.65000000
G2,candidate_scan,Al_Gore,100,4,35,146.98000000,252.26000000,36,36,0,1,0,1,142.71000000
G3,candidate_scan,Al_Gore,100,4,35,144.02000000,14.94000000,4,3,1,0,0,0,267.71000000
G0,candidate_scan,Al_Sharpton,10,0,3,0.07000000,0.07000000,10,10,0,1,0,0,149796.57000000
G1,candidate_scan,Al_Sharpton,10,0,3,1.83000000,15.20000000,4,4,0,1,0,1,263.24000000
G2,candidate_scan,Al_Sharpton,10,0,3,147.77000000,117.92000000,4,4,0,1,0,1,33.92000000
G3,candidate_scan,Al_Sharpton,10,0,3,145.46000000,14.50000000,4,3,1,0,0,0,275.82000000
G0,candidate_scan,Al_Sharpton,10,1,9,0.05000000,0.06000000,10,10,0,1,0,0,156503.88000000
G1,candidate_scan,Al_Sharpton,10,1,9,1.74000000,38.98000000,10,10,0,1,0,1,256.52000000
G2,candidate_scan,Al_Sharpton,10,1,9,143.19000000,141.55000000,10,10,0,1,0,1,70.64000000
G3,candidate_scan,Al_Sharpton,10,1,9,144.60000000,14.69000000,4,3,1,0,0,0,272.35000000
G0,candidate_scan,Al_Sharpton,10,2,9,0.06000000,0.07000000,10,10,0,1,0,0,148208.62000000
G1,candidate_scan,Al_Sharpton,10,2,9,1.73000000,38.95000000,10,10,0,1,0,1,256.76000000
G2,candidate_scan,Al_Sharpton,10,2,9,144.94000000,145.18000000,10,10,0,1,0,1,68.88000000
G3,candidate_scan,Al_Sharpton,10,2,9,147.21000000,15.11000000,4,3,1,0,0,0,264.65000000
G0,candidate_scan,Al_Sharpton,10,3,4,0.06000000,0.07000000,10,10,0,1,0,0,138884.24000000
G1,candidate_scan,Al_Sharpton,10,3,4,1.76000000,19.18000000,5,5,0,1,0,1,260.71000000
G2,candidate_scan,Al_Sharpton,10,3,4,144.05000000,123.45000000,5,5,0,1,0,1,40.50000000
G3,candidate_scan,Al_Sharpton,10,3,4,147.20000000,14.48000000,4,3,1,0,0,0,276.25000000
G0,candidate_scan,Al_Sharpton,10,4,0,0.07000000,0.07000000,10,10,0,1,0,0,148734.18000000
G1,candidate_scan,Al_Sharpton,10,4,0,1.79000000,3.48000000,1,1,0,1,0,1,287.32000000
G2,candidate_scan,Al_Sharpton,10,4,0,146.73000000,105.72000000,1,1,0,1,0,1,9.46000000
G3,candidate_scan,Al_Sharpton,10,4,0,145.37000000,107.27000000,1,1,0,1,0,1,9.32000000
G0,candidate_scan,Al_Sharpton,50,0,35,0.07000000,0.23000000,50,50,0,1,0,0,220057.92000000
G1,candidate_scan,Al_Sharpton,50,0,35,1.77000000,141.77000000,36,36,0,1,0,1,253.93000000
G2,candidate_scan,Al_Sharpton,50,0,35,144.10000000,257.07000000,36,36,0,1,0,1,140.04000000
G3,candidate_scan,Al_Sharpton,50,0,35,144.99000000,14.85000000,4,3,1,0,0,0,269.37000000
G0,candidate_scan,Al_Sharpton,50,1,10,0.06000000,0.24000000,50,50,0,1,0,0,207228.46000000
G1,candidate_scan,Al_Sharpton,50,1,10,1.71000000,42.55000000,11,11,0,1,0,1,258.50000000
G2,candidate_scan,Al_Sharpton,50,1,10,146.10000000,147.50000000,11,11,0,1,0,1,74.58000000
G3,candidate_scan,Al_Sharpton,50,1,10,144.57000000,14.23000000,4,3,1,0,0,0,281.03000000
G0,candidate_scan,Al_Sharpton,50,2,39,0.09000000,0.24000000,50,50,0,1,0,0,209925.13000000
G1,candidate_scan,Al_Sharpton,50,2,39,1.73000000,155.93000000,40,40,0,1,0,1,256.52000000
G2,candidate_scan,Al_Sharpton,50,2,39,143.87000000,277.38000000,40,40,0,1,0,1,144.21000000
G3,candidate_scan,Al_Sharpton,50,2,39,145.69000000,14.19000000,4,3,1,0,0,0,281.81000000
G0,candidate_scan,Al_Sharpton,50,3,26,0.07000000,0.23000000,50,50,0,1,0,0,213125.20000000
G1,candidate_scan,Al_Sharpton,50,3,26,1.76000000,105.54000000,27,27,0,1,0,1,255.82000000
G2,candidate_scan,Al_Sharpton,50,3,26,145.96000000,216.49000000,27,27,0,1,0,1,124.71000000
G3,candidate_scan,Al_Sharpton,50,3,26,145.19000000,14.21000000,4,3,1,0,0,0,281.40000000
G0,candidate_scan,Al_Sharpton,50,4,10,0.07000000,0.24000000,50,50,0,1,0,0,207844.60000000
G1,candidate_scan,Al_Sharpton,50,4,10,1.84000000,42.38000000,11,11,0,1,0,1,259.54000000
G2,candidate_scan,Al_Sharpton,50,4,10,144.51000000,149.35000000,11,11,0,1,0,1,73.65000000
G3,candidate_scan,Al_Sharpton,50,4,10,147.18000000,14.47000000,4,3,1,0,0,0,276.47000000
G0,candidate_scan,Al_Sharpton,100,0,63,0.06000000,0.46000000,100,100,0,1,0,0,218112.53000000
G1,candidate_scan,Al_Sharpton,100,0,63,1.75000000,249.36000000,64,64,0,1,0,1,256.66000000
G2,candidate_scan,Al_Sharpton,100,0,63,147.08000000,372.05000000,64,64,0,1,0,1,172.02000000
G3,candidate_scan,Al_Sharpton,100,0,63,145.03000000,14.57000000,4,3,1,0,0,0,274.57000000
G0,candidate_scan,Al_Sharpton,100,1,59,0.06000000,0.47000000,100,100,0,1,0,0,210557.43000000
G1,candidate_scan,Al_Sharpton,100,1,59,1.78000000,235.44000000,60,60,0,1,0,1,254.85000000
G2,candidate_scan,Al_Sharpton,100,1,59,143.94000000,358.21000000,60,60,0,1,0,1,167.50000000
G3,candidate_scan,Al_Sharpton,100,1,59,146.57000000,15.29000000,4,3,1,0,0,0,261.60000000
G0,candidate_scan,Al_Sharpton,100,2,99,0.06000000,0.43000000,100,100,0,1,0,0,230077.02000000
G1,candidate_scan,Al_Sharpton,100,2,99,1.80000000,390.35000000,100,100,0,1,0,1,256.18000000
G2,candidate_scan,Al_Sharpton,100,2,99,144.44000000,535.25000000,100,100,0,1,0,1,186.83000000
G3,candidate_scan,Al_Sharpton,100,2,99,145.69000000,13.71000000,4,3,1,0,0,0,291.86000000
G0,candidate_scan,Al_Sharpton,100,3,55,0.06000000,0.47000000,100,100,0,1,0,0,212692.90000000
G1,candidate_scan,Al_Sharpton,100,3,55,1.81000000,217.57000000,56,56,0,1,0,1,257.39000000
G2,candidate_scan,Al_Sharpton,100,3,55,146.15000000,345.47000000,56,56,0,1,0,1,162.10000000
G3,candidate_scan,Al_Sharpton,100,3,55,147.11000000,14.75000000,4,3,1,0,0,0,271.20000000
G0,candidate_scan,Al_Sharpton,100,4,23,0.07000000,0.42000000,100,100,0,1,0,0,239127.94000000
G1,candidate_scan,Al_Sharpton,100,4,23,1.74000000,94.74000000,24,24,0,1,0,1,253.32000000
G2,candidate_scan,Al_Sharpton,100,4,23,147.12000000,200.77000000,24,24,0,1,0,1,119.54000000
G3,candidate_scan,Al_Sharpton,100,4,23,146.31000000,14.75000000,4,3,1,0,0,0,271.19000000
G0,candidate_scan,Albert_Costa,10,0,5,0.06000000,0.07000000,10,10,0,1,0,0,145635.56000000
G1,candidate_scan,Albert_Costa,10,0,5,1.77000000,22.93000000,6,6,0,1,0,1,261.71000000
G2,candidate_scan,Albert_Costa,10,0,5,145.16000000,128.19000000,6,6,0,1,0,1,46.80000000
G3,candidate_scan,Albert_Costa,10,0,5,143.69000000,14.39000000,4,3,1,0,0,0,277.95000000
G0,candidate_scan,Albert_Costa,10,1,6,0.06000000,0.07000000,10,10,0,1,0,0,148208.62000000
G1,candidate_scan,Albert_Costa,10,1,6,1.77000000,26.97000000,7,7,0,1,0,1,259.55000000
G2,candidate_scan,Albert_Costa,10,1,6,143.10000000,130.72000000,7,7,0,1,0,1,53.55000000
G3,candidate_scan,Albert_Costa,10,1,6,145.35000000,14.67000000,4,3,1,0,0,0,272.70000000
G0,candidate_scan,Albert_Costa,10,2,8,0.06000000,0.07000000,10,10,0,1,0,0,144134.16000000
G1,candidate_scan,Albert_Costa,10,2,8,1.81000000,34.88000000,9,9,0,1,0,1,258.02000000
G2,candidate_scan,Albert_Costa,10,2,8,146.01000000,138.99000000,9,9,0,1,0,1,64.75000000
G3,candidate_scan,Albert_Costa,10,2,8,146.64000000,14.54000000,4,3,1,0,0,0,275.10000000
G0,candidate_scan,Albert_Costa,10,3,1,0.06000000,0.07000000,10,10,0,1,0,0,150874.24000000
G1,candidate_scan,Albert_Costa,10,3,1,1.79000000,7.45000000,2,2,0,1,0,1,268.37000000
G2,candidate_scan,Albert_Costa,10,3,1,145.76000000,107.88000000,2,2,0,1,0,1,18.54000000
G3,candidate_scan,Albert_Costa,10,3,1,147.08000000,110.04000000,2,2,0,1,0,1,18.18000000
G0,candidate_scan,Albert_Costa,10,4,9,0.05000000,0.07000000,10,10,0,1,0,0,151967.54000000
G1,candidate_scan,Albert_Costa,10,4,9,1.76000000,38.91000000,10,10,0,1,0,1,257.04000000
G2,candidate_scan,Albert_Costa,10,4,9,145.09000000,143.20000000,10,10,0,1,0,1,69.83000000
G3,candidate_scan,Albert_Costa,10,4,9,150.64000000,14.58000000,4,3,1,0,0,0,274.29000000
G0,candidate_scan,Albert_Costa,50,0,10,0.06000000,0.24000000,50,50,0,1,0,0,211193.55000000
G1,candidate_scan,Albert_Costa,50,0,10,1.75000000,42.85000000,11,11,0,1,0,1,256.74000000
G2,candidate_scan,Albert_Costa,50,0,10,145.34000000,148.12000000,11,11,0,1,0,1,74.27000000
G3,candidate_scan,Albert_Costa,50,0,10,141.99000000,14.43000000,4,3,1,0,0,0,277.15000000
G0,candidate_scan,Albert_Costa,50,1,35,0.07000000,0.23000000,50,50,0,1,0,0,219827.25000000
G1,candidate_scan,Albert_Costa,50,1,35,1.82000000,141.01000000,36,36,0,1,0,1,255.30000000
G2,candidate_scan,Albert_Costa,50,1,35,147.87000000,258.36000000,36,36,0,1,0,1,139.34000000
G3,candidate_scan,Albert_Costa,50,1,35,141.90000000,14.60000000,4,3,1,0,0,0,273.90000000
G0,candidate_scan,Albert_Costa,50,2,21,0.06000000,0.25000000,50,50,0,1,0,0,201262.19000000
G1,candidate_scan,Albert_Costa,50,2,21,1.76000000,85.63000000,22,22,0,1,0,1,256.92000000
G2,candidate_scan,Albert_Costa,50,2,21,143.14000000,191.71000000,22,22,0,1,0,1,114.76000000
G3,candidate_scan,Albert_Costa,50,2,21,148.54000000,14.52000000,4,3,1,0,0,0,275.46000000
G0,candidate_scan,Albert_Costa,50,3,35,0.06000000,0.27000000,50,50,0,1,0,0,188085.38000000
G1,candidate_scan,Albert_Costa,50,3,35,1.74000000,139.71000000,36,36,0,1,0,1,257.69000000
G2,candidate_scan,Albert_Costa,50,3,35,144.32000000,256.94000000,36,36,0,1,0,1,140.11000000
G3,candidate_scan,Albert_Costa,50,3,35,140.57000000,14.49000000,4,3,1,0,0,0,275.97000000
G0,candidate_scan,Albert_Costa,50,4,43,0.06000000,0.25000000,50,50,0,1,0,0,202819.34000000
G1,candidate_scan,Albert_Costa,50,4,43,1.74000000,171.92000000,44,44,0,1,0,1,255.93000000
G2,candidate_scan,Albert_Costa,50,4,43,142.95000000,289.23000000,44,44,0,1,0,1,152.13000000
G3,candidate_scan,Albert_Costa,50,4,43,145.28000000,15.00000000,4,3,1,0,0,0,266.69000000
G0,candidate_scan,Albert_Costa,100,0,80,0.06000000,0.44000000,100,100,0,1,0,0,225742.95000000
G1,candidate_scan,Albert_Costa,100,0,80,1.84000000,318.78000000,81,81,0,1,0,1,254.09000000
G2,candidate_scan,Albert_Costa,100,0,80,142.95000000,450.02000000,81,81,0,1,0,1,179.99000000
G3,candidate_scan,Albert_Costa,100,0,80,141.90000000,14.09000000,4,3,1,0,0,0,283.96000000
G0,candidate_scan,Albert_Costa,100,1,4,0.06000000,0.43000000,100,100,0,1,0,0,232758.27000000
G1,candidate_scan,Albert_Costa,100,1,4,1.78000000,19.24000000,5,5,0,1,0,1,259.91000000
G2,candidate_scan,Albert_Costa,100,1,4,144.78000000,121.26000000,5,5,0,1,0,1,41.23000000
G3,candidate_scan,Albert_Costa,100,1,4,143.76000000,15.02000000,4,3,1,0,0,0,266.29000000
G0,candidate_scan,Albert_Costa,100,2,17,0.06000000,0.43000000,100,100,0,1,0,0,234449.64000000
G1,candidate_scan,Albert_Costa,100,2,17,1.80000000,70.28000000,18,18,0,1,0,1,256.12000000
G2,candidate_scan,Albert_Costa,100,2,17,145.38000000,181.06000000,18,18,0,1,0,1,99.41000000
G3,candidate_scan,Albert_Costa,100,2,17,149.70000000,14.26000000,4,3,1,0,0,0,280.42000000
G0,candidate_scan,Albert_Costa,100,3,82,0.06000000,0.45000000,100,100,0,1,0,0,220636.72000000
G1,candidate_scan,Albert_Costa,100,3,82,1.72000000,325.66000000,83,83,0,1,0,1,254.86000000
G2,candidate_scan,Albert_Costa,100,3,82,146.62000000,449.99000000,83,83,0,1,0,1,184.45000000
G3,candidate_scan,Albert_Costa,100,3,82,155.51000000,14.28000000,4,3,1,0,0,0,280.12000000
G0,candidate_scan,Albert_Costa,100,4,33,0.06000000,0.42000000,100,100,0,1,0,0,239948.74000000
G1,candidate_scan,Albert_Costa,100,4,33,1.74000000,135.41000000,34,34,0,1,0,1,251.09000000
G2,candidate_scan,Albert_Costa,100,4,33,148.75000000,246.11000000,34,34,0,1,0,1,138.15000000
G3,candidate_scan,Albert_Costa,100,4,33,144.84000000,14.36000000,4,3,1,0,0,0,278.64000000
G0,candidate_scan,Alejandro_Toledo,10,0,1,0.05000000,0.07000000,10,10,0,1,0,0,140748.46000000
G1,candidate_scan,Alejandro_Toledo,10,0,1,1.82000000,7.35000000,2,2,0,1,0,1,272.29000000
G2,candidate_scan,Alejandro_Toledo,10,0,1,145.96000000,108.98000000,2,2,0,1,0,1,18.35000000
G3,candidate_scan,Alejandro_Toledo,10,0,1,146.39000000,108.63000000,2,2,0,1,0,1,18.41000000
G0,candidate_scan,Alejandro_Toledo,10,1,3,0.05000000,0.06000000,10,10,0,1,0,0,155922.08000000
G1,candidate_scan,Alejandro_Toledo,10,1,3,1.82000000,15.10000000,4,4,0,1,0,1,264.95000000
G2,candidate_scan,Alejandro_Toledo,10,1,3,145.78000000,118.41000000,4,4,0,1,0,1,33.78000000
G3,candidate_scan,Alejandro_Toledo,10,1,3,144.22000000,15.18000000,4,3,1,0,0,0,263.59000000
G0,candidate_scan,Alejandro_Toledo,10,2,4,0.05000000,0.07000000,10,10,0,1,0,0,151967.54000000
G1,candidate_scan,Alejandro_Toledo,10,2,4,1.76000000,19.18000000,5,5,0,1,0,1,260.72000000
G2,candidate_scan,Alejandro_Toledo,10,2,4,143.31000000,123.59000000,5,5,0,1,0,1,40.46000000
G3,candidate_scan,Alejandro_Toledo,10,2,4,149.13000000,15.00000000,4,3,1,0,0,0,266.66000000
G0,candidate_scan,Alejandro_Toledo,10,3,2,0.07000000,0.07000000,10,10,0,1,0,0,148208.62000000
G1,candidate_scan,Alejandro_Toledo,10,3,2,1.77000000,11.35000000,3,3,0,1,0,1,264.31000000
G2,candidate_scan,Alejandro_Toledo,10,3,2,142.97000000,113.73000000,3,3,0,1,0,1,26.38000000
G3,candidate_scan,Alejandro_Toledo,10,3,2,145.66000000,114.06000000,3,3,0,1,0,1,26.30000000
G0,candidate_scan,Alejandro_Toledo,10,4,5,0.06000000,0.07000000,10,10,0,1,0,0,150333.48000000
G1,candidate_scan,Alejandro_Toledo,10,4,5,1.75000000,23.12000000,6,6,0,1,0,1,259.52000000
G2,candidate_scan,Alejandro_Toledo,10,4,5,145.58000000,128.97000000,6,6,0,1,0,1,46.52000000
G3,candidate_scan,Alejandro_Toledo,10,4,5,143.23000000,14.06000000,4,3,1,0,0,0,284.45000000
G0,candidate_scan,Alejandro_Toledo,50,0,33,0.06000000,0.23000000,50,50,0,1,0,0,213342.01000000
G1,candidate_scan,Alejandro_Toledo,50,0,33,1.75000000,132.50000000,34,34,0,1,0,1,256.60000000
G2,candidate_scan,Alejandro_Toledo,50,0,33,146.39000000,241.37000000,34,34,0,1,0,1,140.87000000
G3,candidate_scan,Alejandro_Toledo,50,0,33,143.70000000,14.91000000,4,3,1,0,0,0,268.31000000
G0,candidate_scan,Alejandro_Toledo,50,1,38,0.07000000,0.23000000,50,50,0,1,0,0,213776.96000000
G1,candidate_scan,Alejandro_Toledo,50,1,38,1.71000000,151.30000000,39,39,0,1,0,1,257.76000000
G2,candidate_scan,Alejandro_Toledo,50,1,38,145.71000000,267.94000000,39,39,0,1,0,1,145.56000000
G3,candidate_scan,Alejandro_Toledo,50,1,38,144.12000000,14.39000000,4,3,1,0,0,0,278.01000000
G0,candidate_scan,Alejandro_Toledo,50,2,43,0.06000000,0.26000000,50,50,0,1,0,0,191871.18000000
G1,candidate_scan,Alejandro_Toledo,50,2,43,1.70000000,171.32000000,44,44,0,1,0,1,256.83000000
G2,candidate_scan,Alejandro_Toledo,50,2,43,142.28000000,292.85000000,44,44,0,1,0,1,150.25000000
G3,candidate_scan,Alejandro_Toledo,50,2,43,143.66000000,14.35000000,4,3,1,0,0,0,278.81000000
G0,candidate_scan,Alejandro_Toledo,50,3,35,0.07000000,0.24000000,50,50,0,1,0,0,208464.41000000
G1,candidate_scan,Alejandro_Toledo,50,3,35,1.71000000,140.13000000,36,36,0,1,0,1,256.91000000
G2,candidate_scan,Alejandro_Toledo,50,3,35,143.10000000,251.67000000,36,36,0,1,0,1,143.04000000
G3,candidate_scan,Alejandro_Toledo,50,3,35,148.82000000,14.40000000,4,3,1,0,0,0,277.85000000
G0,candidate_scan,Alejandro_Toledo,50,4,20,0.06000000,0.23000000,50,50,0,1,0,0,215534.64000000
G1,candidate_scan,Alejandro_Toledo,50,4,20,1.80000000,82.05000000,21,21,0,1,0,1,255.93000000
G2,candidate_scan,Alejandro_Toledo,50,4,20,143.06000000,187.62000000,21,21,0,1,0,1,111.93000000
G3,candidate_scan,Alejandro_Toledo,50,4,20,142.89000000,13.75000000,4,3,1,0,0,0,290.82000000
G0,candidate_scan,Alejandro_Toledo,100,0,27,0.11000000,0.42000000,100,100,0,1,0,0,235767.51000000
G1,candidate_scan,Alejandro_Toledo,100,0,27,1.88000000,109.87000000,28,28,0,1,0,1,254.84000000
G2,candidate_scan,Alejandro_Toledo,100,0,27,147.42000000,219.59000000,28,28,0,1,0,1,127.51000000
G3,candidate_scan,Alejandro_Toledo,100,0,27,146.00000000,14.20000000,4,3,1,0,0,0,281.64000000
G0,candidate_scan,Alejandro_Toledo,100,1,96,0.07000000,0.43000000,100,100,0,1,0,0,234057.14000000
G1,candidate_scan,Alejandro_Toledo,100,1,96,1.80000000,380.97000000,97,97,0,1,0,1,254.61000000
G2,candidate_scan,Alejandro_Toledo,100,1,96,140.26000000,510.85000000,97,97,0,1,0,1,189.88000000
G3,candidate_scan,Alejandro_Toledo,100,1,96,147.14000000,14.18000000,4,3,1,0,0,0,282.06000000
G0,candidate_scan,Alejandro_Toledo,100,2,77,0.06000000,0.44000000,100,100,0,1,0,0,225500.22000000
G1,candidate_scan,Alejandro_Toledo,100,2,77,1.78000000,305.22000000,78,78,0,1,0,1,255.55000000
G2,candidate_scan,Alejandro_Toledo,100,2,77,143.94000000,435.56000000,78,78,0,1,0,1,179.08000000
G3,candidate_scan,Alejandro_Toledo,100,2,77,142.03000000,14.13000000,4,3,1,0,0,0,283.10000000
G0,candidate_scan,Alejandro_Toledo,100,3,42,0.07000000,0.43000000,100,100,0,1,0,0,233405.90000000
G1,candidate_scan,Alejandro_Toledo,100,3,42,1.75000000,168.24000000,43,43,0,1,0,1,255.58000000
G2,candidate_scan,Alejandro_Toledo,100,3,42,143.74000000,284.49000000,43,43,0,1,0,1,151.15000000
G3,candidate_scan,Alejandro_Toledo,100,3,42,143.39000000,13.81000000,4,3,1,0,0,0,289.57000000
G0,candidate_scan,Alejandro_Toledo,100,4,34,0.06000000,0.44000000,100,100,0,1,0,0,229196.94000000
G1,candidate_scan,Alejandro_Toledo,100,4,34,1.83000000,136.35000000,35,35,0,1,0,1,256.70000000
G2,candidate_scan,Alejandro_Toledo,100,4,34,142.36000000,250.52000000,35,35,0,1,0,1,139.71000000
G3,candidate_scan,Alejandro_Toledo,100,4,34,145.60000000,14.73000000,4,3,1,0,0,0,271.59000000
G0,candidate_scan,Ali_Naimi,10,0,7,0.06000000,0.07000000,10,10,0,1,0,0,146143.00000000
G1,candidate_scan,Ali_Naimi,10,0,7,1.83000000,31.55000000,8,8,0,1,0,1,253.58000000
G2,candidate_scan,Ali_Naimi,10,0,7,145.74000000,135.22000000,8,8,0,1,0,1,59.16000000
G3,candidate_scan,Ali_Naimi,10,0,7,145.98000000,14.63000000,4,3,1,0,0,0,273.32000000
G0,candidate_scan,Ali_Naimi,10,1,2,0.06000000,0.07000000,10,10,0,1,0,0,149263.49000000
G1,candidate_scan,Ali_Naimi,10,1,2,1.77000000,11.47000000,3,3,0,1,0,1,261.50000000
G2,candidate_scan,Ali_Naimi,10,1,2,141.56000000,112.36000000,3,3,0,1,0,1,26.70000000
G3,candidate_scan,Ali_Naimi,10,1,2,142.91000000,111.91000000,3,3,0,1,0,1,26.81000000
G0,candidate_scan,Ali_Naimi,10,2,2,0.06000000,0.07000000,10,10,0,1,0,0,147168.56000000
G1,candidate_scan,Ali_Naimi,10,2,2,1.81000000,11.58000000,3,3,0,1,0,1,259.01000000
G2,candidate_scan,Ali_Naimi,10,2,2,148.22000000,114.33000000,3,3,0,1,0,1,26.24000000
G3,candidate_scan,Ali_Naimi,10,2,2,141.56000000,112.09000000,3,3,0,1,0,1,26.76000000
G0,candidate_scan,Ali_Naimi,10,3,1,0.06000000,0.07000000,10,10,0,1,0,0,140748.46000000
G1,candidate_scan,Ali_Naimi,10,3,1,1.77000000,7.56000000,2,2,0,1,0,1,264.71000000
G2,candidate_scan,Ali_Naimi,10,3,1,149.61000000,108.31000000,2,2,0,1,0,1,18.47000000
G3,candidate_scan,Ali_Naimi,10,3,1,144.82000000,109.59000000,2,2,0,1,0,1,18.25000000
G0,candidate_scan,Ali_Naimi,10,4,5,0.07000000,0.08000000,10,10,0,1,0,0,133152.51000000
G1,candidate_scan,Ali_Naimi,10,4,5,1.95000000,23.74000000,6,6,0,1,0,1,252.71000000
G2,candidate_scan,Ali_Naimi,10,4,5,148.56000000,126.56000000,6,6,0,1,0,1,47.41000000
G3,candidate_scan,Ali_Naimi,10,4,5,152.74000000,14.63000000,4,3,1,0,0,0,273.41000000
G0,candidate_scan,Ali_Naimi,50,0,28,0.06000000,0.23000000,50,50,0,1,0,0,215978.58000000
G1,candidate_scan,Ali_Naimi,50,0,28,1.77000000,112.84000000,29,29,0,1,0,1,256.99000000
G2,candidate_scan,Ali_Naimi,50,0,28,144.77000000,226.26000000,29,29,0,1,0,1,128.17000000
G3,candidate_scan,Ali_Naimi,50,0,28,140.27000000,13.78000000,4,3,1,0,0,0,290.22000000
G0,candidate_scan,Ali_Naimi,50,1,1,0.06000000,0.29000000,50,50,0,1,0,0,172038.72000000
G1,candidate_scan,Ali_Naimi,50,1,1,1.81000000,7.59000000,2,2,0,1,0,1,263.61000000
G2,candidate_scan,Ali_Naimi,50,1,1,142.21000000,108.13000000,2,2,0,1,0,1,18.50000000
G3,candidate_scan,Ali_Naimi,50,1,1,145.42000000,108.72000000,2,2,0,1,0,1,18.40000000
G0,candidate_scan,Ali_Naimi,50,2,37,0.06000000,0.23000000,50,50,0,1,0,0,222155.93000000
G1,candidate_scan,Ali_Naimi,50,2,37,1.79000000,149.00000000,38,38,0,1,0,1,255.04000000
G2,candidate_scan,Ali_Naimi,50,2,37,146.35000000,265.50000000,38,38,0,1,0,1,143.13000000
G3,candidate_scan,Ali_Naimi,50,2,37,146.56000000,14.53000000,4,3,1,0,0,0,275.29000000
G0,candidate_scan,Ali_Naimi,50,3,19,0.06000000,0.26000000,50,50,0,1,0,0,189787.51000000
G1,candidate_scan,Ali_Naimi,50,3,19,1.77000000,77.87000000,20,20,0,1,0,1,256.84000000
G2,candidate_scan,Ali_Naimi,50,3,19,148.93000000,184.36000000,20,20,0,1,0,1,108.48000000
G3,candidate_scan,Ali_Naimi,50,3,19,146.21000000,14.65000000,4,3,1,0,0,0,272.96000000
G0,candidate_scan,Ali_Naimi,50,4,44,0.07000000,0.24000000,50,50,0,1,0,0,205000.20000000
G1,candidate_scan,Ali_Naimi,50,4,44,1.73000000,175.50000000,45,45,0,1,0,1,256.41000000
G2,candidate_scan,Ali_Naimi,50,4,44,145.87000000,292.02000000,45,45,0,1,0,1,154.10000000
G3,candidate_scan,Ali_Naimi,50,4,44,145.26000000,14.91000000,4,3,1,0,0,0,268.32000000
G0,candidate_scan,Ali_Naimi,100,0,11,0.06000000,0.44000000,100,100,0,1,0,0,225621.52000000
G1,candidate_scan,Ali_Naimi,100,0,11,1.82000000,46.65000000,12,12,0,1,0,1,257.21000000
G2,candidate_scan,Ali_Naimi,100,0,11,149.99000000,152.07000000,12,12,0,1,0,1,78.91000000
G3,candidate_scan,Ali_Naimi,100,0,11,155.18000000,14.54000000,4,3,1,0,0,0,275.13000000
G0,candidate_scan,Ali_Naimi,100,1,61,0.06000000,0.48000000,100,100,0,1,0,0,206717.79000000
G1,candidate_scan,Ali_Naimi,100,1,61,1.78000000,243.27000000,62,62,0,1,0,1,254.86000000
G2,candidate_scan,Ali_Naimi,100,1,61,144.80000000,364.46000000,62,62,0,1,0,1,170.11000000
G3,candidate_scan,Ali_Naimi,100,1,61,145.84000000,14.67000000,4,3,1,0,0,0,272.62000000
G0,candidate_scan,Ali_Naimi,100,2,1,0.06000000,0.46000000,100,100,0,1,0,0,218226.01000000
G1,candidate_scan,Ali_Naimi,100,2,1,1.73000000,7.79000000,2,2,0,1,0,1,256.66000000
G2,candidate_scan,Ali_Naimi,100,2,1,147.45000000,111.19000000,2,2,0,1,0,1,17.99000000
G3,candidate_scan,Ali_Naimi,100,2,1,145.20000000,110.69000000,2,2,0,1,0,1,18.07000000
G0,candidate_scan,Ali_Naimi,100,3,57,0.06000000,0.43000000,100,100,0,1,0,0,234449.64000000
G1,candidate_scan,Ali_Naimi,100,3,57,1.73000000,227.80000000,58,58,0,1,0,1,254.61000000
G2,candidate_scan,Ali_Naimi,100,3,57,151.83000000,353.17000000,58,58,0,1,0,1,164.23000000
G3,candidate_scan,Ali_Naimi,100,3,57,146.17000000,14.56000000,4,3,1,0,0,0,274.64000000
G0,candidate_scan,Ali_Naimi,100,4,49,0.06000000,0.50000000,100,100,0,1,0,0,201843.31000000
G1,candidate_scan,Ali_Naimi,100,4,49,1.74000000,195.70000000,50,50,0,1,0,1,255.49000000
G2,candidate_scan,Ali_Naimi,100,4,49,146.58000000,316.06000000,50,50,0,1,0,1,158.20000000
G3,candidate_scan,Ali_Naimi,100,4,49,147.65000000,14.61000000,4,3,1,0,0,0,273.86000000
G0,candidate_scan,Alvaro_Uribe,10,0,7,0.06000000,0.07000000,10,10,0,1,0,0,145131.63000000
G1,candidate_scan,Alvaro_Uribe,10,0,7,1.76000000,31.16000000,8,8,0,1,0,1,256.74000000
G2,candidate_scan,Alvaro_Uribe,10,0,7,145.59000000,136.35000000,8,8,0,1,0,1,58.67000000
G3,candidate_scan,Alvaro_Uribe,10,0,7,146.48000000,14.41000000,4,3,1,0,0,0,277.67000000
G0,candidate_scan,Alvaro_Uribe,10,1,9,0.05000000,0.07000000,10,10,0,1,0,0,153637.51000000
G1,candidate_scan,Alvaro_Uribe,10,1,9,1.73000000,38.94000000,10,10,0,1,0,1,256.84000000
G2,candidate_scan,Alvaro_Uribe,10,1,9,147.96000000,143.71000000,10,10,0,1,0,1,69.58000000
G3,candidate_scan,Alvaro_Uribe,10,1,9,144.98000000,14.74000000,4,3,1,0,0,0,271.34000000
G0,candidate_scan,Alvaro_Uribe,10,2,2,0.07000000,0.07000000,10,10,0,1,0,0,143150.31000000
G1,candidate_scan,Alvaro_Uribe,10,2,2,1.76000000,11.93000000,3,3,0,1,0,1,251.42000000
G2,candidate_scan,Alvaro_Uribe,10,2,2,145.54000000,112.27000000,3,3,0,1,0,1,26.72000000
G3,candidate_scan,Alvaro_Uribe,10,2,2,142.58000000,113.74000000,3,3,0,1,0,1,26.38000000
G0,candidate_scan,Alvaro_Uribe,10,3,7,0.06000000,0.07000000,10,10,0,1,0,0,149263.49000000
G1,candidate_scan,Alvaro_Uribe,10,3,7,1.79000000,31.12000000,8,8,0,1,0,1,257.04000000
G2,candidate_scan,Alvaro_Uribe,10,3,7,145.60000000,139.08000000,8,8,0,1,0,1,57.52000000
G3,candidate_scan,Alvaro_Uribe,10,3,7,145.65000000,14.60000000,4,3,1,0,0,0,274.00000000
G0,candidate_scan,Alvaro_Uribe,10,4,8,0.06000000,0.07000000,10,10,0,1,0,0,150874.24000000
G1,candidate_scan,Alvaro_Uribe,10,4,8,1.71000000,34.88000000,9,9,0,1,0,1,258.03000000
G2,candidate_scan,Alvaro_Uribe,10,4,8,143.56000000,139.26000000,9,9,0,1,0,1,64.63000000
G3,candidate_scan,Alvaro_Uribe,10,4,8,140.73000000,14.10000000,4,3,1,0,0,0,283.65000000
G0,candidate_scan,Alvaro_Uribe,50,0,24,0.06000000,0.24000000,50,50,0,1,0,0,206209.64000000
G1,candidate_scan,Alvaro_Uribe,50,0,24,1.74000000,97.58000000,25,25,0,1,0,1,256.21000000
G2,candidate_scan,Alvaro_Uribe,50,0,24,150.45000000,207.84000000,25,25,0,1,0,1,120.28000000
G3,candidate_scan,Alvaro_Uribe,50,0,24,143.98000000,14.51000000,4,3,1,0,0,0,275.67000000
G0,candidate_scan,Alvaro_Uribe,50,1,46,0.09000000,0.25000000,50,50,0,1,0,0,201262.19000000
G1,candidate_scan,Alvaro_Uribe,50,1,46,1.85000000,183.84000000,47,47,0,1,0,1,255.66000000
G2,candidate_scan,Alvaro_Uribe,50,1,46,144.62000000,301.53000000,47,47,0,1,0,1,155.87000000
G3,candidate_scan,Alvaro_Uribe,50,1,46,145.30000000,14.68000000,4,3,1,0,0,0,272.50000000
G0,candidate_scan,Alvaro_Uribe,50,2,12,0.06000000,0.23000000,50,50,0,1,0,0,220752.84000000
G1,candidate_scan,Alvaro_Uribe,50,2,12,1.71000000,50.62000000,13,13,0,1,0,1,256.82000000
G2,candidate_scan,Alvaro_Uribe,50,2,12,146.61000000,156.30000000,13,13,0,1,0,1,83.17000000
G3,candidate_scan,Alvaro_Uribe,50,2,12,145.18000000,14.56000000,4,3,1,0,0,0,274.72000000
G0,candidate_scan,Alvaro_Uribe,50,3,30,0.07000000,0.26000000,50,50,0,1,0,0,189787.51000000
G1,candidate_scan,Alvaro_Uribe,50,3,30,1.72000000,121.36000000,31,31,0,1,0,1,255.43000000
G2,candidate_scan,Alvaro_Uribe,50,3,30,149.48000000,234.53000000,31,31,0,1,0,1,132.18000000
G3,candidate_scan,Alvaro_Uribe,50,3,30,142.29000000,14.60000000,4,3,1,0,0,0,273.98000000
G0,candidate_scan,Alvaro_Uribe,50,4,7,0.06000000,0.23000000,50,50,0,1,0,0,215313.35000000
G1,candidate_scan,Alvaro_Uribe,50,4,7,1.79000000,31.18000000,8,8,0,1,0,1,256.60000000
G2,candidate_scan,Alvaro_Uribe,50,4,7,139.88000000,132.56000000,8,8,0,1,0,1,60.35000000
G3,candidate_scan,Alvaro_Uribe,50,4,7,143.43000000,14.56000000,4,3,1,0,0,0,274.66000000
G0,candidate_scan,Alvaro_Uribe,100,0,57,0.06000000,0.47000000,100,100,0,1,0,0,213559.27000000
G1,candidate_scan,Alvaro_Uribe,100,0,57,1.72000000,225.56000000,58,58,0,1,0,1,257.14000000
G2,candidate_scan,Alvaro_Uribe,100,0,57,145.29000000,352.56000000,58,58,0,1,0,1,164.51000000
G3,candidate_scan,Alvaro_Uribe,100,0,57,143.13000000,14.28000000,4,3,1,0,0,0,280.08000000
G0,candidate_scan,Alvaro_Uribe,100,1,82,0.07000000,0.44000000,100,100,0,1,0,0,226108.03000000
G1,candidate_scan,Alvaro_Uribe,100,1,82,1.81000000,324.36000000,83,83,0,1,0,1,255.89000000
G2,candidate_scan,Alvaro_Uribe,100,1,82,148.61000000,459.04000000,83,83,0,1,0,1,180.81000000
G3,candidate_scan,Alvaro_Uribe,100,1,82,145.36000000,15.01000000,4,3,1,0,0,0,266.46000000
G0,candidate_scan,Alvaro_Uribe,100,2,50,0.06000000,0.50000000,100,100,0,1,0,0,201940.49000000
G1,candidate_scan,Alvaro_Uribe,100,2,50,1.70000000,199.43000000,51,51,0,1,0,1,255.73000000
G2,candidate_scan,Alvaro_Uribe,100,2,50,146.33000000,324.91000000,51,51,0,1,0,1,156.97000000
G3,candidate_scan,Alvaro_Uribe,100,2,50,143.59000000,14.22000000,4,3,1,0,0,0,281.29000000
G0,candidate_scan,Alvaro_Uribe,100,3,23,0.06000000,0.48000000,100,100,0,1,0,0,209192.22000000
G1,candidate_scan,Alvaro_Uribe,100,3,23,1.73000000,93.57000000,24,24,0,1,0,1,256.49000000
G2,candidate_scan,Alvaro_Uribe,100,3,23,145.04000000,208.92000000,24,24,0,1,0,1,114.88000000
G3,candidate_scan,Alvaro_Uribe,100,3,23,144.01000000,14.49000000,4,3,1,0,0,0,276.02000000
G0,candidate_scan,Alvaro_Uribe,100,4,83,0.06000000,0.41000000,100,100,0,1,0,0,245856.04000000
G1,candidate_scan,Alvaro_Uribe,100,4,83,1.72000000,327.68000000,84,84,0,1,0,1,256.34000000
G2,candidate_scan,Alvaro_Uribe,100,4,83,146.03000000,460.74000000,84,84,0,1,0,1,182.32000000
G3,candidate_scan,Alvaro_Uribe,100,4,83,143.90000000,14.64000000,4,3,1,0,0,0,273.23000000
G0,candidate_scan,Amelia_Vega,10,0,9,0.06000000,0.07000000,10,10,0,1,0,0,145635.56000000
G1,candidate_scan,Amelia_Vega,10,0,9,1.77000000,39.42000000,10,10,0,0,0,0,253.66000000
G2,candidate_scan,Amelia_Vega,10,0,9,145.16000000,44.55000000,10,10,0,0,0,0,224.44000000
G3,candidate_scan,Amelia_Vega,10,0,9,143.36000000,14.26000000,4,3,1,0,0,0,280.54000000
G0,candidate_scan,Amelia_Vega,10,1,7,0.06000000,0.07000000,10,10,0,1,0,0,151967.54000000
G1,candidate_scan,Amelia_Vega,10,1,7,1.76000000,39.05000000,10,10,0,0,0,0,256.11000000
G2,candidate_scan,Amelia_Vega,10,1,7,142.15000000,42.71000000,10,10,0,0,0,0,234.13000000
G3,candidate_scan,Amelia_Vega,10,1,7,149.91000000,15.03000000,4,3,1,0,0,0,266.16000000
G0,candidate_scan,Amelia_Vega,10,2,7,0.06000000,0.07000000,10,10,0,1,0,0,144631.17000000
G1,candidate_scan,Amelia_Vega,10,2,7,1.85000000,38.95000000,10,10,0,0,0,0,256.74000000
G2,candidate_scan,Amelia_Vega,10,2,7,144.53000000,44.58000000,10,10,0,0,0,0,224.31000000
G3,candidate_scan,Amelia_Vega,10,2,7,142.48000000,14.62000000,4,3,1,0,0,0,273.51000000
G0,candidate_scan,Amelia_Vega,10,3,2,0.06000000,0.09000000,10,10,0,1,0,0,106997.55000000
G1,candidate_scan,Amelia_Vega,10,3,2,1.76000000,38.91000000,10,10,0,0,0,0,257.02000000
G2,candidate_scan,Amelia_Vega,10,3,2,151.40000000,43.99000000,10,10,0,0,0,0,227.34000000
G3,candidate_scan,Amelia_Vega,10,3,2,142.10000000,14.46000000,4,3,1,0,0,0,276.61000000
G0,candidate_scan,Amelia_Vega,10,4,0,0.06000000,0.07000000,10,10,0,1,0,0,148734.18000000
G1,candidate_scan,Amelia_Vega,10,4,0,1.75000000,38.88000000,10,10,0,0,0,0,257.20000000
G2,candidate_scan,Amelia_Vega,10,4,0,148.07000000,44.38000000,10,10,0,0,0,0,225.33000000
G3,candidate_scan,Amelia_Vega,10,4,0,150.52000000,15.22000000,4,3,1,0,0,0,262.76000000
G0,candidate_scan,Amelia_Vega,50,0,8,0.07000000,0.24000000,50,50,0,1,0,0,205804.91000000
G1,candidate_scan,Amelia_Vega,50,0,8,1.79000000,195.47000000,50,50,0,0,0,0,255.80000000
G2,candidate_scan,Amelia_Vega,50,0,8,150.01000000,209.31000000,50,50,0,0,0,0,238.88000000
G3,candidate_scan,Amelia_Vega,50,0,8,144.29000000,14.30000000,4,3,1,0,0,0,279.64000000
G0,candidate_scan,Amelia_Vega,50,1,24,0.06000000,0.22000000,50,50,0,1,0,0,225016.31000000
G1,candidate_scan,Amelia_Vega,50,1,24,1.77000000,195.11000000,50,50,0,0,0,0,256.26000000
G2,candidate_scan,Amelia_Vega,50,1,24,142.42000000,210.14000000,50,50,0,0,0,0,237.94000000
G3,candidate_scan,Amelia_Vega,50,1,24,148.45000000,14.32000000,4,3,1,0,0,0,279.37000000
G0,candidate_scan,Amelia_Vega,50,2,12,0.06000000,0.22000000,50,50,0,1,0,0,227456.83000000
G1,candidate_scan,Amelia_Vega,50,2,12,1.85000000,195.69000000,50,50,0,0,0,0,255.51000000
G2,candidate_scan,Amelia_Vega,50,2,12,144.65000000,209.87000000,50,50,0,0,0,0,238.25000000
G3,candidate_scan,Amelia_Vega,50,2,12,144.26000000,15.36000000,4,3,1,0,0,0,260.35000000
G0,candidate_scan,Amelia_Vega,50,3,33,0.06000000,0.23000000,50,50,0,1,0,0,215756.38000000
G1,candidate_scan,Amelia_Vega,50,3,33,1.78000000,195.87000000,50,50,0,0,0,0,255.28000000
G2,candidate_scan,Amelia_Vega,50,3,33,143.10000000,218.39000000,50,50,0,0,0,0,228.95000000
G3,candidate_scan,Amelia_Vega,50,3,33,141.25000000,14.34000000,4,3,1,0,0,0,279.02000000
G0,candidate_scan,Amelia_Vega,50,4,0,0.06000000,0.28000000,50,50,0,1,0,0,179243.76000000
G1,candidate_scan,Amelia_Vega,50,4,0,1.78000000,195.99000000,50,50,0,0,0,0,255.12000000
G2,candidate_scan,Amelia_Vega,50,4,0,142.79000000,216.01000000,50,50,0,0,0,0,231.47000000
G3,candidate_scan,Amelia_Vega,50,4,0,147.09000000,14.06000000,4,3,1,0,0,0,284.45000000
G0,candidate_scan,Amelia_Vega,100,0,72,0.06000000,0.44000000,100,100,0,1,0,0,228697.06000000
G1,candidate_scan,Amelia_Vega,100,0,72,1.72000000,391.14000000,100,100,0,0,0,0,255.66000000
G2,candidate_scan,Amelia_Vega,100,0,72,142.42000000,432.82000000,100,100,0,0,0,0,231.04000000
G3,candidate_scan,Amelia_Vega,100,0,72,143.46000000,14.77000000,4,3,1,0,0,0,270.78000000
G0,candidate_scan,Amelia_Vega,100,1,17,0.09000000,0.43000000,100,100,0,1,0,0,233405.90000000
G1,candidate_scan,Amelia_Vega,100,1,17,1.79000000,391.00000000,100,100,0,0,0,0,255.76000000
G2,candidate_scan,Amelia_Vega,100,1,17,142.24000000,427.25000000,100,100,0,0,0,0,234.06000000
G3,candidate_scan,Amelia_Vega,100,1,17,142.22000000,14.48000000,4,3,1,0,0,0,276.24000000
G0,candidate_scan,Amelia_Vega,100,2,87,0.06000000,0.42000000,100,100,0,1,0,0,237234.39000000
G1,candidate_scan,Amelia_Vega,100,2,87,1.72000000,390.99000000,100,100,0,0,0,0,255.76000000
G2,candidate_scan,Amelia_Vega,100,2,87,144.69000000,421.10000000,100,100,0,0,0,0,237.47000000
G3,candidate_scan,Amelia_Vega,100,2,87,150.78000000,14.80000000,4,3,1,0,0,0,270.21000000
G0,candidate_scan,Amelia_Vega,100,3,0,0.06000000,0.46000000,100,100,0,1,0,0,218339.61000000
G1,candidate_scan,Amelia_Vega,100,3,0,1.77000000,391.39000000,100,100,0,0,0,0,255.50000000
G2,candidate_scan,Amelia_Vega,100,3,0,145.65000000,423.54000000,100,100,0,0,0,0,236.11000000
G3,candidate_scan,Amelia_Vega,100,3,0,145.89000000,14.18000000,4,3,1,0,0,0,282.12000000
G0,candidate_scan,Amelia_Vega,100,4,89,0.06000000,0.45000000,100,100,0,1,0,0,223338.87000000
G1,candidate_scan,Amelia_Vega,100,4,89,1.74000000,390.94000000,100,100,0,0,0,0,255.80000000
G2,candidate_scan,Amelia_Vega,100,4,89,153.52000000,426.27000000,100,100,0,0,0,0,234.59000000
G3,candidate_scan,Amelia_Vega,100,4,89,141.28000000,13.39000000,4,3,1,0,0,0,298.67000000
G0,candidate_scan,Amelie_Mauresmo,10,0,9,0.06000000,0.07000000,10,10,0,1,0,0,153076.79000000
G1,candidate_scan,Amelie_Mauresmo,10,0,9,1.77000000,38.43000000,10,10,0,1,0,1,260.21000000
G2,candidate_scan,Amelie_Mauresmo,10,0,9,143.09000000,142.37000000,10,10,0,1,0,1,70.24000000
G3,candidate_scan,Amelie_Mauresmo,10,0,9,148.71000000,14.49000000,4,3,1,0,0,0,276.02000000
G0,candidate_scan,Amelie_Mauresmo,10,1,3,0.06000000,0.07000000,10,10,0,1,0,0,149263.49000000
G1,candidate_scan,Amelie_Mauresmo,10,1,3,1.76000000,15.21000000,4,4,0,1,0,1,262.92000000
G2,candidate_scan,Amelie_Mauresmo,10,1,3,143.19000000,117.98000000,4,4,0,1,0,1,33.90000000
G3,candidate_scan,Amelie_Mauresmo,10,1,3,147.66000000,13.93000000,4,3,1,0,0,0,287.09000000
G0,candidate_scan,Amelie_Mauresmo,10,2,1,0.07000000,0.07000000,10,10,0,1,0,0,146653.99000000
G1,candidate_scan,Amelie_Mauresmo,10,2,1,1.77000000,7.14000000,2,2,0,1,0,1,280.07000000
G2,candidate_scan,Amelie_Mauresmo,10,2,1,148.81000000,110.10000000,2,2,0,1,0,1,18.17000000
G3,candidate_scan,Amelie_Mauresmo,10,2,1,142.00000000,105.76000000,2,2,0,1,0,1,18.91000000
G0,candidate_scan,Amelie_Mauresmo,10,3,4,0.06000000,0.07000000,10,10,0,1,0,0,151967.54000000
G1,candidate_scan,Amelie_Mauresmo,10,3,4,1.77000000,18.94000000,5,5,0,1,0,1,264.03000000
G2,candidate_scan,Amelie_Mauresmo,10,3,4,151.34000000,119.51000000,5,5,0,1,0,1,41.84000000
G3,candidate_scan,Amelie_Mauresmo,10,3,4,149.39000000,14.40000000,4,3,1,0,0,0,277.75000000
G0,candidate_scan,Amelie_Mauresmo,10,4,1,0.06000000,0.07000000,10,10,0,1,0,0,153076.79000000
G1,candidate_scan,Amelie_Mauresmo,10,4,1,1.90000000,7.13000000,2,2,0,1,0,1,280.44000000
G2,candidate_scan,Amelie_Mauresmo,10,4,1,148.02000000,111.00000000,2,2,0,1,0,1,18.02000000
G3,candidate_scan,Amelie_Mauresmo,10,4,1,140.93000000,107.99000000,2,2,0,1,0,1,18.52000000
G0,candidate_scan,Amelie_Mauresmo,50,0,7,0.06000000,0.23000000,50,50,0,1,0,0,214432.72000000
G1,candidate_scan,Amelie_Mauresmo,50,0,7,1.78000000,30.81000000,8,8,0,1,0,1,259.65000000
G2,candidate_scan,Amelie_Mauresmo,50,0,7,142.65000000,134.61000000,8,8,0,1,0,1,59.43000000
G3,candidate_scan,Amelie_Mauresmo,50,0,7,142.83000000,14.58000000,4,3,1,0,0,0,274.42000000
G0,candidate_scan,Amelie_Mauresmo,50,1,11,0.06000000,0.24000000,50,50,0,1,0,0,209296.61000000
G1,candidate_scan,Amelie_Mauresmo,50,1,11,1.75000000,46.27000000,12,12,0,1,0,1,259.34000000
G2,candidate_scan,Amelie_Mauresmo,50,1,11,144.52000000,152.27000000,12,12,0,1,0,1,78.81000000
G3,candidate_scan,Amelie_Mauresmo,50,1,11,144.54000000,14.34000000,4,3,1,0,0,0,278.87000000
G0,candidate_scan,Amelie_Mauresmo,50,2,38,0.06000000,0.22000000,50,50,0,1,0,0,223815.58000000
G1,candidate_scan,Amelie_Mauresmo,50,2,38,1.75000000,152.11000000,39,39,0,1,0,1,256.40000000
G2,candidate_scan,Amelie_Mauresmo,50,2,38,145.17000000,267.26000000,39,39,0,1,0,1,145.93000000
G3,candidate_scan,Amelie_Mauresmo,50,2,38,140.46000000,14.70000000,4,3,1,0,0,0,272.11000000
G0,candidate_scan,Amelie_Mauresmo,50,3,23,0.07000000,0.24000000,50,50,0,1,0,0,207638.81000000
G1,candidate_scan,Amelie_Mauresmo,50,3,23,1.78000000,95.35000000,24,24,0,1,0,1,251.70000000
G2,candidate_scan,Amelie_Mauresmo,50,3,23,140.27000000,202.50000000,24,24,0,1,0,1,118.52000000
G3,candidate_scan,Amelie_Mauresmo,50,3,23,142.73000000,13.97000000,4,3,1,0,0,0,286.33000000
G0,candidate_scan,Amelie_Mauresmo,50,4,17,0.06000000,0.26000000,50,50,0,1,0,0,195265.55000000
G1,candidate_scan,Amelie_Mauresmo,50,4,17,1.80000000,70.39000000,18,18,0,1,0,1,255.73000000
G2,candidate_scan,Amelie_Mauresmo,50,4,17,147.60000000,175.22000000,18,18,0,1,0,1,102.73000000
G3,candidate_scan,Amelie_Mauresmo,50,4,17,148.87000000,14.12000000,4,3,1,0,0,0,283.21000000
G0,candidate_scan,Amelie_Mauresmo,100,0,79,0.06000000,0.45000000,100,100,0,1,0,0,224414.34000000
G1,candidate_scan,Amelie_Mauresmo,100,0,79,1.72000000,312.51000000,80,80,0,1,0,1,255.99000000
G2,candidate_scan,Amelie_Mauresmo,100,0,79,142.51000000,446.28000000,80,80,0,1,0,1,179.26000000
G3,candidate_scan,Amelie_Mauresmo,100,0,79,143.08000000,14.06000000,4,3,1,0,0,0,284.40000000
G0,candidate_scan,Amelie_Mauresmo,100,1,49,0.07000000,0.44000000,100,100,0,1,0,0,226719.14000000
G1,candidate_scan,Amelie_Mauresmo,100,1,49,1.75000000,197.09000000,50,50,0,1,0,1,253.69000000
G2,candidate_scan,Amelie_Mauresmo,100,1,49,148.52000000,323.07000000,50,50,0,1,0,1,154.77000000
G3,candidate_scan,Amelie_Mauresmo,100,1,49,140.89000000,14.22000000,4,3,1,0,0,0,281.33000000
G0,candidate_scan,Amelie_Mauresmo,100,2,94,0.06000000,0.44000000,100,100,0,1,0,0,228946.72000000
G1,candidate_scan,Amelie_Mauresmo,100,2,94,1.68000000,369.50000000,95,95,0,1,0,1,257.10000000
G2,candidate_scan,Amelie_Mauresmo,100,2,94,144.58000000,503.38000000,95,95,0,1,0,1,188.73000000
G3,candidate_scan,Amelie_Mauresmo,100,2,94,145.44000000,14.67000000,4,3,1,0,0,0,272.65000000
G0,candidate_scan,Amelie_Mauresmo,100,3,60,0.06000000,0.44000000,100,100,0,1,0,0,225500.22000000
G1,candidate_scan,Amelie_Mauresmo,100,3,60,1.78000000,238.39000000,61,61,0,1,0,1,255.89000000
G2,candidate_scan,Amelie_Mauresmo,100,3,60,142.96000000,360.35000000,61,61,0,1,0,1,169.28000000
G3,candidate_scan,Amelie_Mauresmo,100,3,60,156.80000000,14.78000000,4,3,1,0,0,0,270.58000000
G0,candidate_scan,Amelie_Mauresmo,100,4,96,0.07000000,0.42000000,100,100,0,1,0,0,240223.60000000
G1,candidate_scan,Amelie_Mauresmo,100,4,96,1.79000000,380.20000000,97,97,0,1,0,1,255.13000000
G2,candidate_scan,Amelie_Mauresmo,100,4,96,145.25000000,508.87000000,97,97,0,1,0,1,190.62000000
G3,candidate_scan,Amelie_Mauresmo,100,4,96,153.53000000,14.31000000,4,3,1,0,0,0,279.59000000
G0,candidate_scan,Ana_Guevara,10,0,5,0.06000000,0.07000000,10,10,0,1,0,0,153076.79000000
G1,candidate_scan,Ana_Guevara,10,0,5,1.74000000,23.12000000,6,6,0,1,0,1,259.47000000
G2,candidate_scan,Ana_Guevara,10,0,5,146.12000000,127.32000000,6,6,0,1,0,1,47.13000000
G3,candidate_scan,Ana_Guevara,10,0,5,142.33000000,14.29000000,4,3,1,0,0,0,279.97000000
G0,candidate_scan,Ana_Guevara,10,1,9,0.06000000,0.07000000,10,10,0,1,0,0,148208.62000000
G1,candidate_scan,Ana_Guevara,10,1,9,1.75000000,38.95000000,10,10,0,1,0,1,256.76000000
G2,candidate_scan,Ana_Guevara,10,1,9,144.80000000,143.21000000,10,10,0,1,0,1,69.83000000
G3,candidate_scan,Ana_Guevara,10,1,9,140.72000000,14.78000000,4,3,1,0,0,0,270.57000000
G0,candidate_scan,Ana_Guevara,10,2,6,0.05000000,0.07000000,10,10,0,1,0,0,140748.46000000
G1,candidate_scan,Ana_Guevara,10,2,6,1.83000000,27.02000000,7,7,0,1,0,1,259.09000000
G2,candidate_scan,Ana_Guevara,10,2,6,142.21000000,128.64000000,7,7,0,1,0,1,54.42000000
G3,candidate_scan,Ana_Guevara,10,2,6,147.88000000,14.61000000,4,3,1,0,0,0,273.72000000
G0,candidate_scan,Ana_Guevara,10,3,5,0.06000000,0.07000000,10,10,0,1,0,0,151418.92000000
G1,candidate_scan,Ana_Guevara,10,3,5,1.74000000,23.16000000,6,6,0,1,0,1,259.12000000
G2,candidate_scan,Ana_Guevara,10,3,5,140.90000000,124.71000000,6,6,0,1,0,1,48.11000000
G3,candidate_scan,Ana_Guevara,10,3,5,144.73000000,14.50000000,4,3,1,0,0,0,275.81000000
G0,candidate_scan,Ana_Guevara,10,4,8,0.06000000,0.06000000,10,10,0,1,0,0,156503.88000000
G1,candidate_scan,Ana_Guevara,10,4,8,1.71000000,34.52000000,9,9,0,1,0,1,260.70000000
G2,candidate_scan,Ana_Guevara,10,4,8,145.18000000,138.58000000,9,9,0,1,0,1,64.94000000
G3,candidate_scan,Ana_Guevara,10,4,8,147.13000000,14.55000000,4,3,1,0,0,0,274.96000000
G0,candidate_scan,Ana_Guevara,50,0,27,0.07000000,0.25000000,50,50,0,1,0,0,200876.63000000
G1,candidate_scan,Ana_Guevara,50,0,27,1.75000000,109.93000000,28,28,0,1,0,1,254.70000000
G2,candidate_scan,Ana_Guevara,50,0,27,156.39000000,219.58000000,28,28,0,1,0,1,127.52000000
G3,candidate_scan,Ana_Guevara,50,0,27,141.66000000,14.32000000,4,3,1,0,0,0,279.37000000
G0,candidate_scan,Ana_Guevara,50,1,12,0.09000000,0.25000000,50,50,0,1,0,0,204003.11000000
G1,candidate_scan,Ana_Guevara,50,1,12,1.75000000,51.12000000,13,13,0,1,0,1,254.33000000
G2,candidate_scan,Ana_Guevara,50,1,12,143.01000000,156.00000000,13,13,0,1,0,1,83.34000000
G3,candidate_scan,Ana_Guevara,50,1,12,144.47000000,14.07000000,4,3,1,0,0,0,284.34000000
G0,candidate_scan,Ana_Guevara,50,2,22,0.07000000,0.25000000,50,50,0,1,0,0,198593.94000000
G1,candidate_scan,Ana_Guevara,50,2,22,1.76000000,91.26000000,23,23,0,1,0,1,252.03000000
G2,candidate_scan,Ana_Guevara,50,2,22,147.50000000,199.59000000,23,23,0,1,0,1,115.24000000
G3,candidate_scan,Ana_Guevara,50,2,22,147.81000000,14.32000000,4,3,1,0,0,0,279.34000000
G0,candidate_scan,Ana_Guevara,50,3,13,0.06000000,0.22000000,50,50,0,1,0,0,228946.72000000
G1,candidate_scan,Ana_Guevara,50,3,13,1.76000000,55.13000000,14,14,0,1,0,1,253.93000000
G2,candidate_scan,Ana_Guevara,50,3,13,145.22000000,162.35000000,14,14,0,1,0,1,86.23000000
G3,candidate_scan,Ana_Guevara,50,3,13,146.21000000,13.93000000,4,3,1,0,0,0,287.25000000
G0,candidate_scan,Ana_Guevara,50,4,33,0.06000000,0.24000000,50,50,0,1,0,0,208671.84000000
G1,candidate_scan,Ana_Guevara,50,4,33,1.75000000,132.31000000,34,34,0,1,0,1,256.97000000
G2,candidate_scan,Ana_Guevara,50,4,33,142.44000000,249.41000000,34,34,0,1,0,1,136.32000000
G3,candidate_scan,Ana_Guevara,50,4,33,146.70000000,14.09000000,4,3,1,0,0,0,283.82000000
G0,candidate_scan,Ana_Guevara,100,0,15,0.06000000,0.44000000,100,100,0,1,0,0,228447.93000000
G1,candidate_scan,Ana_Guevara,100,0,15,1.74000000,62.39000000,16,16,0,1,0,1,256.45000000
G2,candidate_scan,Ana_Guevara,100,0,15,144.99000000,166.62000000,16,16,0,1,0,1,96.02000000
G3,candidate_scan,Ana_Guevara,100,0,15,142.76000000,14.90000000,4,3,1,0,0,0,268.49000000
G0,candidate_scan,Ana_Guevara,100,1,44,0.09000000,0.44000000,100,100,0,1,0,0,229322.25000000
G1,candidate_scan,Ana_Guevara,100,1,44,1.76000000,175.71000000,45,45,0,1,0,1,256.10000000
G2,candidate_scan,Ana_Guevara,100,1,44,147.53000000,289.28000000,45,45,0,1,0,1,155.56000000
G3,candidate_scan,Ana_Guevara,100,1,44,146.13000000,14.50000000,4,3,1,0,0,0,275.83000000
G0,candidate_scan,Ana_Guevara,100,2,45,0.07000000,0.43000000,100,100,0,1,0,0,234843.45000000
G1,candidate_scan,Ana_Guevara,100,2,45,1.73000000,181.06000000,46,46,0,1,0,1,254.06000000
G2,candidate_scan,Ana_Guevara,100,2,45,147.41000000,301.32000000,46,46,0,1,0,1,152.66000000
G3,candidate_scan,Ana_Guevara,100,2,45,143.39000000,14.30000000,4,3,1,0,0,0,279.66000000
G0,candidate_scan,Ana_Guevara,100,3,12,0.07000000,0.42000000,100,100,0,1,0,0,238177.40000000
G1,candidate_scan,Ana_Guevara,100,3,12,1.76000000,50.34000000,13,13,0,1,0,1,258.27000000
G2,candidate_scan,Ana_Guevara,100,3,12,150.23000000,154.30000000,13,13,0,1,0,1,84.25000000
G3,candidate_scan,Ana_Guevara,100,3,12,148.59000000,14.49000000,4,3,1,0,0,0,276.10000000
G0,candidate_scan,Ana_Guevara,100,4,52,0.06000000,0.43000000,100,100,0,1,0,0,233016.89000000
G1,candidate_scan,Ana_Guevara,100,4,52,1.88000000,207.11000000,53,53,0,1,0,1,255.90000000
G2,candidate_scan,Ana_Guevara,100,4,52,142.76000000,326.67000000,53,53,0,1,0,1,162.25000000
G3,candidate_scan,Ana_Guevara,100,4,52,143.23000000,14.55000000,4,3,1,0,0,0,274.85000000
G0,candidate_scan,Ana_Palacio,10,0,2,0.06000000,0.07000000,10,10,0,1,0,0,144631.17000000
G1,candidate_scan,Ana_Palacio,10,0,2,1.82000000,11.43000000,3,3,0,1,0,1,262.55000000
G2,candidate_scan,Ana_Palacio,10,0,2,141.03000000,111.34000000,3,3,0,1,0,1,26.94000000
G3,candidate_scan,Ana_Palacio,10,0,2,141.58000000,112.12000000,3,3,0,1,0,1,26.76000000
G0,candidate_scan,Ana_Palacio,10,1,7,0.06000000,0.07000000,10,10,0,1,0,0,144631.17000000
G1,candidate_scan,Ana_Palacio,10,1,7,1.85000000,30.86000000,8,8,0,1,0,1,259.23000000
G2,candidate_scan,Ana_Palacio,10,1,7,145.33000000,133.70000000,8,8,0,1,0,1,59.84000000
G3,candidate_scan,Ana_Palacio,10,1,7,148.91000000,14.86000000,4,3,1,0,0,0,269.13000000
G0,candidate_scan,Ana_Palacio,10,2,7,0.06000000,0.07000000,10,10,0,1,0,0,146653.99000000
G1,candidate_scan,Ana_Palacio,10,2,7,1.77000000,31.08000000,8,8,0,1,0,1,257.43000000
G2,candidate_scan,Ana_Palacio,10,2,7,147.23000000,132.48000000,8,8,0,1,0,1,60.38000000
G3,candidate_scan,Ana_Palacio,10,2,7,143.22000000,14.66000000,4,3,1,0,0,0,272.80000000
G0,candidate_scan,Ana_Palacio,10,3,4,0.06000000,0.07000000,10,10,0,1,0,0,144134.16000000
G1,candidate_scan,Ana_Palacio,10,3,4,1.68000000,18.96000000,5,5,0,1,0,1,263.72000000
G2,candidate_scan,Ana_Palacio,10,3,4,149.06000000,121.32000000,5,5,0,1,0,1,41.21000000
G3,candidate_scan,Ana_Palacio,10,3,4,143.61000000,14.32000000,4,3,1,0,0,0,279.26000000
G0,candidate_scan,Ana_Palacio,10,4,4,0.05000000,0.07000000,10,10,0,1,0,0,147168.56000000
G1,candidate_scan,Ana_Palacio,10,4,4,1.90000000,19.29000000,5,5,0,1,0,1,259.21000000
G2,candidate_scan,Ana_Palacio,10,4,4,144.70000000,121.83000000,5,5,0,1,0,1,41.04000000
G3,candidate_scan,Ana_Palacio,10,4,4,145.66000000,14.72000000,4,3,1,0,0,0,271.72000000
G0,candidate_scan,Ana_Palacio,50,0,0,0.06000000,0.24000000,50,50,0,1,0,0,204400.78000000
G1,candidate_scan,Ana_Palacio,50,0,0,1.77000000,3.54000000,1,1,0,1,0,1,282.37000000
G2,candidate_scan,Ana_Palacio,50,0,0,145.85000000,104.57000000,1,1,0,1,0,1,9.56000000
G3,candidate_scan,Ana_Palacio,50,0,0,143.65000000,106.63000000,1,1,0,1,0,1,9.38000000
G0,candidate_scan,Ana_Palacio,50,1,21,0.06000000,0.24000000,50,50,0,1,0,0,209505.69000000
G1,candidate_scan,Ana_Palacio,50,1,21,1.73000000,85.98000000,22,22,0,1,0,1,255.88000000
G2,candidate_scan,Ana_Palacio,50,1,21,149.83000000,194.23000000,22,22,0,1,0,1,113.27000000
G3,candidate_scan,Ana_Palacio,50,1,21,148.55000000,14.93000000,4,3,1,0,0,0,267.96000000
G0,candidate_scan,Ana_Palacio,50,2,43,0.07000000,0.23000000,50,50,0,1,0,0,217096.48000000
G1,candidate_scan,Ana_Palacio,50,2,43,1.77000000,171.64000000,44,44,0,1,0,1,256.36000000
G2,candidate_scan,Ana_Palacio,50,2,43,146.10000000,286.67000000,44,44,0,1,0,1,153.49000000
G3,candidate_scan,Ana_Palacio,50,2,43,144.31000000,14.27000000,4,3,1,0,0,0,280.37000000
G0,candidate_scan,Ana_Palacio,50,3,29,0.06000000,0.23000000,50,50,0,1,0,0,213776.96000000
G1,candidate_scan,Ana_Palacio,50,3,29,1.78000000,117.08000000,30,30,0,1,0,1,256.24000000
G2,candidate_scan,Ana_Palacio,50,3,29,146.59000000,231.40000000,30,30,0,1,0,1,129.65000000
G3,candidate_scan,Ana_Palacio,50,3,29,142.30000000,14.70000000,4,3,1,0,0,0,272.03000000
G0,candidate_scan,Ana_Palacio,50,4,0,0.06000000,0.24000000,50,50,0,1,0,0,207023.89000000
G1,candidate_scan,Ana_Palacio,50,4,0,1.74000000,3.61000000,1,1,0,1,0,1,277.29000000
G2,candidate_scan,Ana_Palacio,50,4,0,147.55000000,104.98000000,1,1,0,1,0,1,9.53000000
G3,candidate_scan,Ana_Palacio,50,4,0,145.16000000,105.72000000,1,1,0,1,0,1,9.46000000
G0,candidate_scan,Ana_Palacio,100,0,44,0.07000000,0.44000000,100,100,0,1,0,0,228572.43000000
G1,candidate_scan,Ana_Palacio,100,0,44,1.76000000,175.46000000,45,45,0,1,0,1,256.47000000
G2,candidate_scan,Ana_Palacio,100,0,44,145.12000000,291.63000000,45,45,0,1,0,1,154.30000000
G3,candidate_scan,Ana_Palacio,100,0,44,142.03000000,14.57000000,4,3,1,0,0,0,274.57000000
G0,candidate_scan,Ana_Palacio,100,1,62,0.06000000,0.43000000,100,100,0,1,0,0,234712.03000000
G1,candidate_scan,Ana_Palacio,100,1,62,1.72000000,245.78000000,63,63,0,1,0,1,256.33000000
G2,candidate_scan,Ana_Palacio,100,1,62,151.55000000,369.48000000,63,63,0,1,0,1,170.51000000
G3,candidate_scan,Ana_Palacio,100,1,62,145.12000000,14.59000000,4,3,1,0,0,0,274.25000000
G0,candidate_scan,Ana_Palacio,100,2,36,0.06000000,0.45000000,100,100,0,1,0,0,224174.45000000
G1,candidate_scan,Ana_Palacio,100,2,36,1.73000000,143.59000000,37,37,0,1,0,1,257.68000000
G2,candidate_scan,Ana_Palacio,100,2,36,147.13000000,254.01000000,37,37,0,1,0,1,145.66000000
G3,candidate_scan,Ana_Palacio,100,2,36,142.96000000,14.43000000,4,3,1,0,0,0,277.22000000
G0,candidate_scan,Ana_Palacio,100,3,15,0.06000000,0.43000000,100,100,0,1,0,0,232371.41000000
G1,candidate_scan,Ana_Palacio,100,3,15,1.68000000,61.84000000,16,16,0,1,0,1,258.72000000
G2,candidate_scan,Ana_Palacio,100,3,15,143.99000000,168.46000000,16,16,0,1,0,1,94.98000000
G3,candidate_scan,Ana_Palacio,100,3,15,141.34000000,14.67000000,4,3,1,0,0,0,272.72000000
G0,candidate_scan,Ana_Palacio,100,4,35,0.07000000,0.46000000,100,100,0,1,0,0,216201.24000000
G1,candidate_scan,Ana_Palacio,100,4,35,1.76000000,140.22000000,36,36,0,1,0,1,256.74000000
G2,candidate_scan,Ana_Palacio,100,4,35,152.45000000,254.29000000,36,36,0,1,0,1,141.57000000
G3,candidate_scan,Ana_Palacio,100,4,35,145.66000000,14.41000000,4,3,1,0,0,0,277.54000000
G0,candidate_scan,Andre_Agassi,10,0,2,0.06000000,0.07000000,10,10,0,1,0,0,148208.62000000
G1,candidate_scan,Andre_Agassi,10,0,2,1.79000000,11.51000000,3,3,0,1,0,1,260.53000000
G2,candidate_scan,Andre_Agassi,10,0,2,142.32000000,112.44000000,3,3,0,1,0,1,26.68000000
G3,candidate_scan,Andre_Agassi,10,0,2,145.35000000,111.55000000,3,3,0,1,0,1,26.89000000
G0,candidate_scan,Andre_Agassi,10,1,9,0.06000000,0.07000000,10,10,0,1,0,0,151967.54000000
G1,candidate_scan,Andre_Agassi,10,1,9,1.79000000,39.05000000,10,10,0,1,0,1,256.06000000
G2,candidate_scan,Andre_Agassi,10,1,9,144.50000000,144.31000000,10,10,0,1,0,1,69.30000000
G3,candidate_scan,Andre_Agassi,10,1,9,143.38000000,14.08000000,4,3,1,0,0,0,284.08000000
G0,candidate_scan,Andre_Agassi,10,2,3,0.06000000,0.07000000,10,10,0,1,0,0,147168.56000000
G1,candidate_scan,Andre_Agassi,10,2,3,1.75000000,15.45000000,4,4,0,1,0,1,258.85000000
G2,candidate_scan,Andre_Agassi,10,2,3,145.50000000,118.01000000,4,4,0,1,0,1,33.90000000
G3,candidate_scan,Andre_Agassi,10,2,3,142.76000000,14.41000000,4,3,1,0,0,0,277.53000000
G0,candidate_scan,Andre_Agassi,10,3,3,0.06000000,0.07000000,10,10,0,1,0,0,151967.54000000
G1,candidate_scan,Andre_Agassi,10,3,3,1.77000000,15.47000000,4,4,0,1,0,1,258.59000000
G2,candidate_scan,Andre_Agassi,10,3,3,145.88000000,117.22000000,4,4,0,1,0,1,34.12000000
G3,candidate_scan,Andre_Agassi,10,3,3,151.60000000,13.83000000,4,3,1,0,0,0,289.19000000
G0,candidate_scan,Andre_Agassi,10,4,3,0.09000000,0.07000000,10,10,0,1,0,0,145635.56000000
G1,candidate_scan,Andre_Agassi,10,4,3,1.76000000,15.43000000,4,4,0,1,0,1,259.21000000
G2,candidate_scan,Andre_Agassi,10,4,3,150.62000000,116.10000000,4,4,0,1,0,1,34.45000000
G3,candidate_scan,Andre_Agassi,10,4,3,144.36000000,14.60000000,4,3,1,0,0,0,273.97000000
G0,candidate_scan,Andre_Agassi,50,0,27,0.07000000,0.23000000,50,50,0,1,0,0,220985.46000000
G1,candidate_scan,Andre_Agassi,50,0,27,1.80000000,110.21000000,28,28,0,1,0,1,254.06000000
G2,candidate_scan,Andre_Agassi,50,0,27,143.79000000,217.37000000,28,28,0,1,0,1,128.82000000
G3,candidate_scan,Andre_Agassi,50,0,27,141.57000000,14.66000000,4,3,1,0,0,0,272.84000000
G0,candidate_scan,Andre_Agassi,50,1,26,0.06000000,0.28000000,50,50,0,1,0,0,178481.02000000
G1,candidate_scan,Andre_Agassi,50,1,26,1.80000000,112.17000000,27,27,0,1,0,1,240.70000000
G2,candidate_scan,Andre_Agassi,50,1,26,142.17000000,216.54000000,27,27,0,1,0,1,124.69000000
G3,candidate_scan,Andre_Agassi,50,1,26,142.00000000,14.42000000,4,3,1,0,0,0,277.36000000
G0,candidate_scan,Andre_Agassi,50,2,15,0.09000000,0.25000000,50,50,0,1,0,0,202232.59000000
G1,candidate_scan,Andre_Agassi,50,2,15,1.78000000,62.30000000,16,16,0,1,0,1,256.82000000
G2,candidate_scan,Andre_Agassi,50,2,15,144.43000000,174.31000000,16,16,0,1,0,1,91.79000000
G3,candidate_scan,Andre_Agassi,50,2,15,146.16000000,14.55000000,4,3,1,0,0,0,274.97000000
G0,candidate_scan,Andre_Agassi,50,3,10,0.06000000,0.26000000,50,50,0,1,0,0,189787.51000000
G1,candidate_scan,Andre_Agassi,50,3,10,1.71000000,42.81000000,11,11,0,1,0,1,256.93000000
G2,candidate_scan,Andre_Agassi,50,3,10,142.41000000,145.53000000,11,11,0,1,0,1,75.59000000
G3,candidate_scan,Andre_Agassi,50,3,10,145.45000000,14.31000000,4,3,1,0,0,0,279.53000000
G0,candidate_scan,Andre_Agassi,50,4,5,0.06000000,0.23000000,50,50,0,1,0,0,214652.20000000
G1,candidate_scan,Andre_Agassi,50,4,5,1.72000000,23.31000000,6,6,0,1,0,1,257.44000000
G2,candidate_scan,Andre_Agassi,50,4,5,141.96000000,126.74000000,6,6,0,1,0,1,47.34000000
G3,candidate_scan,Andre_Agassi,50,4,5,142.41000000,14.27000000,4,3,1,0,0,0,280.34000000
G0,candidate_scan,Andre_Agassi,100,0,97,0.06000000,0.44000000,100,100,0,1,0,0,226964.50000000
G1,candidate_scan,Andre_Agassi,100,0,97,1.72000000,382.51000000,98,98,0,1,0,1,256.20000000
G2,candidate_scan,Andre_Agassi,100,0,97,144.66000000,520.23000000,98,98,0,1,0,1,188.38000000
G3,candidate_scan,Andre_Agassi,100,0,97,141.37000000,14.55000000,4,3,1,0,0,0,274.85000000
G0,candidate_scan,Andre_Agassi,100,1,36,0.06000000,0.42000000,100,100,0,1,0,0,238855.58000000
G1,candidate_scan,Andre_Agassi,100,1,36,1.73000000,145.85000000,37,37,0,1,0,1,253.69000000
G2,candidate_scan,Andre_Agassi,100,1,36,145.57000000,260.61000000,37,37,0,1,0,1,141.98000000
G3,candidate_scan,Andre_Agassi,100,1,36,144.21000000,14.53000000,4,3,1,0,0,0,275.34000000
G0,candidate_scan,Andre_Agassi,100,2,38,0.06000000,0.45000000,100,100,0,1,0,0,221569.15000000
G1,candidate_scan,Andre_Agassi,100,2,38,1.81000000,152.58000000,39,39,0,1,0,1,255.61000000
G2,candidate_scan,Andre_Agassi,100,2,38,143.22000000,264.64000000,39,39,0,1,0,1,147.37000000
G3,candidate_scan,Andre_Agassi,100,2,38,143.09000000,14.48000000,4,3,1,0,0,0,276.20000000
G0,candidate_scan,Andre_Agassi,100,3,49,0.06000000,0.45000000,100,100,0,1,0,0,224414.34000000
G1,candidate_scan,Andre_Agassi,100,3,49,1.76000000,195.22000000,50,50,0,1,0,1,256.12000000
G2,candidate_scan,Andre_Agassi,100,3,49,143.45000000,308.81000000,50,50,0,1,0,1,161.91000000
G3,candidate_scan,Andre_Agassi,100,3,49,141.48000000,14.18000000,4,3,1,0,0,0,282.15000000
G0,candidate_scan,Andre_Agassi,100,4,44,0.06000000,0.44000000,100,100,0,1,0,0,227210.40000000
G1,candidate_scan,Andre_Agassi,100,4,44,1.74000000,175.58000000,45,45,0,1,0,1,256.30000000
G2,candidate_scan,Andre_Agassi,100,4,44,142.09000000,288.57000000,45,45,0,1,0,1,155.94000000
G3,candidate_scan,Andre_Agassi,100,4,44,145.08000000,14.79000000,4,3,1,0,0,0,270.37000000
G0,candidate_scan,Andy_Roddick,10,0,2,0.07000000,0.07000000,10,10,0,1,0,0,142179.80000000
G1,candidate_scan,Andy_Roddick,10,0,2,1.72000000,11.44000000,3,3,0,1,0,1,262.28000000
G2,candidate_scan,Andy_Roddick,10,0,2,150.22000000,112.42000000,3,3,0,1,0,1,26.69000000
G3,candidate_scan,Andy_Roddick,10,0,2,147.83000000,113.31000000,3,3,0,1,0,1,26.48000000
G0,candidate_scan,Andy_Roddick,10,1,6,0.06000000,0.07000000,10,10,0,1,0,0,151418.92000000
G1,candidate_scan,Andy_Roddick,10,1,6,1.75000000,27.06000000,7,7,0,1,0,1,258.66000000
G2,candidate_scan,Andy_Roddick,10,1,6,147.55000000,131.81000000,7,7,0,1,0,1,53.11000000
G3,candidate_scan,Andy_Roddick,10,1,6,142.42000000,14.23000000,4,3,1,0,0,0,281.16000000
G0,candidate_scan,Andy_Roddick,10,2,8,0.06000000,0.07000000,10,10,0,1,0,0,146653.99000000
G1,candidate_scan,Andy_Roddick,10,2,8,1.77000000,34.93000000,9,9,0,1,0,1,257.69000000
G2,candidate_scan,Andy_Roddick,10,2,8,142.98000000,140.17000000,9,9,0,1,0,1,64.21000000
G3,candidate_scan,Andy_Roddick,10,2,8,146.36000000,14.39000000,4,3,1,0,0,0,277.95000000
G0,candidate_scan,Andy_Roddick,10,3,8,0.07000000,0.07000000,10,10,0,1,0,0,143640.55000000
G1,candidate_scan,Andy_Roddick,10,3,8,1.71000000,35.08000000,9,9,0,1,0,1,256.53000000
G2,candidate_scan,Andy_Roddick,10,3,8,146.30000000,139.97000000,9,9,0,1,0,1,64.30000000
G3,candidate_scan,Andy_Roddick,10,3,8,141.68000000,14.75000000,4,3,1,0,0,0,271.13000000
G0,candidate_scan,Andy_Roddick,10,4,4,0.07000000,0.07000000,10,10,0,1,0,0,146653.99000000
G1,candidate_scan,Andy_Roddick,10,4,4,1.81000000,19.98000000,5,5,0,1,0,1,250.31000000
G2,candidate_scan,Andy_Roddick,10,4,4,147.24000000,121.97000000,5,5,0,1,0,1,41.00000000
G3,candidate_scan,Andy_Roddick,10,4,4,146.79000000,14.18000000,4,3,1,0,0,0,282.18000000
G0,candidate_scan,Andy_Roddick,50,0,29,0.06000000,0.23000000,50,50,0,1,0,0,217772.79000000
G1,candidate_scan,Andy_Roddick,50,0,29,1.75000000,118.18000000,30,30,0,1,0,1,253.85000000
G2,candidate_scan,Andy_Roddick,50,0,29,146.11000000,226.59000000,30,30,0,1,0,1,132.40000000
G3,candidate_scan,Andy_Roddick,50,0,29,141.80000000,14.35000000,4,3,1,0,0,0,278.65000000
G0,candidate_scan,Andy_Roddick,50,1,32,0.06000000,0.24000000,50,50,0,1,0,0,210135.47000000
G1,candidate_scan,Andy_Roddick,50,1,32,1.80000000,128.56000000,33,33,0,1,0,1,256.69000000
G2,candidate_scan,Andy_Roddick,50,1,32,144.87000000,241.69000000,33,33,0,1,0,1,136.54000000
G3,candidate_scan,Andy_Roddick,50,1,32,141.74000000,14.03000000,4,3,1,0,0,0,285.03000000
G0,candidate_scan,Andy_Roddick,50,2,40,0.06000000,0.23000000,50,50,0,1,0,0,218453.33000000
G1,candidate_scan,Andy_Roddick,50,2,40,1.80000000,160.32000000,41,41,0,1,0,1,255.75000000
G2,candidate_scan,Andy_Roddick,50,2,40,141.62000000,276.93000000,41,41,0,1,0,1,148.05000000
G3,candidate_scan,Andy_Roddick,50,2,40,146.24000000,14.63000000,4,3,1,0,0,0,273.39000000
G0,candidate_scan,Andy_Roddick,50,3,2,0.06000000,0.26000000,50,50,0,1,0,0,192222.91000000
G1,candidate_scan,Andy_Roddick,50,3,2,1.78000000,11.50000000,3,3,0,1,0,1,260.92000000
G2,candidate_scan,Andy_Roddick,50,3,2,148.11000000,111.26000000,3,3,0,1,0,1,26.96000000
G3,candidate_scan,Andy_Roddick,50,3,2,147.61000000,112.75000000,3,3,0,1,0,1,26.61000000
G0,candidate_scan,Andy_Roddick,50,4,26,0.06000000,0.24000000,50,50,0,1,0,0,208464.41000000
G1,candidate_scan,Andy_Roddick,50,4,26,1.78000000,105.72000000,27,27,0,1,0,1,255.38000000
G2,candidate_scan,Andy_Roddick,50,4,26,146.72000000,211.29000000,27,27,0,1,0,1,127.79000000
G3,candidate_scan,Andy_Roddick,50,4,26,147.76000000,14.74000000,4,3,1,0,0,0,271.37000000
G0,candidate_scan,Andy_Roddick,100,0,16,0.06000000,0.42000000,100,100,0,1,0,0,238719.64000000
G1,candidate_scan,Andy_Roddick,100,0,16,1.84000000,66.21000000,17,17,0,1,0,1,256.74000000
G2,candidate_scan,Andy_Roddick,100,0,16,145.47000000,170.49000000,17,17,0,1,0,1,99.71000000
G3,candidate_scan,Andy_Roddick,100,0,16,143.98000000,14.80000000,4,3,1,0,0,0,270.36000000
G0,candidate_scan,Andy_Roddick,100,1,19,0.07000000,0.49000000,100,100,0,1,0,0,203903.94000000
G1,candidate_scan,Andy_Roddick,100,1,19,1.80000000,77.94000000,20,20,0,1,0,1,256.61000000
G2,candidate_scan,Andy_Roddick,100,1,19,151.69000000,186.39000000,20,20,0,1,0,1,107.30000000
G3,candidate_scan,Andy_Roddick,100,1,19,147.38000000,14.72000000,4,3,1,0,0,0,271.72000000
G0,candidate_scan,Andy_Roddick,100,2,84,0.06000000,0.43000000,100,100,0,1,0,0,233796.21000000
G1,candidate_scan,Andy_Roddick,100,2,84,1.75000000,332.80000000,85,85,0,1,0,1,255.41000000
G2,candidate_scan,Andy_Roddick,100,2,84,143.67000000,471.39000000,85,85,0,1,0,1,180.32000000
G3,candidate_scan,Andy_Roddick,100,2,84,147.03000000,14.77000000,4,3,1,0,0,0,270.87000000
G0,candidate_scan,Andy_Roddick,100,3,89,0.06000000,0.43000000,100,100,0,1,0,0,234843.45000000
G1,candidate_scan,Andy_Roddick,100,3,89,1.74000000,351.55000000,90,90,0,1,0,1,256.01000000
G2,candidate_scan,Andy_Roddick,100,3,89,143.96000000,482.20000000,90,90,0,1,0,1,186.65000000
G3,candidate_scan,Andy_Roddick,100,3,89,143.72000000,14.59000000,4,3,1,0,0,0,274.07000000
G0,candidate_scan,Andy_Roddick,100,4,81,0.09000000,0.44000000,100,100,0,1,0,0,228946.72000000
G1,candidate_scan,Andy_Roddick,100,4,81,1.72000000,318.29000000,82,82,0,1,0,1,257.63000000
G2,candidate_scan,Andy_Roddick,100,4,81,147.59000000,450.66000000,82,82,0,1,0,1,181.95000000
G3,candidate_scan,Andy_Roddick,100,4,81,142.18000000,14.72000000,4,3,1,0,0,0,271.70000000
G0,candidate_scan,Angela_Bassett,10,0,6,0.06000000,0.07000000,10,10,0,1,0,0,150333.48000000
G1,candidate_scan,Angela_Bassett,10,0,6,1.74000000,27.28000000,7,7,0,1,0,1,256.58000000
G2,candidate_scan,Angela_Bassett,10,0,6,147.57000000,131.96000000,7,7,0,1,0,1,53.04000000
G3,candidate_scan,Angela_Bassett,10,0,6,150.93000000,14.62000000,4,3,1,0,0,0,273.63000000
G0,candidate_scan,Angela_Bassett,10,1,0,0.06000000,0.07000000,10,10,0,1,0,0,149263.49000000
G1,candidate_scan,Angela_Bassett,10,1,0,1.73000000,3.80000000,1,1,0,1,0,1,263.11000000
G2,candidate_scan,Angela_Bassett,10,1,0,147.44000000,105.44000000,1,1,0,1,0,1,9.48000000
G3,candidate_scan,Angela_Bassett,10,1,0,148.24000000,105.25000000,1,1,0,1,0,1,9.50000000
G0,candidate_scan,Angela_Bassett,10,2,2,0.06000000,0.07000000,10,10,0,1,0,0,149263.49000000
G1,candidate_scan,Angela_Bassett,10,2,2,1.88000000,11.69000000,3,3,0,1,0,1,256.72000000
G2,candidate_scan,Angela_Bassett,10,2,2,148.61000000,112.31000000,3,3,0,1,0,1,26.71000000
G3,candidate_scan,Angela_Bassett,10,2,2,145.91000000,115.28000000,3,3,0,1,0,1,26.02000000
G0,candidate_scan,Angela_Bassett,10,3,3,0.06000000,0.07000000,10,10,0,1,0,0,150333.48000000
G1,candidate_scan,Angela_Bassett,10,3,3,1.75000000,15.65000000,4,4,0,1,0,1,255.61000000
G2,candidate_scan,Angela_Bassett,10,3,3,149.79000000,118.18000000,4,4,0,1,0,1,33.85000000
G3,candidate_scan,Angela_Bassett,10,3,3,141.27000000,15.50000000,4,3,1,0,0,0,258.00000000
G0,candidate_scan,Angela_Bassett,10,4,2,0.06000000,0.07000000,10,10,0,1,0,0,149263.49000000
G1,candidate_scan,Angela_Bassett,10,4,2,1.75000000,11.70000000,3,3,0,1,0,1,256.31000000
G2,candidate_scan,Angela_Bassett,10,4,2,139.79000000,112.92000000,3,3,0,1,0,1,26.57000000
G3,candidate_scan,Angela_Bassett,10,4,2,144.48000000,112.56000000,3,3,0,1,0,1,26.65000000
G0,candidate_scan,Angela_Bassett,50,0,45,0.07000000,0.24000000,50,50,0,1,0,0,204400.78000000
G1,candidate_scan,Angela_Bassett,50,0,45,1.79000000,180.24000000,46,46,0,1,0,1,255.22000000
G2,candidate_scan,Angela_Bassett,50,0,45,146.47000000,302.92000000,46,46,0,1,0,1,151.86000000
G3,candidate_scan,Angela_Bassett,50,0,45,149.51000000,14.33000000,4,3,1,0,0,0,279.10000000
G0,candidate_scan,Angela_Bassett,50,1,1,0.06000000,0.24000000,50,50,0,1,0,0,204201.75000000
G1,candidate_scan,Angela_Bassett,50,1,1,1.82000000,7.74000000,2,2,0,1,0,1,258.42000000
G2,candidate_scan,Angela_Bassett,50,1,1,146.23000000,109.44000000,2,2,0,1,0,1,18.27000000
G3,candidate_scan,Angela_Bassett,50,1,1,143.32000000,111.60000000,2,2,0,1,0,1,17.92000000
G0,candidate_scan,Angela_Bassett,50,2,27,0.06000000,0.24000000,50,50,0,1,0,0,210135.47000000
G1,candidate_scan,Angela_Bassett,50,2,27,1.77000000,109.74000000,28,28,0,1,0,1,255.15000000
G2,candidate_scan,Angela_Bassett,50,2,27,142.49000000,219.73000000,28,28,0,1,0,1,127.43000000
G3,candidate_scan,Angela_Bassett,50,2,27,147.58000000,14.21000000,4,3,1,0,0,0,281.42000000
G0,candidate_scan,Angela_Bassett,50,3,33,0.06000000,0.24000000,50,50,0,1,0,0,209925.13000000
G1,candidate_scan,Angela_Bassett,50,3,33,1.71000000,132.88000000,34,34,0,1,0,1,255.86000000
G2,candidate_scan,Angela_Bassett,50,3,33,141.57000000,247.56000000,34,34,0,1,0,1,137.34000000
G3,candidate_scan,Angela_Bassett,50,3,33,143.23000000,14.46000000,4,3,1,0,0,0,276.69000000
G0,candidate_scan,Angela_Bassett,50,4,40,0.09000000,0.24000000,50,50,0,1,0,0,209505.69000000
G1,candidate_scan,Angela_Bassett,50,4,40,1.74000000,160.32000000,41,41,0,1,0,1,255.74000000
G2,candidate_scan,Angela_Bassett,50,4,40,146.11000000,277.27000000,41,41,0,1,0,1,147.87000000
G3,candidate_scan,Angela_Bassett,50,4,40,144.11000000,14.73000000,4,3,1,0,0,0,271.54000000
G0,candidate_scan,Angela_Bassett,100,0,18,0.06000000,0.48000000,100,100,0,1,0,0,206921.76000000
G1,candidate_scan,Angela_Bassett,100,0,18,1.75000000,74.53000000,19,19,0,1,0,1,254.91000000
G2,candidate_scan,Angela_Bassett,100,0,18,146.02000000,179.49000000,19,19,0,1,0,1,105.85000000
G3,candidate_scan,Angela_Bassett,100,0,18,145.14000000,14.60000000,4,3,1,0,0,0,273.88000000
G0,candidate_scan,Angela_Bassett,100,1,47,0.06000000,0.49000000,100,100,0,1,0,0,205804.91000000
G1,candidate_scan,Angela_Bassett,100,1,47,1.77000000,187.29000000,48,48,0,1,0,1,256.28000000
G2,candidate_scan,Angela_Bassett,100,1,47,144.76000000,312.58000000,48,48,0,1,0,1,153.56000000
G3,candidate_scan,Angela_Bassett,100,1,47,141.05000000,13.95000000,4,3,1,0,0,0,286.68000000
G0,candidate_scan,Angela_Bassett,100,2,65,0.06000000,0.42000000,100,100,0,1,0,0,238719.64000000
G1,candidate_scan,Angela_Bassett,100,2,65,1.72000000,259.32000000,66,66,0,1,0,1,254.52000000
G2,candidate_scan,Angela_Bassett,100,2,65,145.21000000,375.57000000,66,66,0,1,0,1,175.73000000
G3,candidate_scan,Angela_Bassett,100,2,65,143.03000000,14.28000000,4,3,1,0,0,0,280.13000000
G0,candidate_scan,Angela_Bassett,100,3,27,0.06000000,0.44000000,100,100,0,1,0,0,228199.35000000
G1,candidate_scan,Angela_Bassett,100,3,27,1.79000000,109.53000000,28,28,0,1,0,1,255.64000000
G2,candidate_scan,Angela_Bassett,100,3,27,149.17000000,216.38000000,28,28,0,1,0,1,129.40000000
G3,candidate_scan,Angela_Bassett,100,3,27,145.68000000,14.61000000,4,3,1,0,0,0,273.78000000
G0,candidate_scan,Angela_Bassett,100,4,13,0.06000000,0.43000000,100,100,0,1,0,0,230709.79000000
G1,candidate_scan,Angela_Bassett,100,4,13,1.77000000,54.53000000,14,14,0,1,0,1,256.76000000
G2,candidate_scan,Angela_Bassett,100,4,13,147.51000000,160.34000000,14,14,0,1,0,1,87.31000000
G3,candidate_scan,Angela_Bassett,100,4,13,146.32000000,14.45000000,4,3,1,0,0,0,276.78000000
G0,candidate_scan,Angelina_Jolie,10,0,6,0.06000000,0.07000000,10,10,0,1,0,0,142663.40000000
G1,candidate_scan,Angelina_Jolie,10,0,6,1.78000000,27.15000000,7,7,0,1,0,1,257.83000000
G2,candidate_scan,Angelina_Jolie,10,0,6,144.82000000,128.85000000,7,7,0,1,0,1,54.33000000
G3,candidate_scan,Angelina_Jolie,10,0,6,145.34000000,14.44000000,4,3,1,0,0,0,276.98000000
G0,candidate_scan,Angelina_Jolie,10,1,2,0.06000000,0.07000000,10,10,0,1,0,0,148734.18000000
G1,candidate_scan,Angelina_Jolie,10,1,2,1.76000000,11.41000000,3,3,0,1,0,1,262.87000000
G2,candidate_scan,Angelina_Jolie,10,1,2,142.66000000,114.33000000,3,3,0,1,0,1,26.24000000
G3,candidate_scan,Angelina_Jolie,10,1,2,147.48000000,114.01000000,3,3,0,1,0,1,26.31000000
G0,candidate_scan,Angelina_Jolie,10,2,0,0.06000000,0.07000000,10,10,0,1,0,0,149263.49000000
G1,candidate_scan,Angelina_Jolie,10,2,0,1.78000000,3.76000000,1,1,0,1,0,1,266.15000000
G2,candidate_scan,Angelina_Jolie,10,2,0,143.00000000,104.19000000,1,1,0,1,0,1,9.60000000
G3,candidate_scan,Angelina_Jolie,10,2,0,142.78000000,107.26000000,1,1,0,1,0,1,9.32000000
G0,candidate_scan,Angelina_Jolie,10,3,4,0.06000000,0.07000000,10,10,0,1,0,0,150874.24000000
G1,candidate_scan,Angelina_Jolie,10,3,4,1.78000000,19.49000000,5,5,0,1,0,1,256.59000000
G2,candidate_scan,Angelina_Jolie,10,3,4,147.94000000,122.49000000,5,5,0,1,0,1,40.82000000
G3,candidate_scan,Angelina_Jolie,10,3,4,145.81000000,14.80000000,4,3,1,0,0,0,270.22000000
G0,candidate_scan,Angelina_Jolie,10,4,9,0.05000000,0.07000000,10,10,0,1,0,0,151418.92000000
G1,candidate_scan,Angelina_Jolie,10,4,9,1.75000000,38.84000000,10,10,0,1,0,1,257.48000000
G2,candidate_scan,Angelina_Jolie,10,4,9,141.12000000,144.03000000,10,10,0,1,0,1,69.43000000
G3,candidate_scan,Angelina_Jolie,10,4,9,142.23000000,13.94000000,4,3,1,0,0,0,287.01000000
G0,candidate_scan,Angelina_Jolie,50,0,22,0.06000000,0.23000000,50,50,0,1,0,0,215534.64000000
G1,candidate_scan,Angelina_Jolie,50,0,22,1.73000000,89.88000000,23,23,0,1,0,1,255.90000000
G2,candidate_scan,Angelina_Jolie,50,0,22,140.85000000,197.94000000,23,23,0,1,0,1,116.20000000
G3,candidate_scan,Angelina_Jolie,50,0,22,143.94000000,14.79000000,4,3,1,0,0,0,270.38000000
G0,candidate_scan,Angelina_Jolie,50,1,35,0.07000000,0.23000000,50,50,0,1,0,0,217772.79000000
G1,candidate_scan,Angelina_Jolie,50,1,35,1.72000000,140.64000000,36,36,0,1,0,1,255.98000000
G2,candidate_scan,Angelina_Jolie,50,1,35,145.18000000,252.16000000,36,36,0,1,0,1,142.77000000
G3,candidate_scan,Angelina_Jolie,50,1,35,146.71000000,14.73000000,4,3,1,0,0,0,271.58000000
G0,candidate_scan,Angelina_Jolie,50,2,15,0.07000000,0.23000000,50,50,0,1,0,0,220520.72000000
G1,candidate_scan,Angelina_Jolie,50,2,15,1.74000000,62.36000000,16,16,0,1,0,1,256.57000000
G2,candidate_scan,Angelina_Jolie,50,2,15,148.30000000,169.40000000,16,16,0,1,0,1,94.45000000
G3,candidate_scan,Angelina_Jolie,50,2,15,142.20000000,14.47000000,4,3,1,0,0,0,276.44000000
G0,candidate_scan,Angelina_Jolie,50,3,23,0.06000000,0.23000000,50,50,0,1,0,0,218226.01000000
G1,candidate_scan,Angelina_Jolie,50,3,23,1.78000000,93.63000000,24,24,0,1,0,1,256.34000000
G2,candidate_scan,Angelina_Jolie,50,3,23,144.94000000,206.49000000,24,24,0,1,0,1,116.23000000
G3,candidate_scan,Angelina_Jolie,50,3,23,146.89000000,14.53000000,4,3,1,0,0,0,275.30000000
G0,candidate_scan,Angelina_Jolie,50,4,40,0.06000000,0.29000000,50,50,0,1,0,0,169535.33000000
G1,candidate_scan,Angelina_Jolie,50,4,40,1.73000000,159.91000000,41,41,0,1,0,1,256.39000000
G2,candidate_scan,Angelina_Jolie,50,4,40,146.94000000,271.64000000,41,41,0,1,0,1,150.94000000
G3,candidate_scan,Angelina_Jolie,50,4,40,143.14000000,14.75000000,4,3,1,0,0,0,271.18000000
G0,candidate_scan,Angelina_Jolie,100,0,36,0.06000000,0.42000000,100,100,0,1,0,0,240361.26000000
G1,candidate_scan,Angelina_Jolie,100,0,36,1.73000000,143.94000000,37,37,0,1,0,1,257.06000000
G2,candidate_scan,Angelina_Jolie,100,0,36,143.71000000,254.23000000,37,37,0,1,0,1,145.54000000
G3,candidate_scan,Angelina_Jolie,100,0,36,143.58000000,14.37000000,4,3,1,0,0,0,278.38000000
G0,candidate_scan,Angelina_Jolie,100,1,55,0.07000000,0.46000000,100,100,0,1,0,0,215534.64000000
G1,candidate_scan,Angelina_Jolie,100,1,55,1.84000000,219.61000000,56,56,0,1,0,1,255.00000000
G2,candidate_scan,Angelina_Jolie,100,1,55,146.60000000,335.87000000,56,56,0,1,0,1,166.73000000
G3,candidate_scan,Angelina_Jolie,100,1,55,144.11000000,14.54000000,4,3,1,0,0,0,275.03000000
G0,candidate_scan,Angelina_Jolie,100,2,25,0.06000000,0.43000000,100,100,0,1,0,0,229950.88000000
G1,candidate_scan,Angelina_Jolie,100,2,25,1.80000000,101.64000000,26,26,0,1,0,1,255.81000000
G2,candidate_scan,Angelina_Jolie,100,2,25,143.93000000,210.15000000,26,26,0,1,0,1,123.72000000
G3,candidate_scan,Angelina_Jolie,100,2,25,144.86000000,14.60000000,4,3,1,0,0,0,273.93000000
G0,candidate_scan,Angelina_Jolie,100,3,59,0.09000000,0.42000000,100,100,0,1,0,0,236565.37000000
G1,candidate_scan,Angelina_Jolie,100,3,59,1.74000000,236.05000000,60,60,0,1,0,1,254.18000000
G2,candidate_scan,Angelina_Jolie,100,3,59,147.52000000,356.59000000,60,60,0,1,0,1,168.26000000
G3,candidate_scan,Angelina_Jolie,100,3,59,142.14000000,14.59000000,4,3,1,0,0,0,274.08000000
G0,candidate_scan,Angelina_Jolie,100,4,39,0.06000000,0.45000000,100,100,0,1,0,0,223338.87000000
G1,candidate_scan,Angelina_Jolie,100,4,39,1.75000000,155.98000000,40,40,0,1,0,1,256.45000000
G2,candidate_scan,Angelina_Jolie,100,4,39,142.54000000,273.28000000,40,40,0,1,0,1,146.37000000
G3,candidate_scan,Angelina_Jolie,100,4,39,145.39000000,14.07000000,4,3,1,0,0,0,284.26000000
G0,candidate_scan,Ann_Veneman,10,0,7,0.09000000,0.07000000,10,10,0,1,0,0,147686.76000000
G1,candidate_scan,Ann_Veneman,10,0,7,1.78000000,30.95000000,8,8,0,1,0,1,258.44000000
G2,candidate_scan,Ann_Veneman,10,0,7,143.41000000,131.19000000,8,8,0,1,0,1,60.98000000
G3,candidate_scan,Ann_Veneman,10,0,7,144.26000000,14.73000000,4,3,1,0,0,0,271.63000000
G0,candidate_scan,Ann_Veneman,10,1,1,0.06000000,0.07000000,10,10,0,1,0,0,152520.15000000
G1,candidate_scan,Ann_Veneman,10,1,1,1.72000000,7.47000000,2,2,0,1,0,1,267.83000000
G2,candidate_scan,Ann_Veneman,10,1,1,145.49000000,109.71000000,2,2,0,1,0,1,18.23000000
G3,candidate_scan,Ann_Veneman,10,1,1,141.24000000,107.06000000,2,2,0,1,0,1,18.68000000
G0,candidate_scan,Ann_Veneman,10,2,6,0.07000000,0.07000000,10,10,0,1,0,0,145635.56000000
G1,candidate_scan,Ann_Veneman,10,2,6,1.78000000,28.01000000,7,7,0,1,0,1,249.91000000
G2,candidate_scan,Ann_Veneman,10,2,6,145.82000000,129.99000000,7,7,0,1,0,1,53.85000000
G3,candidate_scan,Ann_Veneman,10,2,6,148.91000000,14.39000000,4,3,1,0,0,0,277.92000000
G0,candidate_scan,Ann_Veneman,10,3,4,0.06000000,0.07000000,10,10,0,1,0,0,147686.76000000
G1,candidate_scan,Ann_Veneman,10,3,4,1.73000000,19.25000000,5,5,0,1,0,1,259.77000000
G2,candidate_scan,Ann_Veneman,10,3,4,143.13000000,122.60000000,5,5,0,1,0,1,40.78000000
G3,candidate_scan,Ann_Veneman,10,3,4,144.01000000,14.80000000,4,3,1,0,0,0,270.26000000
G0,candidate_scan,Ann_Veneman,10,4,8,0.06000000,0.07000000,10,10,0,1,0,0,151967.54000000
G1,candidate_scan,Ann_Veneman,10,4,8,1.73000000,34.82000000,9,9,0,1,0,1,258.50000000
G2,candidate_scan,Ann_Veneman,10,4,8,151.91000000,139.29000000,9,9,0,1,0,1,64.61000000
G3,candidate_scan,Ann_Veneman,10,4,8,145.14000000,15.17000000,4,3,1,0,0,0,263.61000000
G0,candidate_scan,Ann_Veneman,50,0,41,0.06000000,0.29000000,50,50,0,1,0,0,173175.23000000
G1,candidate_scan,Ann_Veneman,50,0,41,1.76000000,163.58000000,42,42,0,1,0,1,256.75000000
G2,candidate_scan,Ann_Veneman,50,0,41,142.77000000,279.47000000,42,42,0,1,0,1,150.28000000
G3,candidate_scan,Ann_Veneman,50,0,41,144.08000000,14.65000000,4,3,1,0,0,0,273.04000000
G0,candidate_scan,Ann_Veneman,50,1,31,0.06000000,0.27000000,50,50,0,1,0,0,187245.71000000
G1,candidate_scan,Ann_Veneman,50,1,31,1.73000000,124.49000000,32,32,0,1,0,1,257.05000000
G2,candidate_scan,Ann_Veneman,50,1,31,148.60000000,236.15000000,32,32,0,1,0,1,135.51000000
G3,candidate_scan,Ann_Veneman,50,1,31,144.42000000,14.56000000,4,3,1,0,0,0,274.66000000
G0,candidate_scan,Ann_Veneman,50,2,46,0.07000000,0.23000000,50,50,0,1,0,0,213995.10000000
G1,candidate_scan,Ann_Veneman,50,2,46,1.74000000,183.67000000,47,47,0,1,0,1,255.89000000
G2,candidate_scan,Ann_Veneman,50,2,46,143.52000000,299.55000000,47,47,0,1,0,1,156.90000000
G3,candidate_scan,Ann_Veneman,50,2,46,143.88000000,14.80000000,4,3,1,0,0,0,270.34000000
G0,candidate_scan,Ann_Veneman,50,3,28,0.06000000,0.25000000,50,50,0,1,0,0,200492.54000000
G1,candidate_scan,Ann_Veneman,50,3,28,1.72000000,112.90000000,29,29,0,1,0,1,256.87000000
G2,candidate_scan,Ann_Veneman,50,3,28,143.88000000,229.41000000,29,29,0,1,0,1,126.41000000
G3,candidate_scan,Ann_Veneman,50,3,28,141.42000000,14.45000000,4,3,1,0,0,0,276.87000000
G0,candidate_scan,Ann_Veneman,50,4,21,0.06000000,0.22000000,50,50,0,1,0,0,224294.33000000
G1,candidate_scan,Ann_Veneman,50,4,21,1.78000000,85.64000000,22,22,0,1,0,1,256.88000000
G2,candidate_scan,Ann_Veneman,50,4,21,146.20000000,190.93000000,22,22,0,1,0,1,115.23000000
G3,candidate_scan,Ann_Veneman,50,4,21,141.59000000,13.94000000,4,3,1,0,0,0,286.95000000
G0,candidate_scan,Ann_Veneman,100,0,67,0.06000000,0.42000000,100,100,0,1,0,0,238042.22000000
G1,candidate_scan,Ann_Veneman,100,0,67,1.80000000,265.28000000,68,68,0,1,0,1,256.34000000
G2,candidate_scan,Ann_Veneman,100,0,67,146.03000000,397.60000000,68,68,0,1,0,1,171.02000000
G3,candidate_scan,Ann_Veneman,100,0,67,144.09000000,14.78000000,4,3,1,0,0,0,270.62000000
G0,candidate_scan,Ann_Veneman,100,1,24,0.06000000,0.41000000,100,100,0,1,0,0,241051.95000000
G1,candidate_scan,Ann_Veneman,100,1,24,1.75000000,97.38000000,25,25,0,1,0,1,256.73000000
G2,candidate_scan,Ann_Veneman,100,1,24,142.48000000,207.04000000,25,25,0,1,0,1,120.75000000
G3,candidate_scan,Ann_Veneman,100,1,24,144.24000000,13.91000000,4,3,1,0,0,0,287.56000000
G0,candidate_scan,Ann_Veneman,100,2,18,0.07000000,0.44000000,100,100,0,1,0,0,226596.65000000
G1,candidate_scan,Ann_Veneman,100,2,18,1.85000000,73.91000000,19,19,0,1,0,1,257.08000000
G2,candidate_scan,Ann_Veneman,100,2,18,143.96000000,181.83000000,19,19,0,1,0,1,104.49000000
G3,candidate_scan,Ann_Veneman,100,2,18,141.83000000,14.90000000,4,3,1,0,0,0,268.46000000
G0,candidate_scan,Ann_Veneman,100,3,52,0.07000000,0.48000000,100,100,0,1,0,0,209715.20000000
G1,candidate_scan,Ann_Veneman,100,3,52,1.75000000,208.14000000,53,53,0,1,0,1,254.64000000
G2,candidate_scan,Ann_Veneman,100,3,52,140.87000000,325.49000000,53,53,0,1,0,1,162.83000000
G3,candidate_scan,Ann_Veneman,100,3,52,143.26000000,15.00000000,4,3,1,0,0,0,266.69000000
G0,candidate_scan,Ann_Veneman,100,4,46,0.07000000,0.46000000,100,100,0,1,0,0,216984.17000000
G1,candidate_scan,Ann_Veneman,100,4,46,1.91000000,190.31000000,47,47,0,1,0,1,246.97000000
G2,candidate_scan,Ann_Veneman,100,4,46,155.63000000,299.82000000,47,47,0,1,0,1,156.76000000
G3,candidate_scan,Ann_Veneman,100,4,46,142.50000000,14.60000000,4,3,1,0,0,0,274.00000000
G0,candidate_scan,Anna_Kournikova,10,0,2,0.06000000,0.07000000,10,10,0,1,0,0,149796.57000000
G1,candidate_scan,Anna_Kournikova,10,0,2,1.84000000,38.90000000,10,10,0,0,0,0,257.04000000
G2,candidate_scan,Anna_Kournikova,10,0,2,146.73000000,42.98000000,10,10,0,0,0,0,232.64000000
G3,candidate_scan,Anna_Kournikova,10,0,2,144.72000000,14.38000000,4,3,1,0,0,0,278.11000000
G0,candidate_scan,Anna_Kournikova,10,1,0,0.07000000,0.09000000,10,10,0,1,0,0,106454.42000000
G1,candidate_scan,Anna_Kournikova,10,1,0,1.71000000,39.10000000,10,10,0,0,0,0,255.78000000
G2,candidate_scan,Anna_Kournikova,10,1,0,143.23000000,44.39000000,10,10,0,0,0,0,225.27000000
G3,candidate_scan,Anna_Kournikova,10,1,0,145.08000000,14.80000000,4,3,1,0,0,0,270.30000000
G0,candidate_scan,Anna_Kournikova,10,2,1,0.06000000,0.07000000,10,10,0,1,0,0,148208.62000000
G1,candidate_scan,Anna_Kournikova,10,2,1,1.73000000,39.16000000,10,10,0,0,0,0,255.38000000
G2,candidate_scan,Anna_Kournikova,10,2,1,141.52000000,43.54000000,10,10,0,0,0,0,229.70000000
G3,candidate_scan,Anna_Kournikova,10,2,1,143.54000000,14.18000000,4,3,1,0,0,0,282.14000000
G0,candidate_scan,Anna_Kournikova,10,3,4,0.06000000,0.07000000,10,10,0,1,0,0,151967.54000000
G1,candidate_scan,Anna_Kournikova,10,3,4,1.76000000,38.89000000,10,10,0,0,0,0,257.15000000
G2,candidate_scan,Anna_Kournikova,10,3,4,142.11000000,42.78000000,10,10,0,0,0,0,233.78000000
G3,candidate_scan,Anna_Kournikova,10,3,4,146.92000000,14.41000000,4,3,1,0,0,0,277.55000000
G0,candidate_scan,Anna_Kournikova,10,4,1,0.09000000,0.07000000,10,10,0,1,0,0,143150.31000000
G1,candidate_scan,Anna_Kournikova,10,4,1,1.75000000,38.95000000,10,10,0,0,0,0,256.76000000
G2,candidate_scan,Anna_Kournikova,10,4,1,143.05000000,44.72000000,10,10,0,0,0,0,223.59000000
G3,candidate_scan,Anna_Kournikova,10,4,1,141.62000000,13.90000000,4,3,1,0,0,0,287.75000000
G0,candidate_scan,Anna_Kournikova,50,0,21,0.06000000,0.23000000,50,50,0,1,0,0,215092.51000000
G1,candidate_scan,Anna_Kournikova,50,0,21,1.73000000,195.64000000,50,50,0,0,0,0,255.57000000
G2,candidate_scan,Anna_Kournikova,50,0,21,147.84000000,217.53000000,50,50,0,0,0,0,229.86000000
G3,candidate_scan,Anna_Kournikova,50,0,21,141.95000000,14.42000000,4,3,1,0,0,0,277.31000000
G0,candidate_scan,Anna_Kournikova,50,1,24,0.09000000,0.22000000,50,50,0,1,0,0,226964.50000000
G1,candidate_scan,Anna_Kournikova,50,1,24,1.71000000,196.53000000,50,50,0,0,0,0,254.41000000
G2,candidate_scan,Anna_Kournikova,50,1,24,144.26000000,210.44000000,50,50,0,0,0,0,237.60000000
G3,candidate_scan,Anna_Kournikova,50,1,24,144.40000000,14.08000000,4,3,1,0,0,0,284.15000000
G0,candidate_scan,Anna_Kournikova,50,2,42,0.07000000,0.28000000,50,50,0,1,0,0,181728.94000000
G1,candidate_scan,Anna_Kournikova,50,2,42,1.75000000,196.48000000,50,50,0,0,0,0,254.48000000
G2,candidate_scan,Anna_Kournikova,50,2,42,145.63000000,217.47000000,50,50,0,0,0,0,229.92000000
G3,candidate_scan,Anna_Kournikova,50,2,42,142.67000000,14.28000000,4,3,1,0,0,0,280.12000000
G0,candidate_scan,Anna_Kournikova,50,3,31,0.07000000,0.24000000,50,50,0,1,0,0,211406.45000000
G1,candidate_scan,Anna_Kournikova,50,3,31,1.79000000,197.01000000,50,50,0,0,0,0,253.80000000
G2,candidate_scan,Anna_Kournikova,50,3,31,143.16000000,217.65000000,50,50,0,0,0,0,229.72000000
G3,candidate_scan,Anna_Kournikova,50,3,31,141.39000000,14.84000000,4,3,1,0,0,0,269.48000000
G0,candidate_scan,Anna_Kournikova,50,4,43,0.07000000,0.24000000,50,50,0,1,0,0,204400.78000000
G1,candidate_scan,Anna_Kournikova,50,4,43,1.73000000,195.45000000,50,50,0,0,0,0,255.82000000
G2,candidate_scan,Anna_Kournikova,50,4,43,144.16000000,217.80000000,50,50,0,0,0,0,229.57000000
G3,candidate_scan,Anna_Kournikova,50,4,43,145.90000000,14.10000000,4,3,1,0,0,0,283.61000000
G0,candidate_scan,Anna_Kournikova,100,0,33,0.07000000,0.44000000,100,100,0,1,0,0,225137.09000000
G1,candidate_scan,Anna_Kournikova,100,0,33,1.75000000,393.80000000,100,100,0,0,0,0,253.93000000
G2,candidate_scan,Anna_Kournikova,100,0,33,143.91000000,423.25000000,100,100,0,0,0,0,236.27000000
G3,candidate_scan,Anna_Kournikova,100,0,33,140.92000000,14.42000000,4,3,1,0,0,0,277.47000000
G0,candidate_scan,Anna_Kournikova,100,1,38,0.06000000,0.43000000,100,100,0,1,0,0,233926.60000000
G1,candidate_scan,Anna_Kournikova,100,1,38,1.75000000,389.35000000,100,100,0,0,0,0,256.84000000
G2,candidate_scan,Anna_Kournikova,100,1,38,144.87000000,418.32000000,100,100,0,0,0,0,239.05000000
G3,candidate_scan,Anna_Kournikova,100,1,38,143.13000000,14.72000000,4,3,1,0,0,0,271.65000000
G0,candidate_scan,Anna_Kournikova,100,2,97,0.06000000,0.46000000,100,100,0,1,0,0,216759.90000000
G1,candidate_scan,Anna_Kournikova,100,2,97,1.72000000,389.44000000,100,100,0,0,0,0,256.78000000
G2,candidate_scan,Anna_Kournikova,100,2,97,147.43000000,430.19000000,100,100,0,0,0,0,232.45000000
G3,candidate_scan,Anna_Kournikova,100,2,97,145.28000000,14.70000000,4,3,1,0,0,0,272.06000000
G0,candidate_scan,Anna_Kournikova,100,3,28,0.06000000,0.44000000,100,100,0,1,0,0,225621.52000000
G1,candidate_scan,Anna_Kournikova,100,3,28,1.73000000,391.23000000,100,100,0,0,0,0,255.60000000
G2,candidate_scan,Anna_Kournikova,100,3,28,141.77000000,425.75000000,100,100,0,0,0,0,234.88000000
G3,candidate_scan,Anna_Kournikova,100,3,28,147.65000000,14.71000000,4,3,1,0,0,0,271.95000000
G0,candidate_scan,Anna_Kournikova,100,4,48,0.06000000,0.43000000,100,100,0,1,0,0,233926.60000000
G1,candidate_scan,Anna_Kournikova,100,4,48,1.70000000,393.29000000,100,100,0,0,0,0,254.26000000
G2,candidate_scan,Anna_Kournikova,100,4,48,145.32000000,429.21000000,100,100,0,0,0,0,232.99000000
G3,candidate_scan,Anna_Kournikova,100,4,48,141.94000000,16.77000000,4,3,1,0,0,0,238.52000000
G0,candidate_scan,Antonio_Palocci,10,0,7,0.06000000,0.07000000,10,10,0,1,0,0,147168.56000000
G1,candidate_scan,Antonio_Palocci,10,0,7,1.75000000,31.24000000,8,8,0,1,0,1,256.08000000
G2,candidate_scan,Antonio_Palocci,10,0,7,142.88000000,133.39000000,8,8,0,1,0,1,59.97000000
G3,candidate_scan,Antonio_Palocci,10,0,7,150.27000000,14.61000000,4,3,1,0,0,0,273.81000000
G0,candidate_scan,Antonio_Palocci,10,1,2,0.06000000,0.07000000,10,10,0,1,0,0,150874.24000000
G1,candidate_scan,Antonio_Palocci,10,1,2,1.72000000,11.64000000,3,3,0,1,0,1,257.77000000
G2,candidate_scan,Antonio_Palocci,10,1,2,144.73000000,112.42000000,3,3,0,1,0,1,26.68000000
G3,candidate_scan,Antonio_Palocci,10,1,2,146.24000000,112.28000000,3,3,0,1,0,1,26.72000000
G0,candidate_scan,Antonio_Palocci,10,2,0,0.06000000,0.07000000,10,10,0,1,0,0,150333.48000000
G1,candidate_scan,Antonio_Palocci,10,2,0,1.83000000,3.72000000,1,1,0,1,0,1,268.75000000
G2,candidate_scan,Antonio_Palocci,10,2,0,148.07000000,105.99000000,1,1,0,1,0,1,9.43000000
G3,candidate_scan,Antonio_Palocci,10,2,0,140.91000000,103.15000000,1,1,0,1,0,1,9.69000000
G0,candidate_scan,Antonio_Palocci,10,3,0,0.06000000,0.07000000,10,10,0,1,0,0,152520.15000000
G1,candidate_scan,Antonio_Palocci,10,3,0,1.74000000,3.78000000,1,1,0,1,0,1,264.52000000
G2,candidate_scan,Antonio_Palocci,10,3,0,144.16000000,105.83000000,1,1,0,1,0,1,9.45000000
G3,candidate_scan,Antonio_Palocci,10,3,0,144.52000000,105.08000000,1,1,0,1,0,1,9.52000000
G0,candidate_scan,Antonio_Palocci,10,4,2,0.06000000,0.07000000,10,10,0,1,0,0,147686.76000000
G1,candidate_scan,Antonio_Palocci,10,4,2,1.75000000,11.73000000,3,3,0,1,0,1,255.68000000
G2,candidate_scan,Antonio_Palocci,10,4,2,145.54000000,109.30000000,3,3,0,1,0,1,27.45000000
G3,candidate_scan,Antonio_Palocci,10,4,2,146.28000000,112.79000000,3,3,0,1,0,1,26.60000000
G0,candidate_scan,Antonio_Palocci,50,0,31,0.06000000,0.25000000,50,50,0,1,0,0,202819.34000000
G1,candidate_scan,Antonio_Palocci,50,0,31,1.77000000,126.13000000,32,32,0,1,0,1,253.70000000
G2,candidate_scan,Antonio_Palocci,50,0,31,141.64000000,236.43000000,32,32,0,1,0,1,135.35000000
G3,candidate_scan,Antonio_Palocci,50,0,31,144.18000000,14.40000000,4,3,1,0,0,0,277.80000000
G0,candidate_scan,Antonio_Palocci,50,1,35,0.06000000,0.24000000,50,50,0,1,0,0,212692.90000000
G1,candidate_scan,Antonio_Palocci,50,1,35,1.78000000,141.21000000,36,36,0,1,0,1,254.94000000
G2,candidate_scan,Antonio_Palocci,50,1,35,144.42000000,258.59000000,36,36,0,1,0,1,139.21000000
G3,candidate_scan,Antonio_Palocci,50,1,35,139.89000000,13.98000000,4,3,1,0,0,0,286.22000000
G0,candidate_scan,Antonio_Palocci,50,2,43,0.07000000,0.25000000,50,50,0,1,0,0,202037.76000000
G1,candidate_scan,Antonio_Palocci,50,2,43,1.77000000,173.64000000,44,44,0,1,0,1,253.39000000
G2,candidate_scan,Antonio_Palocci,50,2,43,147.05000000,284.70000000,44,44,0,1,0,1,154.55000000
G3,candidate_scan,Antonio_Palocci,50,2,43,148.58000000,15.28000000,4,3,1,0,0,0,261.76000000
G0,candidate_scan,Antonio_Palocci,50,3,36,0.07000000,0.23000000,50,50,0,1,0,0,214213.69000000
G1,candidate_scan,Antonio_Palocci,50,3,36,1.76000000,144.90000000,37,37,0,1,0,1,255.35000000
G2,candidate_scan,Antonio_Palocci,50,3,36,146.44000000,258.29000000,37,37,0,1,0,1,143.25000000
G3,candidate_scan,Antonio_Palocci,50,3,36,147.51000000,14.40000000,4,3,1,0,0,0,277.77000000
G0,candidate_scan,Antonio_Palocci,50,4,39,0.07000000,0.25000000,50,50,0,1,0,0,198218.53000000
G1,candidate_scan,Antonio_Palocci,50,4,39,1.72000000,156.35000000,40,40,0,1,0,1,255.83000000
G2,candidate_scan,Antonio_Palocci,50,4,39,143.65000000,268.25000000,40,40,0,1,0,1,149.12000000
G3,candidate_scan,Antonio_Palocci,50,4,39,142.80000000,14.26000000,4,3,1,0,0,0,280.60000000
G0,candidate_scan,Antonio_Palocci,100,0,57,0.06000000,0.45000000,100,100,0,1,0,0,222509.50000000
G1,candidate_scan,Antonio_Palocci,100,0,57,1.74000000,225.58000000,58,58,0,1,0,1,257.11000000
G2,candidate_scan,Antonio_Palocci,100,0,57,143.32000000,352.16000000,58,58,0,1,0,1,164.70000000
G3,candidate_scan,Antonio_Palocci,100,0,57,145.51000000,14.97000000,4,3,1,0,0,0,267.23000000
G0,candidate_scan,Antonio_Palocci,100,1,24,0.07000000,0.43000000,100,100,0,1,0,0,231473.73000000
G1,candidate_scan,Antonio_Palocci,100,1,24,1.72000000,98.34000000,25,25,0,1,0,1,254.23000000
G2,candidate_scan,Antonio_Palocci,100,1,24,139.91000000,206.86000000,25,25,0,1,0,1,120.86000000
G3,candidate_scan,Antonio_Palocci,100,1,24,142.65000000,14.80000000,4,3,1,0,0,0,270.18000000
G0,candidate_scan,Antonio_Palocci,100,2,3,0.06000000,0.42000000,100,100,0,1,0,0,240223.60000000
G1,candidate_scan,Antonio_Palocci,100,2,3,1.80000000,15.56000000,4,4,0,1,0,1,257.08000000
G2,candidate_scan,Antonio_Palocci,100,2,3,152.42000000,116.87000000,4,4,0,1,0,1,34.23000000
G3,candidate_scan,Antonio_Palocci,100,2,3,143.94000000,15.17000000,4,3,1,0,0,0,263.66000000
G0,candidate_scan,Antonio_Palocci,100,3,26,0.07000000,0.50000000,100,100,0,1,0,0,200205.44000000
G1,candidate_scan,Antonio_Palocci,100,3,26,1.91000000,106.76000000,27,27,0,1,0,1,252.90000000
G2,candidate_scan,Antonio_Palocci,100,3,26,151.45000000,216.73000000,27,27,0,1,0,1,124.58000000
G3,candidate_scan,Antonio_Palocci,100,3,26,146.45000000,14.40000000,4,3,1,0,0,0,277.72000000
G0,candidate_scan,Antonio_Palocci,100,4,16,0.06000000,0.42000000,100,100,0,1,0,0,238719.64000000
G1,candidate_scan,Antonio_Palocci,100,4,16,1.73000000,66.68000000,17,17,0,1,0,1,254.93000000
G2,candidate_scan,Antonio_Palocci,100,4,16,152.08000000,169.18000000,17,17,0,1,0,1,100.48000000
G3,candidate_scan,Antonio_Palocci,100,4,16,145.35000000,14.73000000,4,3,1,0,0,0,271.60000000
G0,candidate_scan,Ari_Fleischer,10,0,2,0.06000000,0.07000000,10,10,0,1,0,0,143640.55000000
G1,candidate_scan,Ari_Fleischer,10,0,2,1.82000000,11.67000000,3,3,0,1,0,1,257.18000000
G2,candidate_scan,Ari_Fleischer,10,0,2,147.03000000,113.15000000,3,3,0,1,0,1,26.51000000
G3,candidate_scan,Ari_Fleischer,10,0,2,148.26000000,111.90000000,3,3,0,1,0,1,26.81000000
G0,candidate_scan,Ari_Fleischer,10,1,2,0.06000000,0.07000000,10,10,0,1,0,0,150874.24000000
G1,candidate_scan,Ari_Fleischer,10,1,2,1.78000000,11.22000000,3,3,0,1,0,1,267.44000000
G2,candidate_scan,Ari_Fleischer,10,1,2,147.00000000,114.75000000,3,3,0,1,0,1,26.14000000
G3,candidate_scan,Ari_Fleischer,10,1,2,140.22000000,112.25000000,3,3,0,1,0,1,26.73000000
G0,candidate_scan,Ari_Fleischer,10,2,1,0.06000000,0.06000000,10,10,0,1,0,0,155922.08000000
G1,candidate_scan,Ari_Fleischer,10,2,1,1.77000000,7.46000000,2,2,0,1,0,1,268.13000000
G2,candidate_scan,Ari_Fleischer,10,2,1,144.32000000,108.94000000,2,2,0,1,0,1,18.36000000
G3,candidate_scan,Ari_Fleischer,10,2,1,144.57000000,110.66000000,2,2,0,1,0,1,18.07000000
G0,candidate_scan,Ari_Fleischer,10,3,2,0.06000000,0.06000000,10,10,0,1,0,0,157090.04000000
G1,candidate_scan,Ari_Fleischer,10,3,2,1.76000000,11.19000000,3,3,0,1,0,1,268.20000000
G2,candidate_scan,Ari_Fleischer,10,3,2,147.20000000,113.64000000,3,3,0,1,0,1,26.40000000
G3,candidate_scan,Ari_Fleischer,10,3,2,147.63000000,111.66000000,3,3,0,1,0,1,26.87000000
G0,candidate_scan,Ari_Fleischer,10,4,4,0.06000000,0.07000000,10,10,0,1,0,0,148734.18000000
G1,candidate_scan,Ari_Fleischer,10,4,4,1.73000000,19.49000000,5,5,0,1,0,1,256.53000000
G2,candidate_scan,Ari_Fleischer,10,4,4,141.40000000,121.62000000,5,5,0,1,0,1,41.11000000
G3,candidate_scan,Ari_Fleischer,10,4,4,152.89000000,14.63000000,4,3,1,0,0,0,273.39000000
G0,candidate_scan,Ari_Fleischer,50,0,35,0.06000000,0.22000000,50,50,0,1,0,0,222391.52000000
G1,candidate_scan,Ari_Fleischer,50,0,35,1.73000000,139.83000000,36,36,0,1,0,1,257.45000000
G2,candidate_scan,Ari_Fleischer,50,0,35,144.60000000,249.85000000,36,36,0,1,0,1,144.09000000
G3,candidate_scan,Ari_Fleischer,50,0,35,143.25000000,14.60000000,4,3,1,0,0,0,274.04000000
G0,candidate_scan,Ari_Fleischer,50,1,12,0.06000000,0.24000000,50,50,0,1,0,0,206412.60000000
G1,candidate_scan,Ari_Fleischer,50,1,12,1.73000000,50.40000000,13,13,0,1,0,1,257.94000000
G2,candidate_scan,Ari_Fleischer,50,1,12,140.13000000,154.44000000,13,13,0,1,0,1,84.18000000
G3,candidate_scan,Ari_Fleischer,50,1,12,144.61000000,14.92000000,4,3,1,0,0,0,268.11000000
G0,candidate_scan,Ari_Fleischer,50,2,31,0.06000000,0.22000000,50,50,0,1,0,0,229196.94000000
G1,candidate_scan,Ari_Fleischer,50,2,31,1.75000000,125.17000000,32,32,0,1,0,1,255.65000000
G2,candidate_scan,Ari_Fleischer,50,2,31,146.47000000,240.14000000,32,32,0,1,0,1,133.25000000
G3,candidate_scan,Ari_Fleischer,50,2,31,144.75000000,14.58000000,4,3,1,0,0,0,274.38000000
G0,candidate_scan,Ari_Fleischer,50,3,26,0.06000000,0.25000000,50,50,0,1,0,0,202037.76000000
G1,candidate_scan,Ari_Fleischer,50,3,26,1.82000000,105.26000000,27,27,0,1,0,1,256.50000000
G2,candidate_scan,Ari_Fleischer,50,3,26,149.10000000,216.23000000,27,27,0,1,0,1,124.87000000
G3,candidate_scan,Ari_Fleischer,50,3,26,140.30000000,14.61000000,4,3,1,0,0,0,273.86000000
G0,candidate_scan,Ari_Fleischer,50,4,30,0.06000000,0.23000000,50,50,0,1,0,0,221920.85000000
G1,candidate_scan,Ari_Fleischer,50,4,30,1.76000000,121.33000000,31,31,0,1,0,1,255.51000000
G2,candidate_scan,Ari_Fleischer,50,4,30,147.40000000,228.84000000,31,31,0,1,0,1,135.47000000
G3,candidate_scan,Ari_Fleischer,50,4,30,140.60000000,14.27000000,4,3,1,0,0,0,280.26000000
G0,candidate_scan,Ari_Fleischer,100,0,92,0.07000000,0.41000000,100,100,0,1,0,0,242165.36000000
G1,candidate_scan,Ari_Fleischer,100,0,92,1.76000000,363.28000000,93,93,0,1,0,1,256.00000000
G2,candidate_scan,Ari_Fleischer,100,0,92,142.58000000,505.00000000,93,93,0,1,0,1,184.16000000
G3,candidate_scan,Ari_Fleischer,100,0,92,142.21000000,14.28000000,4,3,1,0,0,0,280.06000000
G0,candidate_scan,Ari_Fleischer,100,1,87,0.10000000,0.43000000,100,100,0,1,0,0,233665.96000000
G1,candidate_scan,Ari_Fleischer,100,1,87,1.77000000,344.09000000,88,88,0,1,0,1,255.75000000
G2,candidate_scan,Ari_Fleischer,100,1,87,145.30000000,482.60000000,88,88,0,1,0,1,182.35000000
G3,candidate_scan,Ari_Fleischer,100,1,87,145.16000000,14.52000000,4,3,1,0,0,0,275.43000000
G0,candidate_scan,Ari_Fleischer,100,2,11,0.06000000,0.43000000,100,100,0,1,0,0,232887.51000000
G1,candidate_scan,Ari_Fleischer,100,2,11,1.84000000,46.76000000,12,12,0,1,0,1,256.64000000
G2,candidate_scan,Ari_Fleischer,100,2,11,145.71000000,152.04000000,12,12,0,1,0,1,78.93000000
G3,candidate_scan,Ari_Fleischer,100,2,11,145.52000000,14.39000000,4,3,1,0,0,0,278.03000000
G0,candidate_scan,Ari_Fleischer,100,3,82,0.06000000,0.45000000,100,100,0,1,0,0,222627.60000000
G1,candidate_scan,Ari_Fleischer,100,3,82,1.84000000,326.88000000,83,83,0,1,0,1,253.91000000
G2,candidate_scan,Ari_Fleischer,100,3,82,141.15000000,451.69000000,83,83,0,1,0,1,183.75000000
G3,candidate_scan,Ari_Fleischer,100,3,82,141.28000000,14.70000000,4,3,1,0,0,0,272.13000000
G0,candidate_scan,Ari_Fleischer,100,4,94,0.06000000,0.43000000,100,100,0,1,0,0,234580.76000000
G1,candidate_scan,Ari_Fleischer,100,4,94,1.75000000,372.40000000,95,95,0,1,0,1,255.10000000
G2,candidate_scan,Ari_Fleischer,100,4,94,144.41000000,503.77000000,95,95,0,1,0,1,188.58000000
G3,candidate_scan,Ari_Fleischer,100,4,94,151.44000000,14.66000000,4,3,1,0,0,0,272.83000000
G1,direct_sign_bypass,,0,0,-1,0.00000000,0.00000000,0,0,0,0,0,1,0.00000000
