group,algo,op,seconds
hash,sm3,hash,0.00047885
hash,sm3,hash,0.00041590
hash,sm3,hash,0.00041000
hash,sm3,hash,0.00040372
hash,sm3,hash,0.00039691
hash,sm3,hash,0.00038197
hash,sm3,hash,0.00039049
hash,sm3,hash,0.00039019
hash,sm3,hash,0.00038511
hash,sm3,hash,0.00039041
hash,sm3,hash,0.00039785
hash,sm3,hash,0.00040198
hash,sm3,hash,0.00040812
hash,sm3,hash,0.00040705
hash,sm3,hash,0.00041319
hash,sm3,hash,0.00040696
hash,sm3,hash,0.00040454
hash,sm3,hash,0.00040551
hash,sm3,hash,0.00040902
hash,sm3,hash,0.00040588
hash,sm3,hash,0.00040207
hash,sm3,hash,0.00040330
hash,sm3,hash,0.00040914
hash,sm3,hash,0.00040850
hash,sm3,hash,0.00040575
hash,sm3,hash,0.00039867
hash,sm3,hash,0.00039980
hash,sm3,hash,0.00040967
hash,sm3,hash,0.00040756
hash,sm3,hash,0.00041010
hash,sm3,hash,0.00040957
hash,sm3,hash,0.00041120
hash,sm3,hash,0.00040959
hash,sm3,hash,0.00040786
hash,sm3,hash,0.00041080
hash,sm3,hash,0.00040477
hash,sm3,hash,0.00040469
hash,sm3,hash,0.00040429
hash,sm3,hash,0.00040539
hash,sm3,hash,0.00040498
hash,sm3,hash,0.00039979
hash,sm3,hash,0.00040211
hash,sm3,hash,0.00040730
hash,sm3,hash,0.00040756
hash,sm3,hash,0.00041049
hash,sm3,hash,0.00041067
hash,sm3,hash,0.00041226
hash,sm3,hash,0.00040408
hash,sm3,hash,0.00040233
hash,sm3,hash,0.00040386
hash,sm3,hash,0.00040236
hash,sm3,hash,0.00040284
hash,sm3,hash,0.00039475
hash,sm3,hash,0.00040272
hash,sm3,hash,0.00041098
hash,sm3,hash,0.00041067
hash,sm3,hash,0.00041171
hash,sm3,hash,0.00040609
hash,sm3,hash,0.00040963
hash,sm3,hash,0.00040925
hash,sm3,hash,0.00040785
hash,sm3,hash,0.00041004
hash,sm3,hash,0.00041029
hash,sm3,hash,0.00041312
hash,sm3,hash,0.00042294
hash,sm3,hash,0.00041811
hash,sm3,hash,0.00042097
hash,sm3,hash,0.00041320
hash,sm3,hash,0.00041946
hash,sm3,hash,0.00040921
hash,sm3,hash,0.00041063
hash,sm3,hash,0.00041664
hash,sm3,hash,0.00041661
hash,sm3,hash,0.00041835
hash,sm3,hash,0.00041671
hash,sm3,hash,0.00043153
hash,sm3,hash,0.00042366
hash,sm3,hash,0.00043082
hash,sm3,hash,0.00042671
hash,sm3,hash,0.00041115
hash,sm3,hash,0.00041004
hash,sm3,hash,0.00040236
hash,sm3,hash,0.00040081
hash,sm3,hash,0.00040799
hash,sm3,hash,0.00040375
hash,sm3,hash,0.00040728
hash,sm3,hash,0.00042407
hash,sm3,hash,0.00042633
hash,sm3,hash,0.00042338
hash,sm3,hash,0.00043050
hash,sm3,hash,0.00044769
hash,sm3,hash,0.00042053
hash,sm3,hash,0.00042571
hash,sm3,hash,0.00040275
hash,sm3,hash,0.00039981
hash,sm3,hash,0.00041017
hash,sm3,hash,0.00041085
hash,sm3,hash,0.00041598
hash,sm3,hash,0.00041567
hash,sm3,hash,0.00041934
hash,sm3,hash,0.00042279
hash,sm3,hash,0.00041812
hash,sm3,hash,0.00041345
hash,sm3,hash,0.00041997
hash,sm3,hash,0.00041860
hash,sm3,hash,0.00042636
hash,sm3,hash,0.00043290
hash,sm3,hash,0.00043072
hash,sm3,hash,0.00042911
hash,sm3,hash,0.00043555
hash,sm3,hash,0.00043287
hash,sm3,hash,0.00043707
hash,sm3,hash,0.00043155
hash,sm3,hash,0.00043484
hash,sm3,hash,0.00042539
hash,sm3,hash,0.00041964
hash,sm3,hash,0.00042248
hash,sm3,hash,0.00042126
hash,sm3,hash,0.00042555
hash,sm3,hash,0.00042353
hash,sm3,hash,0.00042141
hash,sm3,hash,0.00042229
hash,sm3,hash,0.00042163
hash,sm3,hash,0.00043517
hash,sm3,hash,0.00043665
hash,sm3,hash,0.00043622
hash,sm3,hash,0.00041503
hash,sm3,hash,0.00041248
hash,sm3,hash,0.00041398
hash,sm3,hash,0.00040782
hash,sm3,hash,0.00041057
hash,sm3,hash,0.00040738
hash,sm3,hash,0.00040761
hash,sm3,hash,0.00041157
hash,sm3,hash,0.00041237
hash,sm3,hash,0.00041033
hash,sm3,hash,0.00040313
hash,sm3,hash,0.00040363
hash,sm3,hash,0.00040179
hash,sm3,hash,0.00040085
hash,sm3,hash,0.00039939
hash,sm3,hash,0.00040004
hash,sm3,hash,0.00041258
hash,sm3,hash,0.00041651
hash,sm3,hash,0.00041932
hash,sm3,hash,0.00041749
hash,sm3,hash,0.00041331
hash,sm3,hash,0.00041924
hash,sm3,hash,0.00043314
hash,sm3,hash,0.00043270
hash,sm3,hash,0.00041398
hash,sm3,hash,0.00041899
hash,sm3,hash,0.00042029
hash,sm3,hash,0.00041909
hash,sm3,hash,0.00041970
hash,sm3,hash,0.00041793
hash,sm3,hash,0.00041717
hash,sm3,hash,0.00042484
hash,sm3,hash,0.00042072
hash,sm3,hash,0.00042322
hash,sm3,hash,0.00042556
hash,sm3,hash,0.00042640
hash,sm3,hash,0.00042356
hash,sm3,hash,0.00042340
hash,sm3,hash,0.00043220
hash,sm3,hash,0.00042714
hash,sm3,hash,0.00043806
hash,sm3,hash,0.00043113
hash,sm3,hash,0.00043402
hash,sm3,hash,0.00042288
hash,sm3,hash,0.00042306
hash,sm3,hash,0.00042433
hash,sm3,hash,0.00040520
hash,sm3,hash,0.00041328
hash,sm3,hash,0.00042053
hash,sm3,hash,0.00041895
hash,sm3,hash,0.00040892
hash,sm3,hash,0.00040998
hash,sm3,hash,0.00041365
hash,sm3,hash,0.00041217
hash,sm3,hash,0.00041607
hash,sm3,hash,0.00041131
hash,sm3,hash,0.00040199
hash,sm3,hash,0.00040980
hash,sm3,hash,0.00040438
hash,sm3,hash,0.00040480
hash,sm3,hash,0.00040540
hash,sm3,hash,0.00041353
hash,sm3,hash,0.00041216
hash,sm3,hash,0.00040404
hash,sm3,hash,0.00041686
hash,sm3,hash,0.00040977
hash,sm3,hash,0.00041802
hash,sm3,hash,0.00041076
hash,sm3,hash,0.00040619
hash,sm3,hash,0.00040924
hash,sm3,hash,0.00040810
hash,sm3,hash,0.00040375
hash,sm3,hash,0.00040751
hash,sm3,hash,0.00041716
hash,sha256,hash,0.00001141
hash,sha256,hash,0.00000182
hash,sha256,hash,0.00000068
hash,sha256,hash,0.00000045
hash,sha256,hash,0.00000045
hash,sha256,hash,0.00000052
hash,sha256,hash,0.00000049
hash,sha256,hash,0.00000052
hash,sha256,hash,0.00000047
hash,sha256,hash,0.00000043
hash,sha256,hash,0.00000043
hash,sha256,hash,0.00000045
hash,sha256,hash,0.00000042
hash,sha256,hash,0.00000042
hash,sha256,hash,0.00000042
hash,sha256,hash,0.00000043
hash,sha256,hash,0.00000042
hash,sha256,hash,0.00000046
hash,sha256,hash,0.00000042
hash,sha256,hash,0.00000043
hash,sha256,hash,0.00000042
hash,sha256,hash,0.00000042
hash,sha256,hash,0.00000043
hash,sha256,hash,0.00000042
hash,sha256,hash,0.00000042
hash,sha256,hash,0.00000043
hash,sha256,hash,0.00000042
hash,sha256,hash,0.00000045
hash,sha256,hash,0.00000042
hash,sha256,hash,0.00000045
hash,sha256,hash,0.00000042
hash,sha256,hash,0.00000043
hash,sha256,hash,0.00000042
hash,sha256,hash,0.00000043
hash,sha256,hash,0.00000043
hash,sha256,hash,0.00000042
hash,sha256,hash,0.00000042
hash,sha256,hash,0.00000042
hash,sha256,hash,0.00000042
hash,sha256,hash,0.00000043
hash,sha256,hash,0.00000045
hash,sha256,hash,0.00000043
hash,sha256,hash,0.00000042
hash,sha256,hash,0.00000042
hash,sha256,hash,0.00000042
hash,sha256,hash,0.00000045
hash,sha256,hash,0.00000045
hash,sha256,hash,0.00000045
hash,sha256,hash,0.00000042
hash,sha256,hash,0.00000043
hash,sha256,hash,0.00000043
hash,sha256,hash,0.00000042
hash,sha256,hash,0.00000056
hash,sha256,hash,0.00000048
hash,sha256,hash,0.00000047
hash,sha256,hash,0.00000042
hash,sha256,hash,0.00000042
hash,sha256,hash,0.00000045
hash,sha256,hash,0.00000043
hash,sha256,hash,0.00000044
hash,sha256,hash,0.00000041
hash,sha256,hash,0.00000042
hash,sha256,hash,0.00000041
hash,sha256,hash,0.00000041
hash,sha256,hash,0.00000041
hash,sha256,hash,0.00000042
hash,sha256,hash,0.00000042
hash,sha256,hash,0.00000042
hash,sha256,hash,0.00000041
hash,sha256,hash,0.00000041
hash,sha256,hash,0.00000042
hash,sha256,hash,0.00000041
hash,sha256,hash,0.00000042
hash,sha256,hash,0.00000041
hash,sha256,hash,0.00000044
hash,sha256,hash,0.00000041
hash,sha256,hash,0.00000042
hash,sha256,hash,0.00000045
hash,sha256,hash,0.00000046
hash,sha256,hash,0.00000043
hash,sha256,hash,0.00000045
hash,sha256,hash,0.00000044
hash,sha256,hash,0.00000042
hash,sha256,hash,0.00000041
hash,sha256,hash,0.00000042
hash,sha256,hash,0.00000041
hash,sha256,hash,0.00000042
hash,sha256,hash,0.00000041
hash,sha256,hash,0.00000041
hash,sha256,hash,0.00000045
hash,sha256,hash,0.00000041
hash,sha256,hash,0.00000041
hash,sha256,hash,0.00000041
hash,sha256,hash,0.00000043
hash,sha256,hash,0.00000041
hash,sha256,hash,0.00000041
hash,sha256,hash,0.00000044
hash,sha256,hash,0.00000041
hash,sha256,hash,0.00000041
hash,sha256,hash,0.00000041
hash,sha256,hash,0.00000041
hash,sha256,hash,0.00000044
hash,sha256,hash,0.00000041
hash,sha256,hash,0.00000042
hash,sha256,hash,0.00000041
hash,sha256,hash,0.00000041
hash,sha256,hash,0.00000043
hash,sha256,hash,0.00000041
hash,sha256,hash,0.00000044
hash,sha256,hash,0.00000042
hash,sha256,hash,0.00000045
hash,sha256,hash,0.00000041
hash,sha256,hash,0.00000041
hash,sha256,hash,0.00000041
hash,sha256,hash,0.00000041
hash,sha256,hash,0.00000043
hash,sha256,hash,0.00000041
hash,sha256,hash,0.00000041
hash,sha256,hash,0.00000041
hash,sha256,hash,0.00000041
hash,sha256,hash,0.00000044
hash,sha256,hash,0.00000041
hash,sha256,hash,0.00000041
hash,sha256,hash,0.00000044
hash,sha256,hash,0.00000041
hash,sha256,hash,0.00000041
hash,sha256,hash,0.00000041
hash,sha256,hash,0.00000044
hash,sha256,hash,0.00000041
hash,sha256,hash,0.00000042
hash,sha256,hash,0.00000041
hash,sha256,hash,0.00000041
hash,sha256,hash,0.00000045
hash,sha256,hash,0.00000041
hash,sha256,hash,0.00000047
hash,sha256,hash,0.00000041
hash,sha256,hash,0.00000041
hash,sha256,hash,0.00000041
hash,sha256,hash,0.00000043
hash,sha256,hash,0.00000041
hash,sha256,hash,0.00000042
hash,sha256,hash,0.00000041
hash,sha256,hash,0.00000041
hash,sha256,hash,0.00000044
hash,sha256,hash,0.00000043
hash,sha256,hash,0.00000041
hash,sha256,hash,0.00000041
hash,sha256,hash,0.00000041
hash,sha256,hash,0.00000041
hash,sha256,hash,0.00000044
hash,sha256,hash,0.00000041
hash,sha256,hash,0.00000041
hash,sha256,hash,0.00000041
hash,sha256,hash,0.00000041
hash,sha256,hash,0.00000044
hash,sha256,hash,0.00000041
hash,sha256,hash,0.00000041
hash,sha256,hash,0.00000041
hash,sha256,hash,0.00000047
hash,sha256,hash,0.00000046
hash,sha256,hash,0.00000041
hash,sha256,hash,0.00000041
hash,sha256,hash,0.00000041
hash,sha256,hash,0.00000041
hash,sha256,hash,0.00000045
hash,sha256,hash,0.00000042
hash,sha256,hash,0.00000041
hash,sha256,hash,0.00000042
hash,sha256,hash,0.00000041
hash,sha256,hash,0.00000043
hash,sha256,hash,0.00000041
hash,sha256,hash,0.00000044
hash,sha256,hash,0.00000041
hash,sha256,hash,0.00000042
hash,sha256,hash,0.00000041
hash,sha256,hash,0.00000042
hash,sha256,hash,0.00000042
hash,sha256,hash,0.00000041
hash,sha256,hash,0.00000044
hash,sha256,hash,0.00000042
hash,sha256,hash,0.00000042
hash,sha256,hash,0.00000042
hash,sha256,hash,0.00000041
hash,sha256,hash,0.00000044
hash,sha256,hash,0.00000042
hash,sha256,hash,0.00000041
hash,sha256,hash,0.00000042
hash,sha256,hash,0.00000041
hash,sha256,hash,0.00000045
hash,sha256,hash,0.00000042
hash,sha256,hash,0.00000041
hash,sha256,hash,0.00000042
hash,sha256,hash,0.00000042
hash,sha256,hash,0.00000046
hash,sha256,hash,0.00000045
hash,sha256,hash,0.00000041
hash,sha256,hash,0.00000042
hash,sha256,hash,0.00000041
hash,sha256,hash,0.00000042
hash,sha256,hash,0.00000046
cipher,sm4_cbc,encrypt,0.00065925
cipher,sm4_cbc,encrypt,0.00061700
cipher,sm4_cbc,encrypt,0.00060012
cipher,sm4_cbc,encrypt,0.00060215
cipher,sm4_cbc,encrypt,0.00058599
cipher,sm4_cbc,encrypt,0.00058398
cipher,sm4_cbc,encrypt,0.00058337
cipher,sm4_cbc,encrypt,0.00058495
cipher,sm4_cbc,encrypt,0.00060574
cipher,sm4_cbc,encrypt,0.00059088
cipher,sm4_cbc,encrypt,0.00058005
cipher,sm4_cbc,encrypt,0.00058369
cipher,sm4_cbc,encrypt,0.00057604
cipher,sm4_cbc,encrypt,0.00058590
cipher,sm4_cbc,encrypt,0.00058456
cipher,sm4_cbc,encrypt,0.00057848
cipher,sm4_cbc,encrypt,0.00057676
cipher,sm4_cbc,encrypt,0.00057862
cipher,sm4_cbc,encrypt,0.00057954
cipher,sm4_cbc,encrypt,0.00057779
cipher,sm4_cbc,encrypt,0.00058522
cipher,sm4_cbc,encrypt,0.00058583
cipher,sm4_cbc,encrypt,0.00058613
cipher,sm4_cbc,encrypt,0.00058773
cipher,sm4_cbc,encrypt,0.00059086
cipher,sm4_cbc,encrypt,0.00058055
cipher,sm4_cbc,encrypt,0.00058597
cipher,sm4_cbc,encrypt,0.00058155
cipher,sm4_cbc,encrypt,0.00057988
cipher,sm4_cbc,encrypt,0.00056243
cipher,sm4_cbc,encrypt,0.00059052
cipher,sm4_cbc,encrypt,0.00060095
cipher,sm4_cbc,encrypt,0.00059659
cipher,sm4_cbc,encrypt,0.00059952
cipher,sm4_cbc,encrypt,0.00058785
cipher,sm4_cbc,encrypt,0.00059735
cipher,sm4_cbc,encrypt,0.00059671
cipher,sm4_cbc,encrypt,0.00057743
cipher,sm4_cbc,encrypt,0.00057449
cipher,sm4_cbc,encrypt,0.00058199
cipher,sm4_cbc,encrypt,0.00057722
cipher,sm4_cbc,encrypt,0.00057245
cipher,sm4_cbc,encrypt,0.00057618
cipher,sm4_cbc,encrypt,0.00057870
cipher,sm4_cbc,encrypt,0.00057631
cipher,sm4_cbc,encrypt,0.00057764
cipher,sm4_cbc,encrypt,0.00057208
cipher,sm4_cbc,encrypt,0.00059124
cipher,sm4_cbc,encrypt,0.00059414
cipher,sm4_cbc,encrypt,0.00058742
cipher,sm4_cbc,encrypt,0.00058736
cipher,sm4_cbc,encrypt,0.00057881
cipher,sm4_cbc,encrypt,0.00058707
cipher,sm4_cbc,encrypt,0.00059123
cipher,sm4_cbc,encrypt,0.00057358
cipher,sm4_cbc,encrypt,0.00057932
cipher,sm4_cbc,encrypt,0.00057508
cipher,sm4_cbc,encrypt,0.00058345
cipher,sm4_cbc,encrypt,0.00057308
cipher,sm4_cbc,encrypt,0.00059061
cipher,sm4_cbc,encrypt,0.00059117
cipher,sm4_cbc,encrypt,0.00058598
cipher,sm4_cbc,encrypt,0.00059188
cipher,sm4_cbc,encrypt,0.00058694
cipher,sm4_cbc,encrypt,0.00058595
cipher,sm4_cbc,encrypt,0.00059068
cipher,sm4_cbc,encrypt,0.00059478
cipher,sm4_cbc,encrypt,0.00059337
cipher,sm4_cbc,encrypt,0.00061055
cipher,sm4_cbc,encrypt,0.00058713
cipher,sm4_cbc,encrypt,0.00056257
cipher,sm4_cbc,encrypt,0.00057934
cipher,sm4_cbc,encrypt,0.00058284
cipher,sm4_cbc,encrypt,0.00057200
cipher,sm4_cbc,encrypt,0.00057945
cipher,sm4_cbc,encrypt,0.00057545
cipher,sm4_cbc,encrypt,0.00058383
cipher,sm4_cbc,encrypt,0.00058614
cipher,sm4_cbc,encrypt,0.00058373
cipher,sm4_cbc,encrypt,0.00058304
cipher,sm4_cbc,encrypt,0.00058391
cipher,sm4_cbc,encrypt,0.00058361
cipher,sm4_cbc,encrypt,0.00057875
cipher,sm4_cbc,encrypt,0.00057845
cipher,sm4_cbc,encrypt,0.00059633
cipher,sm4_cbc,encrypt,0.00058814
cipher,sm4_cbc,encrypt,0.00057521
cipher,sm4_cbc,encrypt,0.00058065
cipher,sm4_cbc,encrypt,0.00057773
cipher,sm4_cbc,encrypt,0.00058625
cipher,sm4_cbc,encrypt,0.00058136
cipher,sm4_cbc,encrypt,0.00057658
cipher,sm4_cbc,encrypt,0.00057061
cipher,sm4_cbc,encrypt,0.00058648
cipher,sm4_cbc,encrypt,0.00058276
cipher,sm4_cbc,encrypt,0.00059417
cipher,sm4_cbc,encrypt,0.00058894
cipher,sm4_cbc,encrypt,0.00058154
cipher,sm4_cbc,encrypt,0.00057666
cipher,sm4_cbc,encrypt,0.00059053
cipher,sm4_cbc,encrypt,0.00060404
cipher,sm4_cbc,encrypt,0.00060823
cipher,sm4_cbc,encrypt,0.00058031
cipher,sm4_cbc,encrypt,0.00058830
cipher,sm4_cbc,encrypt,0.00058690
cipher,sm4_cbc,encrypt,0.00058526
cipher,sm4_cbc,encrypt,0.00058617
cipher,sm4_cbc,encrypt,0.00058172
cipher,sm4_cbc,encrypt,0.00058125
cipher,sm4_cbc,encrypt,0.00058512
cipher,sm4_cbc,encrypt,0.00058322
cipher,sm4_cbc,encrypt,0.00057751
cipher,sm4_cbc,encrypt,0.00057628
cipher,sm4_cbc,encrypt,0.00056777
cipher,sm4_cbc,encrypt,0.00057627
cipher,sm4_cbc,encrypt,0.00058069
cipher,sm4_cbc,encrypt,0.00057246
cipher,sm4_cbc,encrypt,0.00057802
cipher,sm4_cbc,encrypt,0.00057243
cipher,sm4_cbc,encrypt,0.00057542
cipher,sm4_cbc,encrypt,0.00058402
cipher,sm4_cbc,encrypt,0.00058898
cipher,sm4_cbc,encrypt,0.00058377
cipher,sm4_cbc,encrypt,0.00057364
cipher,sm4_cbc,encrypt,0.00057318
cipher,sm4_cbc,encrypt,0.00058167
cipher,sm4_cbc,encrypt,0.00057960
cipher,sm4_cbc,encrypt,0.00057113
cipher,sm4_cbc,encrypt,0.00057138
cipher,sm4_cbc,encrypt,0.00058406
cipher,sm4_cbc,encrypt,0.00058217
cipher,sm4_cbc,encrypt,0.00058664
cipher,sm4_cbc,encrypt,0.00058230
cipher,sm4_cbc,encrypt,0.00057880
cipher,sm4_cbc,encrypt,0.00058537
cipher,sm4_cbc,encrypt,0.00058421
cipher,sm4_cbc,encrypt,0.00058537
cipher,sm4_cbc,encrypt,0.00058108
cipher,sm4_cbc,encrypt,0.00059048
cipher,sm4_cbc,encrypt,0.00058839
cipher,sm4_cbc,encrypt,0.00057834
cipher,sm4_cbc,encrypt,0.00058695
cipher,sm4_cbc,encrypt,0.00059583
cipher,sm4_cbc,encrypt,0.00058900
cipher,sm4_cbc,encrypt,0.00057536
cipher,sm4_cbc,encrypt,0.00057794
cipher,sm4_cbc,encrypt,0.00059571
cipher,sm4_cbc,encrypt,0.00058922
cipher,sm4_cbc,encrypt,0.00058160
cipher,sm4_cbc,encrypt,0.00057010
cipher,sm4_cbc,encrypt,0.00057805
cipher,sm4_cbc,encrypt,0.00058306
cipher,sm4_cbc,encrypt,0.00058539
cipher,sm4_cbc,encrypt,0.00058752
cipher,sm4_cbc,encrypt,0.00058331
cipher,sm4_cbc,encrypt,0.00058503
cipher,sm4_cbc,encrypt,0.00058380
cipher,sm4_cbc,encrypt,0.00058212
cipher,sm4_cbc,encrypt,0.00058324
cipher,sm4_cbc,encrypt,0.00058028
cipher,sm4_cbc,encrypt,0.00058504
cipher,sm4_cbc,encrypt,0.00058598
cipher,sm4_cbc,encrypt,0.00058991
cipher,sm4_cbc,encrypt,0.00058286
cipher,sm4_cbc,encrypt,0.00058036
cipher,sm4_cbc,encrypt,0.00059494
cipher,sm4_cbc,encrypt,0.00060180
cipher,sm4_cbc,encrypt,0.00061768
cipher,sm4_cbc,encrypt,0.00060651
cipher,sm4_cbc,encrypt,0.00059718
cipher,sm4_cbc,encrypt,0.00058439
cipher,sm4_cbc,encrypt,0.00057352
cipher,sm4_cbc,encrypt,0.00057578
cipher,sm4_cbc,encrypt,0.00057654
cipher,sm4_cbc,encrypt,0.00057301
cipher,sm4_cbc,encrypt,0.00057641
cipher,sm4_cbc,encrypt,0.00058867
cipher,sm4_cbc,encrypt,0.00057844
cipher,sm4_cbc,encrypt,0.00057127
cipher,sm4_cbc,encrypt,0.00057890
cipher,sm4_cbc,encrypt,0.00057769
cipher,sm4_cbc,encrypt,0.00058236
cipher,sm4_cbc,encrypt,0.00058699
cipher,sm4_cbc,encrypt,0.00058351
cipher,sm4_cbc,encrypt,0.00059264
cipher,sm4_cbc,encrypt,0.00059574
cipher,sm4_cbc,encrypt,0.00058532
cipher,sm4_cbc,encrypt,0.00058772
cipher,sm4_cbc,encrypt,0.00059044
cipher,sm4_cbc,encrypt,0.00058877
cipher,sm4_cbc,encrypt,0.00057890
cipher,sm4_cbc,encrypt,0.00057846
cipher,sm4_cbc,encrypt,0.00057389
cipher,sm4_cbc,encrypt,0.00055643
cipher,sm4_cbc,encrypt,0.00055607
cipher,sm4_cbc,encrypt,0.00056155
cipher,sm4_cbc,encrypt,0.00057214
cipher,sm4_cbc,encrypt,0.00057475
cipher,sm4_cbc,encrypt,0.00058928
cipher,sm4_cbc,encrypt,0.00058027
cipher,sm4_cbc,decrypt,0.00046326
cipher,sm4_cbc,decrypt,0.00044214
cipher,sm4_cbc,decrypt,0.00043420
cipher,sm4_cbc,decrypt,0.00043017
cipher,sm4_cbc,decrypt,0.00043446
cipher,sm4_cbc,decrypt,0.00043405
cipher,sm4_cbc,decrypt,0.00042699
cipher,sm4_cbc,decrypt,0.00043838
cipher,sm4_cbc,decrypt,0.00043053
cipher,sm4_cbc,decrypt,0.00043147
cipher,sm4_cbc,decrypt,0.00043253
cipher,sm4_cbc,decrypt,0.00043139
cipher,sm4_cbc,decrypt,0.00043470
cipher,sm4_cbc,decrypt,0.00042964
cipher,sm4_cbc,decrypt,0.00043127
cipher,sm4_cbc,decrypt,0.00042567
cipher,sm4_cbc,decrypt,0.00042483
cipher,sm4_cbc,decrypt,0.00043575
cipher,sm4_cbc,decrypt,0.00043067
cipher,sm4_cbc,decrypt,0.00043283
cipher,sm4_cbc,decrypt,0.00043211
cipher,sm4_cbc,decrypt,0.00043250
cipher,sm4_cbc,decrypt,0.00043206
cipher,sm4_cbc,decrypt,0.00044375
cipher,sm4_cbc,decrypt,0.00044512
cipher,sm4_cbc,decrypt,0.00043696
cipher,sm4_cbc,decrypt,0.00044076
cipher,sm4_cbc,decrypt,0.00044041
cipher,sm4_cbc,decrypt,0.00046074
cipher,sm4_cbc,decrypt,0.00042964
cipher,sm4_cbc,decrypt,0.00043138
cipher,sm4_cbc,decrypt,0.00042792
cipher,sm4_cbc,decrypt,0.00042851
cipher,sm4_cbc,decrypt,0.00045917
cipher,sm4_cbc,decrypt,0.00044176
cipher,sm4_cbc,decrypt,0.00045340
cipher,sm4_cbc,decrypt,0.00045869
cipher,sm4_cbc,decrypt,0.00043020
cipher,sm4_cbc,decrypt,0.00042404
cipher,sm4_cbc,decrypt,0.00042795
cipher,sm4_cbc,decrypt,0.00043747
cipher,sm4_cbc,decrypt,0.00043233
cipher,sm4_cbc,decrypt,0.00043611
cipher,sm4_cbc,decrypt,0.00044249
cipher,sm4_cbc,decrypt,0.00045371
cipher,sm4_cbc,decrypt,0.00045447
cipher,sm4_cbc,decrypt,0.00045354
cipher,sm4_cbc,decrypt,0.00044475
cipher,sm4_cbc,decrypt,0.00044507
cipher,sm4_cbc,decrypt,0.00044968
cipher,sm4_cbc,decrypt,0.00044373
cipher,sm4_cbc,decrypt,0.00044643
cipher,sm4_cbc,decrypt,0.00044075
cipher,sm4_cbc,decrypt,0.00045444
cipher,sm4_cbc,decrypt,0.00044254
cipher,sm4_cbc,decrypt,0.00043865
cipher,sm4_cbc,decrypt,0.00043699
cipher,sm4_cbc,decrypt,0.00043927
cipher,sm4_cbc,decrypt,0.00043200
cipher,sm4_cbc,decrypt,0.00043451
cipher,sm4_cbc,decrypt,0.00043182
cipher,sm4_cbc,decrypt,0.00043093
cipher,sm4_cbc,decrypt,0.00044746
cipher,sm4_cbc,decrypt,0.00043790
cipher,sm4_cbc,decrypt,0.00043812
cipher,sm4_cbc,decrypt,0.00043130
cipher,sm4_cbc,decrypt,0.00043608
cipher,sm4_cbc,decrypt,0.00043938
cipher,sm4_cbc,decrypt,0.00043306
cipher,sm4_cbc,decrypt,0.00043030
cipher,sm4_cbc,decrypt,0.00042866
cipher,sm4_cbc,decrypt,0.00043001
cipher,sm4_cbc,decrypt,0.00043007
cipher,sm4_cbc,decrypt,0.00042801
cipher,sm4_cbc,decrypt,0.00043628
cipher,sm4_cbc,decrypt,0.00043244
cipher,sm4_cbc,decrypt,0.00043452
cipher,sm4_cbc,decrypt,0.00043490
cipher,sm4_cbc,decrypt,0.00044747
cipher,sm4_cbc,decrypt,0.00044690
cipher,sm4_cbc,decrypt,0.00044984
cipher,sm4_cbc,decrypt,0.00045463
cipher,sm4_cbc,decrypt,0.00045360
cipher,sm4_cbc,decrypt,0.00044714
cipher,sm4_cbc,decrypt,0.00044589
cipher,sm4_cbc,decrypt,0.00044749
cipher,sm4_cbc,decrypt,0.00043886
cipher,sm4_cbc,decrypt,0.00044613
cipher,sm4_cbc,decrypt,0.00044592
cipher,sm4_cbc,decrypt,0.00044611
cipher,sm4_cbc,decrypt,0.00043364
cipher,sm4_cbc,decrypt,0.00043506
cipher,sm4_cbc,decrypt,0.00042677
cipher,sm4_cbc,decrypt,0.00042356
cipher,sm4_cbc,decrypt,0.00042648
cipher,sm4_cbc,decrypt,0.00042536
cipher,sm4_cbc,decrypt,0.00042906
cipher,sm4_cbc,decrypt,0.00042687
cipher,sm4_cbc,decrypt,0.00042885
cipher,sm4_cbc,decrypt,0.00043554
cipher,sm4_cbc,decrypt,0.00043161
cipher,sm4_cbc,decrypt,0.00043483
cipher,sm4_cbc,decrypt,0.00042970
cipher,sm4_cbc,decrypt,0.00043610
cipher,sm4_cbc,decrypt,0.00042900
cipher,sm4_cbc,decrypt,0.00043225
cipher,sm4_cbc,decrypt,0.00043347
cipher,sm4_cbc,decrypt,0.00045711
cipher,sm4_cbc,decrypt,0.00045174
cipher,sm4_cbc,decrypt,0.00043788
cipher,sm4_cbc,decrypt,0.00044265
cipher,sm4_cbc,decrypt,0.00045158
cipher,sm4_cbc,decrypt,0.00045084
cipher,sm4_cbc,decrypt,0.00043607
cipher,sm4_cbc,decrypt,0.00044112
cipher,sm4_cbc,decrypt,0.00043956
cipher,sm4_cbc,decrypt,0.00043524
cipher,sm4_cbc,decrypt,0.00044750
cipher,sm4_cbc,decrypt,0.00044738
cipher,sm4_cbc,decrypt,0.00044431
cipher,sm4_cbc,decrypt,0.00043944
cipher,sm4_cbc,decrypt,0.00045345
cipher,sm4_cbc,decrypt,0.00043629
cipher,sm4_cbc,decrypt,0.00044428
cipher,sm4_cbc,decrypt,0.00044113
cipher,sm4_cbc,decrypt,0.00044951
cipher,sm4_cbc,decrypt,0.00044276
cipher,sm4_cbc,decrypt,0.00044677
cipher,sm4_cbc,decrypt,0.00044132
cipher,sm4_cbc,decrypt,0.00044553
cipher,sm4_cbc,decrypt,0.00044407
cipher,sm4_cbc,decrypt,0.00043952
cipher,sm4_cbc,decrypt,0.00043822
cipher,sm4_cbc,decrypt,0.00044863
cipher,sm4_cbc,decrypt,0.00044567
cipher,sm4_cbc,decrypt,0.00045553
cipher,sm4_cbc,decrypt,0.00044356
cipher,sm4_cbc,decrypt,0.00045718
cipher,sm4_cbc,decrypt,0.00046904
cipher,sm4_cbc,decrypt,0.00046146
cipher,sm4_cbc,decrypt,0.00045302
cipher,sm4_cbc,decrypt,0.00046003
cipher,sm4_cbc,decrypt,0.00046862
cipher,sm4_cbc,decrypt,0.00045525
cipher,sm4_cbc,decrypt,0.00045860
cipher,sm4_cbc,decrypt,0.00044288
cipher,sm4_cbc,decrypt,0.00046507
cipher,sm4_cbc,decrypt,0.00044558
cipher,sm4_cbc,decrypt,0.00045233
cipher,sm4_cbc,decrypt,0.00043903
cipher,sm4_cbc,decrypt,0.00044255
cipher,sm4_cbc,decrypt,0.00043416
cipher,sm4_cbc,decrypt,0.00044088
cipher,sm4_cbc,decrypt,0.00045048
cipher,sm4_cbc,decrypt,0.00044744
cipher,sm4_cbc,decrypt,0.00044636
cipher,sm4_cbc,decrypt,0.00043443
cipher,sm4_cbc,decrypt,0.00044465
cipher,sm4_cbc,decrypt,0.00045367
cipher,sm4_cbc,decrypt,0.00046396
cipher,sm4_cbc,decrypt,0.00045040
cipher,sm4_cbc,decrypt,0.00045909
cipher,sm4_cbc,decrypt,0.00044209
cipher,sm4_cbc,decrypt,0.00044995
cipher,sm4_cbc,decrypt,0.00044902
cipher,sm4_cbc,decrypt,0.00043878
cipher,sm4_cbc,decrypt,0.00045874
cipher,sm4_cbc,decrypt,0.00043760
cipher,sm4_cbc,decrypt,0.00043428
cipher,sm4_cbc,decrypt,0.00043697
cipher,sm4_cbc,decrypt,0.00043914
cipher,sm4_cbc,decrypt,0.00043761
cipher,sm4_cbc,decrypt,0.00043521
cipher,sm4_cbc,decrypt,0.00043026
cipher,sm4_cbc,decrypt,0.00043540
cipher,sm4_cbc,decrypt,0.00043826
cipher,sm4_cbc,decrypt,0.00044003
cipher,sm4_cbc,decrypt,0.00045675
cipher,sm4_cbc,decrypt,0.00044819
cipher,sm4_cbc,decrypt,0.00044508
cipher,sm4_cbc,decrypt,0.00043160
cipher,sm4_cbc,decrypt,0.00043637
cipher,sm4_cbc,decrypt,0.00044767
cipher,sm4_cbc,decrypt,0.00045672
cipher,sm4_cbc,decrypt,0.00046029
cipher,sm4_cbc,decrypt,0.00044862
cipher,sm4_cbc,decrypt,0.00045552
cipher,sm4_cbc,decrypt,0.00045616
cipher,sm4_cbc,decrypt,0.00046226
cipher,sm4_cbc,decrypt,0.00045987
cipher,sm4_cbc,decrypt,0.00045346
cipher,sm4_cbc,decrypt,0.00045973
cipher,sm4_cbc,decrypt,0.00044895
cipher,sm4_cbc,decrypt,0.00045212
cipher,sm4_cbc,decrypt,0.00044391
cipher,sm4_cbc,decrypt,0.00046086
cipher,sm4_cbc,decrypt,0.00046072
cipher,sm4_cbc,decrypt,0.00046622
cipher,sm4_cbc,decrypt,0.00044514
cipher,sm4_cbc,decrypt,0.00044300
cipher,aes256_cbc,encrypt,0.00001812
cipher,aes256_cbc,encrypt,0.00000755
cipher,aes256_cbc,encrypt,0.00000445
cipher,aes256_cbc,encrypt,0.00000386
cipher,aes256_cbc,encrypt,0.00000346
cipher,aes256_cbc,encrypt,0.00000333
cipher,aes256_cbc,encrypt,0.00000318
cipher,aes256_cbc,encrypt,0.00000349
cipher,aes256_cbc,encrypt,0.00000320
cipher,aes256_cbc,encrypt,0.00000351
cipher,aes256_cbc,encrypt,0.00000321
cipher,aes256_cbc,encrypt,0.00000454
cipher,aes256_cbc,encrypt,0.00000332
cipher,aes256_cbc,encrypt,0.00000328
cipher,aes256_cbc,encrypt,0.00000320
cipher,aes256_cbc,encrypt,0.00000308
cipher,aes256_cbc,encrypt,0.00000417
cipher,aes256_cbc,encrypt,0.00000328
cipher,aes256_cbc,encrypt,0.00000327
cipher,aes256_cbc,encrypt,0.00000313
cipher,aes256_cbc,encrypt,0.00000329
cipher,aes256_cbc,encrypt,0.00000339
cipher,aes256_cbc,encrypt,0.00000311
cipher,aes256_cbc,encrypt,0.00000326
cipher,aes256_cbc,encrypt,0.00000309
cipher,aes256_cbc,encrypt,0.00000355
cipher,aes256_cbc,encrypt,0.00000315
cipher,aes256_cbc,encrypt,0.00000319
cipher,aes256_cbc,encrypt,0.00000305
cipher,aes256_cbc,encrypt,0.00000312
cipher,aes256_cbc,encrypt,0.00000300
cipher,aes256_cbc,encrypt,0.00000300
cipher,aes256_cbc,encrypt,0.00000301
cipher,aes256_cbc,encrypt,0.00000333
cipher,aes256_cbc,encrypt,0.00000319
cipher,aes256_cbc,encrypt,0.00000317
cipher,aes256_cbc,encrypt,0.00000316
cipher,aes256_cbc,encrypt,0.00000318
cipher,aes256_cbc,encrypt,0.00000321
cipher,aes256_cbc,encrypt,0.00000322
cipher,aes256_cbc,encrypt,0.00000327
cipher,aes256_cbc,encrypt,0.00000333
cipher,aes256_cbc,encrypt,0.00000318
cipher,aes256_cbc,encrypt,0.00000339
cipher,aes256_cbc,encrypt,0.00000325
cipher,aes256_cbc,encrypt,0.00000317
cipher,aes256_cbc,encrypt,0.00000325
cipher,aes256_cbc,encrypt,0.00000316
cipher,aes256_cbc,encrypt,0.00000319
cipher,aes256_cbc,encrypt,0.00000310
cipher,aes256_cbc,encrypt,0.00000318
cipher,aes256_cbc,encrypt,0.00000328
cipher,aes256_cbc,encrypt,0.00000340
cipher,aes256_cbc,encrypt,0.00000331
cipher,aes256_cbc,encrypt,0.00000321
cipher,aes256_cbc,encrypt,0.00000313
cipher,aes256_cbc,encrypt,0.00000332
cipher,aes256_cbc,encrypt,0.00000331
cipher,aes256_cbc,encrypt,0.00000332
cipher,aes256_cbc,encrypt,0.00000315
cipher,aes256_cbc,encrypt,0.00000320
cipher,aes256_cbc,encrypt,0.00000316
cipher,aes256_cbc,encrypt,0.00000319
cipher,aes256_cbc,encrypt,0.00000320
cipher,aes256_cbc,encrypt,0.00000313
cipher,aes256_cbc,encrypt,0.00000331
cipher,aes256_cbc,encrypt,0.00000318
cipher,aes256_cbc,encrypt,0.00000318
cipher,aes256_cbc,encrypt,0.00000324
cipher,aes256_cbc,encrypt,0.00000858
cipher,aes256_cbc,encrypt,0.00000315
cipher,aes256_cbc,encrypt,0.00000298
cipher,aes256_cbc,encrypt,0.00000306
cipher,aes256_cbc,encrypt,0.00000298
cipher,aes256_cbc,encrypt,0.00000300
cipher,aes256_cbc,encrypt,0.00000299
cipher,aes256_cbc,encrypt,0.00000304
cipher,aes256_cbc,encrypt,0.00000311
cipher,aes256_cbc,encrypt,0.00000291
cipher,aes256_cbc,encrypt,0.00000292
cipher,aes256_cbc,encrypt,0.00000296
cipher,aes256_cbc,encrypt,0.00000298
cipher,aes256_cbc,encrypt,0.00000293
cipher,aes256_cbc,encrypt,0.00000292
cipher,aes256_cbc,encrypt,0.00000296
cipher,aes256_cbc,encrypt,0.00000295
cipher,aes256_cbc,encrypt,0.00000294
cipher,aes256_cbc,encrypt,0.00000314
cipher,aes256_cbc,encrypt,0.00000298
cipher,aes256_cbc,encrypt,0.00000286
cipher,aes256_cbc,encrypt,0.00000293
cipher,aes256_cbc,encrypt,0.00000293
cipher,aes256_cbc,encrypt,0.00000295
cipher,aes256_cbc,encrypt,0.00000291
cipher,aes256_cbc,encrypt,0.00000293
cipher,aes256_cbc,encrypt,0.00000290
cipher,aes256_cbc,encrypt,0.00000292
cipher,aes256_cbc,encrypt,0.00000297
cipher,aes256_cbc,encrypt,0.00000291
cipher,aes256_cbc,encrypt,0.00000291
cipher,aes256_cbc,encrypt,0.00000294
cipher,aes256_cbc,encrypt,0.00000290
cipher,aes256_cbc,encrypt,0.00000290
cipher,aes256_cbc,encrypt,0.00000292
cipher,aes256_cbc,encrypt,0.00000295
cipher,aes256_cbc,encrypt,0.00000294
cipher,aes256_cbc,encrypt,0.00000286
cipher,aes256_cbc,encrypt,0.00000291
cipher,aes256_cbc,encrypt,0.00000294
cipher,aes256_cbc,encrypt,0.00000299
cipher,aes256_cbc,encrypt,0.00000297
cipher,aes256_cbc,encrypt,0.00000292
cipher,aes256_cbc,encrypt,0.00000300
cipher,aes256_cbc,encrypt,0.00000288
cipher,aes256_cbc,encrypt,0.00000290
cipher,aes256_cbc,encrypt,0.00000286
cipher,aes256_cbc,encrypt,0.00000287
cipher,aes256_cbc,encrypt,0.00000294
cipher,aes256_cbc,encrypt,0.00000792
cipher,aes256_cbc,encrypt,0.00000331
cipher,aes256_cbc,encrypt,0.00000305
cipher,aes256_cbc,encrypt,0.00000311
cipher,aes256_cbc,encrypt,0.00000291
cipher,aes256_cbc,encrypt,0.00000296
cipher,aes256_cbc,encrypt,0.00000300
cipher,aes256_cbc,encrypt,0.00000293
cipher,aes256_cbc,encrypt,0.00000289
cipher,aes256_cbc,encrypt,0.00000294
cipher,aes256_cbc,encrypt,0.00000288
cipher,aes256_cbc,encrypt,0.00000294
cipher,aes256_cbc,encrypt,0.00000312
cipher,aes256_cbc,encrypt,0.00000293
cipher,aes256_cbc,encrypt,0.00000301
cipher,aes256_cbc,encrypt,0.00000299
cipher,aes256_cbc,encrypt,0.00000296
cipher,aes256_cbc,encrypt,0.00000305
cipher,aes256_cbc,encrypt,0.00000290
cipher,aes256_cbc,encrypt,0.00000297
cipher,aes256_cbc,encrypt,0.00000294
cipher,aes256_cbc,encrypt,0.00000292
cipher,aes256_cbc,encrypt,0.00000292
cipher,aes256_cbc,encrypt,0.00000284
cipher,aes256_cbc,encrypt,0.00000290
cipher,aes256_cbc,encrypt,0.00000295
cipher,aes256_cbc,encrypt,0.00000284
cipher,aes256_cbc,encrypt,0.00000302
cipher,aes256_cbc,encrypt,0.00000316
cipher,aes256_cbc,encrypt,0.00000312
cipher,aes256_cbc,encrypt,0.00000313
cipher,aes256_cbc,encrypt,0.00000324
cipher,aes256_cbc,encrypt,0.00000316
cipher,aes256_cbc,encrypt,0.00000315
cipher,aes256_cbc,encrypt,0.00000310
cipher,aes256_cbc,encrypt,0.00000310
cipher,aes256_cbc,encrypt,0.00000310
cipher,aes256_cbc,encrypt,0.00000316
cipher,aes256_cbc,encrypt,0.00000315
cipher,aes256_cbc,encrypt,0.00000425
cipher,aes256_cbc,encrypt,0.00000292
cipher,aes256_cbc,encrypt,0.00000289
cipher,aes256_cbc,encrypt,0.00000297
cipher,aes256_cbc,encrypt,0.00000290
cipher,aes256_cbc,encrypt,0.00000298
cipher,aes256_cbc,encrypt,0.00000293
cipher,aes256_cbc,encrypt,0.00000296
cipher,aes256_cbc,encrypt,0.00000289
cipher,aes256_cbc,encrypt,0.00000295
cipher,aes256_cbc,encrypt,0.00000294
cipher,aes256_cbc,encrypt,0.00000299
cipher,aes256_cbc,encrypt,0.00000293
cipher,aes256_cbc,encrypt,0.00000292
cipher,aes256_cbc,encrypt,0.00000288
cipher,aes256_cbc,encrypt,0.00000290
cipher,aes256_cbc,encrypt,0.00000297
cipher,aes256_cbc,encrypt,0.00000290
cipher,aes256_cbc,encrypt,0.00000292
cipher,aes256_cbc,encrypt,0.00000283
cipher,aes256_cbc,encrypt,0.00000285
cipher,aes256_cbc,encrypt,0.00000287
cipher,aes256_cbc,encrypt,0.00000290
cipher,aes256_cbc,encrypt,0.00000301
cipher,aes256_cbc,encrypt,0.00000292
cipher,aes256_cbc,encrypt,0.00000295
cipher,aes256_cbc,encrypt,0.00000292
cipher,aes256_cbc,encrypt,0.00000303
cipher,aes256_cbc,encrypt,0.00000300
cipher,aes256_cbc,encrypt,0.00000287
cipher,aes256_cbc,encrypt,0.00000301
cipher,aes256_cbc,encrypt,0.00000295
cipher,aes256_cbc,encrypt,0.00000289
cipher,aes256_cbc,encrypt,0.00000312
cipher,aes256_cbc,encrypt,0.00000291
cipher,aes256_cbc,encrypt,0.00000292
cipher,aes256_cbc,encrypt,0.00000288
cipher,aes256_cbc,encrypt,0.00000292
cipher,aes256_cbc,encrypt,0.00000291
cipher,aes256_cbc,encrypt,0.00000291
cipher,aes256_cbc,encrypt,0.00000454
cipher,aes256_cbc,encrypt,0.00000301
cipher,aes256_cbc,encrypt,0.00000305
cipher,aes256_cbc,decrypt,0.00000532
cipher,aes256_cbc,decrypt,0.00000406
cipher,aes256_cbc,decrypt,0.00000299
cipher,aes256_cbc,decrypt,0.00000267
cipher,aes256_cbc,decrypt,0.00000267
cipher,aes256_cbc,decrypt,0.00000267
cipher,aes256_cbc,decrypt,0.00000257
cipher,aes256_cbc,decrypt,0.00000255
cipher,aes256_cbc,decrypt,0.00000257
cipher,aes256_cbc,decrypt,0.00000261
cipher,aes256_cbc,decrypt,0.00000257
cipher,aes256_cbc,decrypt,0.00000262
cipher,aes256_cbc,decrypt,0.00000263
cipher,aes256_cbc,decrypt,0.00000258
cipher,aes256_cbc,decrypt,0.00000256
cipher,aes256_cbc,decrypt,0.00000257
cipher,aes256_cbc,decrypt,0.00000258
cipher,aes256_cbc,decrypt,0.00000259
cipher,aes256_cbc,decrypt,0.00000252
cipher,aes256_cbc,decrypt,0.00000248
cipher,aes256_cbc,decrypt,0.00000255
cipher,aes256_cbc,decrypt,0.00000252
cipher,aes256_cbc,decrypt,0.00000253
cipher,aes256_cbc,decrypt,0.00000254
cipher,aes256_cbc,decrypt,0.00000252
cipher,aes256_cbc,decrypt,0.00000252
cipher,aes256_cbc,decrypt,0.00000276
cipher,aes256_cbc,decrypt,0.00000259
cipher,aes256_cbc,decrypt,0.00000253
cipher,aes256_cbc,decrypt,0.00000264
cipher,aes256_cbc,decrypt,0.00000260
cipher,aes256_cbc,decrypt,0.00000345
cipher,aes256_cbc,decrypt,0.00000243
cipher,aes256_cbc,decrypt,0.00000238
cipher,aes256_cbc,decrypt,0.00000244
cipher,aes256_cbc,decrypt,0.00000236
cipher,aes256_cbc,decrypt,0.00000237
cipher,aes256_cbc,decrypt,0.00000241
cipher,aes256_cbc,decrypt,0.00000235
cipher,aes256_cbc,decrypt,0.00000240
cipher,aes256_cbc,decrypt,0.00000233
cipher,aes256_cbc,decrypt,0.00000238
cipher,aes256_cbc,decrypt,0.00000234
cipher,aes256_cbc,decrypt,0.00000233
cipher,aes256_cbc,decrypt,0.00000241
cipher,aes256_cbc,decrypt,0.00000251
cipher,aes256_cbc,decrypt,0.00000242
cipher,aes256_cbc,decrypt,0.00000238
cipher,aes256_cbc,decrypt,0.00000246
cipher,aes256_cbc,decrypt,0.00000239
cipher,aes256_cbc,decrypt,0.00000244
cipher,aes256_cbc,decrypt,0.00000235
cipher,aes256_cbc,decrypt,0.00000243
cipher,aes256_cbc,decrypt,0.00000242
cipher,aes256_cbc,decrypt,0.00000247
cipher,aes256_cbc,decrypt,0.00000234
cipher,aes256_cbc,decrypt,0.00000251
cipher,aes256_cbc,decrypt,0.00000246
cipher,aes256_cbc,decrypt,0.00000238
cipher,aes256_cbc,decrypt,0.00000233
cipher,aes256_cbc,decrypt,0.00000240
cipher,aes256_cbc,decrypt,0.00000239
cipher,aes256_cbc,decrypt,0.00000239
cipher,aes256_cbc,decrypt,0.00000236
cipher,aes256_cbc,decrypt,0.00000248
cipher,aes256_cbc,decrypt,0.00000235
cipher,aes256_cbc,decrypt,0.00000245
cipher,aes256_cbc,decrypt,0.00000242
cipher,aes256_cbc,decrypt,0.00000243
cipher,aes256_cbc,decrypt,0.00000244
cipher,aes256_cbc,decrypt,0.00000232
cipher,aes256_cbc,decrypt,0.00000240
cipher,aes256_cbc,decrypt,0.00000241
cipher,aes256_cbc,decrypt,0.00000237
cipher,aes256_cbc,decrypt,0.00000242
cipher,aes256_cbc,decrypt,0.00000244
cipher,aes256_cbc,decrypt,0.00000239
cipher,aes256_cbc,decrypt,0.00000239
cipher,aes256_cbc,decrypt,0.00000231
cipher,aes256_cbc,decrypt,0.00000234
cipher,aes256_cbc,decrypt,0.00000241
cipher,aes256_cbc,decrypt,0.00000236
cipher,aes256_cbc,decrypt,0.00000235
cipher,aes256_cbc,decrypt,0.00000242
cipher,aes256_cbc,decrypt,0.00000244
cipher,aes256_cbc,decrypt,0.00000252
cipher,aes256_cbc,decrypt,0.00000236
cipher,aes256_cbc,decrypt,0.00000237
cipher,aes256_cbc,decrypt,0.00000233
cipher,aes256_cbc,decrypt,0.00000245
cipher,aes256_cbc,decrypt,0.00000231
cipher,aes256_cbc,decrypt,0.00000234
cipher,aes256_cbc,decrypt,0.00000232
cipher,aes256_cbc,decrypt,0.00000242
cipher,aes256_cbc,decrypt,0.00000240
cipher,aes256_cbc,decrypt,0.00000232
cipher,aes256_cbc,decrypt,0.00000234
cipher,aes256_cbc,decrypt,0.00000234
cipher,aes256_cbc,decrypt,0.00000238
cipher,aes256_cbc,decrypt,0.00000233
cipher,aes256_cbc,decrypt,0.00000233
cipher,aes256_cbc,decrypt,0.00000240
cipher,aes256_cbc,decrypt,0.00000244
cipher,aes256_cbc,decrypt,0.00000239
cipher,aes256_cbc,decrypt,0.00000232
cipher,aes256_cbc,decrypt,0.00000236
cipher,aes256_cbc,decrypt,0.00000235
cipher,aes256_cbc,decrypt,0.00000238
cipher,aes256_cbc,decrypt,0.00000237
cipher,aes256_cbc,decrypt,0.00000246
cipher,aes256_cbc,decrypt,0.00000242
cipher,aes256_cbc,decrypt,0.00000233
cipher,aes256_cbc,decrypt,0.00000250
cipher,aes256_cbc,decrypt,0.00000252
cipher,aes256_cbc,decrypt,0.00000237
cipher,aes256_cbc,decrypt,0.00000236
cipher,aes256_cbc,decrypt,0.00000228
cipher,aes256_cbc,decrypt,0.00000239
cipher,aes256_cbc,decrypt,0.00000241
cipher,aes256_cbc,decrypt,0.00000235
cipher,aes256_cbc,decrypt,0.00000237
cipher,aes256_cbc,decrypt,0.00000240
cipher,aes256_cbc,decrypt,0.00000236
cipher,aes256_cbc,decrypt,0.00000245
cipher,aes256_cbc,decrypt,0.00000236
cipher,aes256_cbc,decrypt,0.00000381
cipher,aes256_cbc,decrypt,0.00000781
cipher,aes256_cbc,decrypt,0.00000250
cipher,aes256_cbc,decrypt,0.00000244
cipher,aes256_cbc,decrypt,0.00000244
cipher,aes256_cbc,decrypt,0.00000251
cipher,aes256_cbc,decrypt,0.00000243
cipher,aes256_cbc,decrypt,0.00000230
cipher,aes256_cbc,decrypt,0.00000263
cipher,aes256_cbc,decrypt,0.00000287
cipher,aes256_cbc,decrypt,0.00000266
cipher,aes256_cbc,decrypt,0.00000266
cipher,aes256_cbc,decrypt,0.00000283
cipher,aes256_cbc,decrypt,0.00000272
cipher,aes256_cbc,decrypt,0.00000269
cipher,aes256_cbc,decrypt,0.00000275
cipher,aes256_cbc,decrypt,0.00000281
cipher,aes256_cbc,decrypt,0.00000271
cipher,aes256_cbc,decrypt,0.00000266
cipher,aes256_cbc,decrypt,0.00000266
cipher,aes256_cbc,decrypt,0.00000275
cipher,aes256_cbc,decrypt,0.00000263
cipher,aes256_cbc,decrypt,0.00000280
cipher,aes256_cbc,decrypt,0.00000281
cipher,aes256_cbc,decrypt,0.00000276
cipher,aes256_cbc,decrypt,0.00000275
cipher,aes256_cbc,decrypt,0.00000267
cipher,aes256_cbc,decrypt,0.00000267
cipher,aes256_cbc,decrypt,0.00000275
cipher,aes256_cbc,decrypt,0.00000280
cipher,aes256_cbc,decrypt,0.00000268
cipher,aes256_cbc,decrypt,0.00000267
cipher,aes256_cbc,decrypt,0.00000262
cipher,aes256_cbc,decrypt,0.00000268
cipher,aes256_cbc,decrypt,0.00000277
cipher,aes256_cbc,decrypt,0.00000260
cipher,aes256_cbc,decrypt,0.00000266
cipher,aes256_cbc,decrypt,0.00000278
cipher,aes256_cbc,decrypt,0.00000267
cipher,aes256_cbc,decrypt,0.00000273
cipher,aes256_cbc,decrypt,0.00000266
cipher,aes256_cbc,decrypt,0.00000264
cipher,aes256_cbc,decrypt,0.00000264
cipher,aes256_cbc,decrypt,0.00000268
cipher,aes256_cbc,decrypt,0.00000265
cipher,aes256_cbc,decrypt,0.00000270
cipher,aes256_cbc,decrypt,0.00000272
cipher,aes256_cbc,decrypt,0.00000265
cipher,aes256_cbc,decrypt,0.00000270
cipher,aes256_cbc,decrypt,0.00000272
cipher,aes256_cbc,decrypt,0.00000270
cipher,aes256_cbc,decrypt,0.00000268
cipher,aes256_cbc,decrypt,0.00000267
cipher,aes256_cbc,decrypt,0.00000271
cipher,aes256_cbc,decrypt,0.00000270
cipher,aes256_cbc,decrypt,0.00000268
cipher,aes256_cbc,decrypt,0.00000271
cipher,aes256_cbc,decrypt,0.00000286
cipher,aes256_cbc,decrypt,0.00000380
cipher,aes256_cbc,decrypt,0.00000248
cipher,aes256_cbc,decrypt,0.00000250
cipher,aes256_cbc,decrypt,0.00000249
cipher,aes256_cbc,decrypt,0.00000256
cipher,aes256_cbc,decrypt,0.00000248
cipher,aes256_cbc,decrypt,0.00000268
cipher,aes256_cbc,decrypt,0.00000256
cipher,aes256_cbc,decrypt,0.00000250
cipher,aes256_cbc,decrypt,0.00000251
cipher,aes256_cbc,decrypt,0.00000252
cipher,aes256_cbc,decrypt,0.00000248
cipher,aes256_cbc,decrypt,0.00000247
cipher,aes256_cbc,decrypt,0.00000251
cipher,aes256_cbc,decrypt,0.00000248
cipher,aes256_cbc,decrypt,0.00000254
cipher,aes256_cbc,decrypt,0.00000255
sign,sm9,sign,0.10849426
sign,sm9,sign,0.10378254
sign,sm9,sign,0.10709198
sign,sm9,sign,0.10751234
sign,sm9,sign,0.10419217
sign,sm9,sign,0.10971643
sign,sm9,sign,0.10583822
sign,sm9,sign,0.11053019
sign,sm9,sign,0.11016397
sign,sm9,sign,0.11004063
sign,sm9,sign,0.10899109
sign,sm9,sign,0.10742422
sign,sm9,sign,0.10771754
sign,sm9,sign,0.10987153
sign,sm9,sign,0.10746428
sign,sm9,sign,0.10644580
sign,sm9,sign,0.10500378
sign,sm9,sign,0.10663130
sign,sm9,sign,0.10607570
sign,sm9,sign,0.10464595
sign,sm9,sign,0.10611493
sign,sm9,sign,0.10585667
sign,sm9,sign,0.10565033
sign,sm9,sign,0.10622877
sign,sm9,sign,0.10440834
sign,sm9,sign,0.11270731
sign,sm9,sign,0.10819791
sign,sm9,sign,0.10693675
sign,sm9,sign,0.10642074
sign,sm9,sign,0.10546098
sign,sm9,sign,0.10468496
sign,sm9,sign,0.10696366
sign,sm9,sign,0.10659736
sign,sm9,sign,0.10502717
sign,sm9,sign,0.10860578
sign,sm9,sign,0.10617980
sign,sm9,sign,0.10614972
sign,sm9,sign,0.10625180
sign,sm9,sign,0.10506924
sign,sm9,sign,0.10472409
sign,sm9,sign,0.10554759
sign,sm9,sign,0.10508073
sign,sm9,sign,0.10687137
sign,sm9,sign,0.10543586
sign,sm9,sign,0.10548299
sign,sm9,sign,0.10537141
sign,sm9,sign,0.10467640
sign,sm9,sign,0.10601756
sign,sm9,sign,0.10567751
sign,sm9,sign,0.10560339
sign,sm9,sign,0.10577470
sign,sm9,sign,0.10722554
sign,sm9,sign,0.10632649
sign,sm9,sign,0.10680679
sign,sm9,sign,0.10818455
sign,sm9,sign,0.10592851
sign,sm9,sign,0.10642402
sign,sm9,sign,0.10759850
sign,sm9,sign,0.10590435
sign,sm9,sign,0.10786975
sign,sm9,sign,0.10760924
sign,sm9,sign,0.10733130
sign,sm9,sign,0.10658961
sign,sm9,sign,0.10544222
sign,sm9,sign,0.10625754
sign,sm9,sign,0.10787932
sign,sm9,sign,0.10692092
sign,sm9,sign,0.10600909
sign,sm9,sign,0.10616096
sign,sm9,sign,0.10501191
sign,sm9,sign,0.10482763
sign,sm9,sign,0.10554269
sign,sm9,sign,0.10449952
sign,sm9,sign,0.10566519
sign,sm9,sign,0.10463992
sign,sm9,sign,0.10366844
sign,sm9,sign,0.10575266
sign,sm9,sign,0.10461553
sign,sm9,sign,0.10557226
sign,sm9,sign,0.10684228
sign,sm9,sign,0.10624153
sign,sm9,sign,0.10807049
sign,sm9,sign,0.10624484
sign,sm9,sign,0.10688221
sign,sm9,sign,0.10600569
sign,sm9,sign,0.10718128
sign,sm9,sign,0.10500629
sign,sm9,sign,0.10474017
sign,sm9,sign,0.10531420
sign,sm9,sign,0.10333571
sign,sm9,sign,0.10395109
sign,sm9,sign,0.10480643
sign,sm9,sign,0.10418767
sign,sm9,sign,0.10385957
sign,sm9,sign,0.10492131
sign,sm9,sign,0.10625226
sign,sm9,sign,0.10583759
sign,sm9,sign,0.10576932
sign,sm9,sign,0.10398465
sign,sm9,sign,0.10183687
sign,sm9,sign,0.10312653
sign,sm9,sign,0.10251012
sign,sm9,sign,0.10498106
sign,sm9,sign,0.10449237
sign,sm9,sign,0.10347997
sign,sm9,sign,0.10297742
sign,sm9,sign,0.10434590
sign,sm9,sign,0.10414924
sign,sm9,sign,0.10399570
sign,sm9,sign,0.10370784
sign,sm9,sign,0.10454653
sign,sm9,sign,0.10380383
sign,sm9,sign,0.10530004
sign,sm9,sign,0.10268842
sign,sm9,sign,0.10480604
sign,sm9,sign,0.10405741
sign,sm9,sign,0.10498211
sign,sm9,sign,0.10389139
sign,sm9,sign,0.10297369
sign,sm9,sign,0.10405765
sign,sm9,sign,0.10407262
sign,sm9,sign,0.10493506
sign,sm9,sign,0.10363793
sign,sm9,sign,0.10145179
sign,sm9,sign,0.10312819
sign,sm9,sign,0.10428606
sign,sm9,sign,0.10411906
sign,sm9,sign,0.10415739
sign,sm9,sign,0.10370274
sign,sm9,sign,0.10351234
sign,sm9,sign,0.10463568
sign,sm9,sign,0.10344134
sign,sm9,sign,0.10255816
sign,sm9,sign,0.10177138
sign,sm9,sign,0.10106058
sign,sm9,sign,0.10355178
sign,sm9,sign,0.10340695
sign,sm9,sign,0.10415198
sign,sm9,sign,0.10514226
sign,sm9,sign,0.10337597
sign,sm9,sign,0.10340146
sign,sm9,sign,0.10293626
sign,sm9,sign,0.10194064
sign,sm9,sign,0.10264359
sign,sm9,sign,0.10238123
sign,sm9,sign,0.10282139
sign,sm9,sign,0.10272014
sign,sm9,sign,0.10403240
sign,sm9,sign,0.10133954
sign,sm9,sign,0.10311197
sign,sm9,sign,0.10242171
sign,sm9,sign,0.10284326
sign,sm9,sign,0.10326313
sign,sm9,sign,0.10312511
sign,sm9,sign,0.10338906
sign,sm9,sign,0.10153350
sign,sm9,sign,0.10325636
sign,sm9,sign,0.10378878
sign,sm9,sign,0.10116426
sign,sm9,sign,0.10347613
sign,sm9,sign,0.10119923
sign,sm9,sign,0.10396142
sign,sm9,sign,0.10273773
sign,sm9,sign,0.10242983
sign,sm9,sign,0.10177218
sign,sm9,sign,0.10327772
sign,sm9,sign,0.10253815
sign,sm9,sign,0.10281300
sign,sm9,sign,0.10354505
sign,sm9,sign,0.10261040
sign,sm9,sign,0.10361876
sign,sm9,sign,0.10383778
sign,sm9,sign,0.10218745
sign,sm9,sign,0.10096205
sign,sm9,sign,0.10270935
sign,sm9,sign,0.10314508
sign,sm9,sign,0.10182044
sign,sm9,sign,0.10271305
sign,sm9,sign,0.10247616
sign,sm9,sign,0.10248974
sign,sm9,sign,0.10309188
sign,sm9,sign,0.10288679
sign,sm9,sign,0.10325159
sign,sm9,sign,0.10267280
sign,sm9,sign,0.10385259
sign,sm9,sign,0.10580795
sign,sm9,sign,0.10223406
sign,sm9,sign,0.10232479
sign,sm9,sign,0.10194635
sign,sm9,sign,0.10393625
sign,sm9,sign,0.10159966
sign,sm9,sign,0.10124209
sign,sm9,sign,0.10234189
sign,sm9,sign,0.10246743
sign,sm9,sign,0.10397595
sign,sm9,sign,0.10183596
sign,sm9,sign,0.10259000
sign,sm9,sign,0.10196508
sign,sm9,sign,0.10139638
sign,sm9,sign,0.10191069
sign,sm9,verify,0.16730591
sign,sm9,verify,0.16734036
sign,sm9,verify,0.16780076
sign,sm9,verify,0.16858271
sign,sm9,verify,0.16736379
sign,sm9,verify,0.16767922
sign,sm9,verify,0.16737177
sign,sm9,verify,0.16773359
sign,sm9,verify,0.16783231
sign,sm9,verify,0.16697672
sign,sm9,verify,0.16771373
sign,sm9,verify,0.16715534
sign,sm9,verify,0.16761541
sign,sm9,verify,0.16657081
sign,sm9,verify,0.16739843
sign,sm9,verify,0.16781144
sign,sm9,verify,0.16801890
sign,sm9,verify,0.16816548
sign,sm9,verify,0.16759829
sign,sm9,verify,0.16665386
sign,sm9,verify,0.16722655
sign,sm9,verify,0.16788338
sign,sm9,verify,0.16861108
sign,sm9,verify,0.16777869
sign,sm9,verify,0.16681910
sign,sm9,verify,0.16781710
sign,sm9,verify,0.16777735
sign,sm9,verify,0.16694891
sign,sm9,verify,0.16671339
sign,sm9,verify,0.16756097
sign,sm9,verify,0.16897760
sign,sm9,verify,0.16697124
sign,sm9,verify,0.16850914
sign,sm9,verify,0.16697533
sign,sm9,verify,0.16864065
sign,sm9,verify,0.16707024
sign,sm9,verify,0.16658371
sign,sm9,verify,0.16693425
sign,sm9,verify,0.16827137
sign,sm9,verify,0.16752461
sign,sm9,verify,0.16729307
sign,sm9,verify,0.16729369
sign,sm9,verify,0.16614955
sign,sm9,verify,0.16798632
sign,sm9,verify,0.16795908
sign,sm9,verify,0.16860711
sign,sm9,verify,0.16729351
sign,sm9,verify,0.16798417
sign,sm9,verify,0.16721972
sign,sm9,verify,0.16736136
sign,sm9,verify,0.16797185
sign,sm9,verify,0.16810632
sign,sm9,verify,0.16873101
sign,sm9,verify,0.16902920
sign,sm9,verify,0.16887935
sign,sm9,verify,0.16973979
sign,sm9,verify,0.16879298
sign,sm9,verify,0.16891865
sign,sm9,verify,0.16777748
sign,sm9,verify,0.16797665
sign,sm9,verify,0.16809835
sign,sm9,verify,0.16733618
sign,sm9,verify,0.16670033
sign,sm9,verify,0.16753970
sign,sm9,verify,0.16887219
sign,sm9,verify,0.16928489
sign,sm9,verify,0.16829085
sign,sm9,verify,0.16972840
sign,sm9,verify,0.16877885
sign,sm9,verify,0.16705835
sign,sm9,verify,0.16670372
sign,sm9,verify,0.16616875
sign,sm9,verify,0.16590943
sign,sm9,verify,0.16593130
sign,sm9,verify,0.16613718
sign,sm9,verify,0.16693192
sign,sm9,verify,0.16641547
sign,sm9,verify,0.16652476
sign,sm9,verify,0.16633352
sign,sm9,verify,0.16642719
sign,sm9,verify,0.16598247
sign,sm9,verify,0.16510540
sign,sm9,verify,0.16533732
sign,sm9,verify,0.16529711
sign,sm9,verify,0.16508017
sign,sm9,verify,0.16512515
sign,sm9,verify,0.16542766
sign,sm9,verify,0.16553673
sign,sm9,verify,0.16533482
sign,sm9,verify,0.16594637
sign,sm9,verify,0.16498860
sign,sm9,verify,0.16552604
sign,sm9,verify,0.16549288
sign,sm9,verify,0.16607286
sign,sm9,verify,0.16538560
sign,sm9,verify,0.16593691
sign,sm9,verify,0.16517455
sign,sm9,verify,0.16537884
sign,sm9,verify,0.16556942
sign,sm9,verify,0.16574746
sign,sm9,verify,0.16572422
sign,sm9,verify,0.16680508
sign,sm9,verify,0.16681513
sign,sm9,verify,0.16684207
sign,sm9,verify,0.16622359
sign,sm9,verify,0.16643066
sign,sm9,verify,0.16629089
sign,sm9,verify,0.16626598
sign,sm9,verify,0.16589630
sign,sm9,verify,0.16665715
sign,sm9,verify,0.16763650
sign,sm9,verify,0.16835948
sign,sm9,verify,0.16728110
sign,sm9,verify,0.16864706
sign,sm9,verify,0.16863289
sign,sm9,verify,0.16540676
sign,sm9,verify,0.16802857
sign,sm9,verify,0.16698392
sign,sm9,verify,0.16491502
sign,sm9,verify,0.16805389
sign,sm9,verify,0.16624814
sign,sm9,verify,0.16534522
sign,sm9,verify,0.16474980
sign,sm9,verify,0.16491709
sign,sm9,verify,0.16481355
sign,sm9,verify,0.16473135
sign,sm9,verify,0.16452267
sign,sm9,verify,0.16472259
sign,sm9,verify,0.16509396
sign,sm9,verify,0.16503450
sign,sm9,verify,0.16385631
sign,sm9,verify,0.16389711
sign,sm9,verify,0.16380954
sign,sm9,verify,0.16535407
sign,sm9,verify,0.16471588
sign,sm9,verify,0.16510410
sign,sm9,verify,0.16440907
sign,sm9,verify,0.16547535
sign,sm9,verify,0.16419723
sign,sm9,verify,0.16434319
sign,sm9,verify,0.16435136
sign,sm9,verify,0.16467240
sign,sm9,verify,0.16506601
sign,sm9,verify,0.16378819
sign,sm9,verify,0.16420647
sign,sm9,verify,0.16212144
sign,sm9,verify,0.16503972
sign,sm9,verify,0.16453028
sign,sm9,verify,0.16405846
sign,sm9,verify,0.16408625
sign,sm9,verify,0.16465275
sign,sm9,verify,0.16434871
sign,sm9,verify,0.16408472
sign,sm9,verify,0.16503714
sign,sm9,verify,0.16440258
sign,sm9,verify,0.16483710
sign,sm9,verify,0.16419067
sign,sm9,verify,0.16505416
sign,sm9,verify,0.16451949
sign,sm9,verify,0.16472262
sign,sm9,verify,0.16423455
sign,sm9,verify,0.16371221
sign,sm9,verify,0.16359213
sign,sm9,verify,0.16327250
sign,sm9,verify,0.16417712
sign,sm9,verify,0.16418599
sign,sm9,verify,0.16364346
sign,sm9,verify,0.16433265
sign,sm9,verify,0.16477477
sign,sm9,verify,0.16461414
sign,sm9,verify,0.16458577
sign,sm9,verify,0.16443639
sign,sm9,verify,0.16406334
sign,sm9,verify,0.16472022
sign,sm9,verify,0.16464935
sign,sm9,verify,0.16472208
sign,sm9,verify,0.16410667
sign,sm9,verify,0.16435306
sign,sm9,verify,0.16372296
sign,sm9,verify,0.16380819
sign,sm9,verify,0.16373813
sign,sm9,verify,0.16418145
sign,sm9,verify,0.16423924
sign,sm9,verify,0.16389580
sign,sm9,verify,0.16343216
sign,sm9,verify,0.16405710
sign,sm9,verify,0.16486859
sign,sm9,verify,0.16339247
sign,sm9,verify,0.16488711
sign,sm9,verify,0.16446261
sign,sm9,verify,0.16567588
sign,sm9,verify,0.16338211
sign,sm9,verify,0.16581036
sign,sm9,verify,0.16313408
sign,sm9,verify,0.16321866
sign,sm9,verify,0.16382243
sign,sm9,verify,0.16283240
sign,sm9,verify,0.16495411
sign,sm9,verify,0.16464082
sign,sm9,verify,0.16374513
sign,rsa2048,sign,0.00044117
sign,rsa2048,sign,0.00040984
sign,rsa2048,sign,0.00040967
sign,rsa2048,sign,0.00040729
sign,rsa2048,sign,0.00040754
sign,rsa2048,sign,0.00041223
sign,rsa2048,sign,0.00040732
sign,rsa2048,sign,0.00041860
sign,rsa2048,sign,0.00041410
sign,rsa2048,sign,0.00040681
sign,rsa2048,sign,0.00040845
sign,rsa2048,sign,0.00040694
sign,rsa2048,sign,0.00040862
sign,rsa2048,sign,0.00040730
sign,rsa2048,sign,0.00040811
sign,rsa2048,sign,0.00040707
sign,rsa2048,sign,0.00040662
sign,rsa2048,sign,0.00041319
sign,rsa2048,sign,0.00042225
sign,rsa2048,sign,0.00042400
sign,rsa2048,sign,0.00041698
sign,rsa2048,sign,0.00041570
sign,rsa2048,sign,0.00041655
sign,rsa2048,sign,0.00041521
sign,rsa2048,sign,0.00041691
sign,rsa2048,sign,0.00041529
sign,rsa2048,sign,0.00041698
sign,rsa2048,sign,0.00043051
sign,rsa2048,sign,0.00041999
sign,rsa2048,sign,0.00041666
sign,rsa2048,sign,0.00041551
sign,rsa2048,sign,0.00060391
sign,rsa2048,sign,0.00041570
sign,rsa2048,sign,0.00043753
sign,rsa2048,sign,0.00042105
sign,rsa2048,sign,0.00043018
sign,rsa2048,sign,0.00041614
sign,rsa2048,sign,0.00042457
sign,rsa2048,sign,0.00041945
sign,rsa2048,sign,0.00042237
sign,rsa2048,sign,0.00042822
sign,rsa2048,sign,0.00041558
sign,rsa2048,sign,0.00043705
sign,rsa2048,sign,0.00041752
sign,rsa2048,sign,0.00044194
sign,rsa2048,sign,0.00043776
sign,rsa2048,sign,0.00044131
sign,rsa2048,sign,0.00043212
sign,rsa2048,sign,0.00041992
sign,rsa2048,sign,0.00043619
sign,rsa2048,sign,0.00042865
sign,rsa2048,sign,0.00043317
sign,rsa2048,sign,0.00041703
sign,rsa2048,sign,0.00041512
sign,rsa2048,sign,0.00041714
sign,rsa2048,sign,0.00041556
sign,rsa2048,sign,0.00044011
sign,rsa2048,sign,0.00042545
sign,rsa2048,sign,0.00041560
sign,rsa2048,sign,0.00041713
sign,rsa2048,sign,0.00041563
sign,rsa2048,sign,0.00041668
sign,rsa2048,sign,0.00041570
sign,rsa2048,sign,0.00060927
sign,rsa2048,sign,0.00041553
sign,rsa2048,sign,0.00041595
sign,rsa2048,sign,0.00042872
sign,rsa2048,sign,0.00041911
sign,rsa2048,sign,0.00041737
sign,rsa2048,sign,0.00041508
sign,rsa2048,sign,0.00041678
sign,rsa2048,sign,0.00041488
sign,rsa2048,sign,0.00041529
sign,rsa2048,sign,0.00041673
sign,rsa2048,sign,0.00041518
sign,rsa2048,sign,0.00042020
sign,rsa2048,sign,0.00042854
sign,rsa2048,sign,0.00041516
sign,rsa2048,sign,0.00042260
sign,rsa2048,sign,0.00041547
sign,rsa2048,sign,0.00041747
sign,rsa2048,sign,0.00041580
sign,rsa2048,sign,0.00041695
sign,rsa2048,sign,0.00041976
sign,rsa2048,sign,0.00044387
sign,rsa2048,sign,0.00041966
sign,rsa2048,sign,0.00042218
sign,rsa2048,sign,0.00043458
sign,rsa2048,sign,0.00041552
sign,rsa2048,sign,0.00041661
sign,rsa2048,sign,0.00041557
sign,rsa2048,sign,0.00041523
sign,rsa2048,sign,0.00041655
sign,rsa2048,sign,0.00041580
sign,rsa2048,sign,0.00041637
sign,rsa2048,sign,0.00060649
sign,rsa2048,sign,0.00043634
sign,rsa2048,sign,0.00043105
sign,rsa2048,sign,0.00041529
sign,rsa2048,sign,0.00041690
sign,rsa2048,sign,0.00041516
sign,rsa2048,sign,0.00041678
sign,rsa2048,sign,0.00041554
sign,rsa2048,sign,0.00041686
sign,rsa2048,sign,0.00041542
sign,rsa2048,sign,0.00041746
sign,rsa2048,sign,0.00042661
sign,rsa2048,sign,0.00041503
sign,rsa2048,sign,0.00042024
sign,rsa2048,sign,0.00041570
sign,rsa2048,sign,0.00041532
sign,rsa2048,sign,0.00041679
sign,rsa2048,sign,0.00043456
sign,rsa2048,sign,0.00043589
sign,rsa2048,sign,0.00044137
sign,rsa2048,sign,0.00043743
sign,rsa2048,sign,0.00041560
sign,rsa2048,sign,0.00041532
sign,rsa2048,sign,0.00043072
sign,rsa2048,sign,0.00041562
sign,rsa2048,sign,0.00041674
sign,rsa2048,sign,0.00041510
sign,rsa2048,sign,0.00041636
sign,rsa2048,sign,0.00041540
sign,rsa2048,sign,0.00041522
sign,rsa2048,sign,0.00042925
sign,rsa2048,sign,0.00042623
sign,rsa2048,sign,0.00061244
sign,rsa2048,sign,0.00043996
sign,rsa2048,sign,0.00042627
sign,rsa2048,sign,0.00041761
sign,rsa2048,sign,0.00043598
sign,rsa2048,sign,0.00042306
sign,rsa2048,sign,0.00042425
sign,rsa2048,sign,0.00042774
sign,rsa2048,sign,0.00042756
sign,rsa2048,sign,0.00042626
sign,rsa2048,sign,0.00042423
sign,rsa2048,sign,0.00042636
sign,rsa2048,sign,0.00042486
sign,rsa2048,sign,0.00044540
sign,rsa2048,sign,0.00043021
sign,rsa2048,sign,0.00043222
sign,rsa2048,sign,0.00044101
sign,rsa2048,sign,0.00044079
sign,rsa2048,sign,0.00043093
sign,rsa2048,sign,0.00042386
sign,rsa2048,sign,0.00042482
sign,rsa2048,sign,0.00042382
sign,rsa2048,sign,0.00043405
sign,rsa2048,sign,0.00041650
sign,rsa2048,sign,0.00042343
sign,rsa2048,sign,0.00042537
sign,rsa2048,sign,0.00042589
sign,rsa2048,sign,0.00044153
sign,rsa2048,sign,0.00042702
sign,rsa2048,sign,0.00041577
sign,rsa2048,sign,0.00041623
sign,rsa2048,sign,0.00042358
sign,rsa2048,sign,0.00061092
sign,rsa2048,sign,0.00041555
sign,rsa2048,sign,0.00041656
sign,rsa2048,sign,0.00042414
sign,rsa2048,sign,0.00042811
sign,rsa2048,sign,0.00043081
sign,rsa2048,sign,0.00042447
sign,rsa2048,sign,0.00042598
sign,rsa2048,sign,0.00043941
sign,rsa2048,sign,0.00042682
sign,rsa2048,sign,0.00042110
sign,rsa2048,sign,0.00043481
sign,rsa2048,sign,0.00042040
sign,rsa2048,sign,0.00042464
sign,rsa2048,sign,0.00043348
sign,rsa2048,sign,0.00042435
sign,rsa2048,sign,0.00042599
sign,rsa2048,sign,0.00042477
sign,rsa2048,sign,0.00042460
sign,rsa2048,sign,0.00042633
sign,rsa2048,sign,0.00044003
sign,rsa2048,sign,0.00042642
sign,rsa2048,sign,0.00043334
sign,rsa2048,sign,0.00043598
sign,rsa2048,sign,0.00042822
sign,rsa2048,sign,0.00042411
sign,rsa2048,sign,0.00042913
sign,rsa2048,sign,0.00043949
sign,rsa2048,sign,0.00042669
sign,rsa2048,sign,0.00042832
sign,rsa2048,sign,0.00042787
sign,rsa2048,sign,0.00042711
sign,rsa2048,sign,0.00062172
sign,rsa2048,sign,0.00042600
sign,rsa2048,sign,0.00042438
sign,rsa2048,sign,0.00042691
sign,rsa2048,sign,0.00042455
sign,rsa2048,sign,0.00042557
sign,rsa2048,sign,0.00042498
sign,rsa2048,sign,0.00042635
sign,rsa2048,sign,0.00042783
sign,rsa2048,verify,0.00003282
sign,rsa2048,verify,0.00002234
sign,rsa2048,verify,0.00002073
sign,rsa2048,verify,0.00001828
sign,rsa2048,verify,0.00001806
sign,rsa2048,verify,0.00001813
sign,rsa2048,verify,0.00001833
sign,rsa2048,verify,0.00001820
sign,rsa2048,verify,0.00001823
sign,rsa2048,verify,0.00001814
sign,rsa2048,verify,0.00001800
sign,rsa2048,verify,0.00001803
sign,rsa2048,verify,0.00001803
sign,rsa2048,verify,0.00001810
sign,rsa2048,verify,0.00001803
sign,rsa2048,verify,0.00001798
sign,rsa2048,verify,0.00001810
sign,rsa2048,verify,0.00001816
sign,rsa2048,verify,0.00001818
sign,rsa2048,verify,0.00001819
sign,rsa2048,verify,0.00001991
sign,rsa2048,verify,0.00001834
sign,rsa2048,verify,0.00001824
sign,rsa2048,verify,0.00001805
sign,rsa2048,verify,0.00001812
sign,rsa2048,verify,0.00001833
sign,rsa2048,verify,0.00001808
sign,rsa2048,verify,0.00001802
sign,rsa2048,verify,0.00001808
sign,rsa2048,verify,0.00001809
sign,rsa2048,verify,0.00001804
sign,rsa2048,verify,0.00001805
sign,rsa2048,verify,0.00001818
sign,rsa2048,verify,0.00001807
sign,rsa2048,verify,0.00001801
sign,rsa2048,verify,0.00001818
sign,rsa2048,verify,0.00001817
sign,rsa2048,verify,0.00001816
sign,rsa2048,verify,0.00001802
sign,rsa2048,verify,0.00001818
sign,rsa2048,verify,0.00001942
sign,rsa2048,verify,0.00001806
sign,rsa2048,verify,0.00001807
sign,rsa2048,verify,0.00001793
sign,rsa2048,verify,0.00001799
sign,rsa2048,verify,0.00001836
sign,rsa2048,verify,0.00001845
sign,rsa2048,verify,0.00001839
sign,rsa2048,verify,0.00001848
sign,rsa2048,verify,0.00001848
sign,rsa2048,verify,0.00001843
sign,rsa2048,verify,0.00001845
sign,rsa2048,verify,0.00001878
sign,rsa2048,verify,0.00001851
sign,rsa2048,verify,0.00001858
sign,rsa2048,verify,0.00001833
sign,rsa2048,verify,0.00001846
sign,rsa2048,verify,0.00001846
sign,rsa2048,verify,0.00001832
sign,rsa2048,verify,0.00001838
sign,rsa2048,verify,0.00001833
sign,rsa2048,verify,0.00002161
sign,rsa2048,verify,0.00001940
sign,rsa2048,verify,0.00001990
sign,rsa2048,verify,0.00001992
sign,rsa2048,verify,0.00001996
sign,rsa2048,verify,0.00001987
sign,rsa2048,verify,0.00002073
sign,rsa2048,verify,0.00001930
sign,rsa2048,verify,0.00001810
sign,rsa2048,verify,0.00001809
sign,rsa2048,verify,0.00001815
sign,rsa2048,verify,0.00001799
sign,rsa2048,verify,0.00001985
sign,rsa2048,verify,0.00001835
sign,rsa2048,verify,0.00001810
sign,rsa2048,verify,0.00001798
sign,rsa2048,verify,0.00001818
sign,rsa2048,verify,0.00001809
sign,rsa2048,verify,0.00001821
sign,rsa2048,verify,0.00001802
sign,rsa2048,verify,0.00001792
sign,rsa2048,verify,0.00001800
sign,rsa2048,verify,0.00001800
sign,rsa2048,verify,0.00001809
sign,rsa2048,verify,0.00001818
sign,rsa2048,verify,0.00001812
sign,rsa2048,verify,0.00001787
sign,rsa2048,verify,0.00001806
sign,rsa2048,verify,0.00001804
sign,rsa2048,verify,0.00001830
sign,rsa2048,verify,0.00001794
sign,rsa2048,verify,0.00001812
sign,rsa2048,verify,0.00001797
sign,rsa2048,verify,0.00001802
sign,rsa2048,verify,0.00001804
sign,rsa2048,verify,0.00001807
sign,rsa2048,verify,0.00001840
sign,rsa2048,verify,0.00001795
sign,rsa2048,verify,0.00001800
sign,rsa2048,verify,0.00001803
sign,rsa2048,verify,0.00001798
sign,rsa2048,verify,0.00001812
sign,rsa2048,verify,0.00001796
sign,rsa2048,verify,0.00001793
sign,rsa2048,verify,0.00001808
sign,rsa2048,verify,0.00001810
sign,rsa2048,verify,0.00001785
sign,rsa2048,verify,0.00001800
sign,rsa2048,verify,0.00001804
sign,rsa2048,verify,0.00001810
sign,rsa2048,verify,0.00001816
sign,rsa2048,verify,0.00001785
sign,rsa2048,verify,0.00001806
sign,rsa2048,verify,0.00001823
sign,rsa2048,verify,0.00001808
sign,rsa2048,verify,0.00001802
sign,rsa2048,verify,0.00001801
sign,rsa2048,verify,0.00001801
sign,rsa2048,verify,0.00001798
sign,rsa2048,verify,0.00001802
sign,rsa2048,verify,0.00001814
sign,rsa2048,verify,0.00001801
sign,rsa2048,verify,0.00001802
sign,rsa2048,verify,0.00001794
sign,rsa2048,verify,0.00001796
sign,rsa2048,verify,0.00001795
sign,rsa2048,verify,0.00001800
sign,rsa2048,verify,0.00001806
sign,rsa2048,verify,0.00001953
sign,rsa2048,verify,0.00001831
sign,rsa2048,verify,0.00001811
sign,rsa2048,verify,0.00001817
sign,rsa2048,verify,0.00001822
sign,rsa2048,verify,0.00001808
sign,rsa2048,verify,0.00001805
sign,rsa2048,verify,0.00001804
sign,rsa2048,verify,0.00001813
sign,rsa2048,verify,0.00001812
sign,rsa2048,verify,0.00001803
sign,rsa2048,verify,0.00001802
sign,rsa2048,verify,0.00001818
sign,rsa2048,verify,0.00001852
sign,rsa2048,verify,0.00001801
sign,rsa2048,verify,0.00001818
sign,rsa2048,verify,0.00001815
sign,rsa2048,verify,0.00001803
sign,rsa2048,verify,0.00001811
sign,rsa2048,verify,0.00001802
sign,rsa2048,verify,0.00001804
sign,rsa2048,verify,0.00001800
sign,rsa2048,verify,0.00001794
sign,rsa2048,verify,0.00001806
sign,rsa2048,verify,0.00001810
sign,rsa2048,verify,0.00001811
sign,rsa2048,verify,0.00001806
sign,rsa2048,verify,0.00001805
sign,rsa2048,verify,0.00001812
sign,rsa2048,verify,0.00001812
sign,rsa2048,verify,0.00001818
sign,rsa2048,verify,0.00001801
sign,rsa2048,verify,0.00001820
sign,rsa2048,verify,0.00001808
sign,rsa2048,verify,0.00001794
sign,rsa2048,verify,0.00001809
sign,rsa2048,verify,0.00001806
sign,rsa2048,verify,0.00001825
sign,rsa2048,verify,0.00001809
sign,rsa2048,verify,0.00001806
sign,rsa2048,verify,0.00001815
sign,rsa2048,verify,0.00001821
sign,rsa2048,verify,0.00001808
sign,rsa2048,verify,0.00001812
sign,rsa2048,verify,0.00001867
sign,rsa2048,verify,0.00001787
sign,rsa2048,verify,0.00001803
sign,rsa2048,verify,0.00001797
sign,rsa2048,verify,0.00001801
sign,rsa2048,verify,0.00001814
sign,rsa2048,verify,0.00001816
sign,rsa2048,verify,0.00001797
sign,rsa2048,verify,0.00001811
sign,rsa2048,verify,0.00001794
sign,rsa2048,verify,0.00001975
sign,rsa2048,verify,0.00001835
sign,rsa2048,verify,0.00001808
sign,rsa2048,verify,0.00001818
sign,rsa2048,verify,0.00001800
sign,rsa2048,verify,0.00001823
sign,rsa2048,verify,0.00001808
sign,rsa2048,verify,0.00001820
sign,rsa2048,verify,0.00001809
sign,rsa2048,verify,0.00001823
sign,rsa2048,verify,0.00001870
sign,rsa2048,verify,0.00001847
sign,rsa2048,verify,0.00001854
sign,rsa2048,verify,0.00001850
sign,rsa2048,verify,0.00001847
sign,rsa2048,verify,0.00001860
sign,rsa2048,verify,0.00001849
sign,ecdsa_p256,sign,0.00002404
sign,ecdsa_p256,sign,0.00002234
sign,ecdsa_p256,sign,0.00002104
sign,ecdsa_p256,sign,0.00002074
sign,ecdsa_p256,sign,0.00002084
sign,ecdsa_p256,sign,0.00002063
sign,ecdsa_p256,sign,0.00002071
sign,ecdsa_p256,sign,0.00002051
sign,ecdsa_p256,sign,0.00001872
sign,ecdsa_p256,sign,0.00001885
sign,ecdsa_p256,sign,0.00001869
sign,ecdsa_p256,sign,0.00001888
sign,ecdsa_p256,sign,0.00001892
sign,ecdsa_p256,sign,0.00001895
sign,ecdsa_p256,sign,0.00001873
sign,ecdsa_p256,sign,0.00001894
sign,ecdsa_p256,sign,0.00001890
sign,ecdsa_p256,sign,0.00001883
sign,ecdsa_p256,sign,0.00001888
sign,ecdsa_p256,sign,0.00001878
sign,ecdsa_p256,sign,0.00001887
sign,ecdsa_p256,sign,0.00001881
sign,ecdsa_p256,sign,0.00001895
sign,ecdsa_p256,sign,0.00001888
sign,ecdsa_p256,sign,0.00001887
sign,ecdsa_p256,sign,0.00001886
sign,ecdsa_p256,sign,0.00001869
sign,ecdsa_p256,sign,0.00001868
sign,ecdsa_p256,sign,0.00001853
sign,ecdsa_p256,sign,0.00002182
sign,ecdsa_p256,sign,0.00001886
sign,ecdsa_p256,sign,0.00001872
sign,ecdsa_p256,sign,0.00001878
sign,ecdsa_p256,sign,0.00001871
sign,ecdsa_p256,sign,0.00001885
sign,ecdsa_p256,sign,0.00001872
sign,ecdsa_p256,sign,0.00001866
sign,ecdsa_p256,sign,0.00001888
sign,ecdsa_p256,sign,0.00001884
sign,ecdsa_p256,sign,0.00001873
sign,ecdsa_p256,sign,0.00001869
sign,ecdsa_p256,sign,0.00001967
sign,ecdsa_p256,sign,0.00001833
sign,ecdsa_p256,sign,0.00001828
sign,ecdsa_p256,sign,0.00001847
sign,ecdsa_p256,sign,0.00001838
sign,ecdsa_p256,sign,0.00001826
sign,ecdsa_p256,sign,0.00001816
sign,ecdsa_p256,sign,0.00001826
sign,ecdsa_p256,sign,0.00001833
sign,ecdsa_p256,sign,0.00001839
sign,ecdsa_p256,sign,0.00001827
sign,ecdsa_p256,sign,0.00001840
sign,ecdsa_p256,sign,0.00001840
sign,ecdsa_p256,sign,0.00001833
sign,ecdsa_p256,sign,0.00001838
sign,ecdsa_p256,sign,0.00001835
sign,ecdsa_p256,sign,0.00001822
sign,ecdsa_p256,sign,0.00001833
sign,ecdsa_p256,sign,0.00001830
sign,ecdsa_p256,sign,0.00001852
sign,ecdsa_p256,sign,0.00001880
sign,ecdsa_p256,sign,0.00001887
sign,ecdsa_p256,sign,0.00001856
sign,ecdsa_p256,sign,0.00001877
sign,ecdsa_p256,sign,0.00001868
sign,ecdsa_p256,sign,0.00001877
sign,ecdsa_p256,sign,0.00001875
sign,ecdsa_p256,sign,0.00001861
sign,ecdsa_p256,sign,0.00001860
sign,ecdsa_p256,sign,0.00001878
sign,ecdsa_p256,sign,0.00001864
sign,ecdsa_p256,sign,0.00001860
sign,ecdsa_p256,sign,0.00001868
sign,ecdsa_p256,sign,0.00001870
sign,ecdsa_p256,sign,0.00001878
sign,ecdsa_p256,sign,0.00001871
sign,ecdsa_p256,sign,0.00001881
sign,ecdsa_p256,sign,0.00001873
sign,ecdsa_p256,sign,0.00001891
sign,ecdsa_p256,sign,0.00001889
sign,ecdsa_p256,sign,0.00001946
sign,ecdsa_p256,sign,0.00002070
sign,ecdsa_p256,sign,0.00001984
sign,ecdsa_p256,sign,0.00001828
sign,ecdsa_p256,sign,0.00001833
sign,ecdsa_p256,sign,0.00001826
sign,ecdsa_p256,sign,0.00001826
sign,ecdsa_p256,sign,0.00001843
sign,ecdsa_p256,sign,0.00001822
sign,ecdsa_p256,sign,0.00001829
sign,ecdsa_p256,sign,0.00001829
sign,ecdsa_p256,sign,0.00001823
sign,ecdsa_p256,sign,0.00001836
sign,ecdsa_p256,sign,0.00001832
sign,ecdsa_p256,sign,0.00001833
sign,ecdsa_p256,sign,0.00001839
sign,ecdsa_p256,sign,0.00001841
sign,ecdsa_p256,sign,0.00001833
sign,ecdsa_p256,sign,0.00001827
sign,ecdsa_p256,sign,0.00001836
sign,ecdsa_p256,sign,0.00001828
sign,ecdsa_p256,sign,0.00001831
sign,ecdsa_p256,sign,0.00001839
sign,ecdsa_p256,sign,0.00001849
sign,ecdsa_p256,sign,0.00001828
sign,ecdsa_p256,sign,0.00001832
sign,ecdsa_p256,sign,0.00001829
sign,ecdsa_p256,sign,0.00002082
sign,ecdsa_p256,sign,0.00001923
sign,ecdsa_p256,sign,0.00001993
sign,ecdsa_p256,sign,0.00002011
sign,ecdsa_p256,sign,0.00002004
sign,ecdsa_p256,sign,0.00002004
sign,ecdsa_p256,sign,0.00002007
sign,ecdsa_p256,sign,0.00001995
sign,ecdsa_p256,sign,0.00001945
sign,ecdsa_p256,sign,0.00001818
sign,ecdsa_p256,sign,0.00001818
sign,ecdsa_p256,sign,0.00001828
sign,ecdsa_p256,sign,0.00001836
sign,ecdsa_p256,sign,0.00001828
sign,ecdsa_p256,sign,0.00001839
sign,ecdsa_p256,sign,0.00001841
sign,ecdsa_p256,sign,0.00001822
sign,ecdsa_p256,sign,0.00001824
sign,ecdsa_p256,sign,0.00001821
sign,ecdsa_p256,sign,0.00001838
sign,ecdsa_p256,sign,0.00001819
sign,ecdsa_p256,sign,0.00001816
sign,ecdsa_p256,sign,0.00001833
sign,ecdsa_p256,sign,0.00001824
sign,ecdsa_p256,sign,0.00001841
sign,ecdsa_p256,sign,0.00001830
sign,ecdsa_p256,sign,0.00001826
sign,ecdsa_p256,sign,0.00001979
sign,ecdsa_p256,sign,0.00001829
sign,ecdsa_p256,sign,0.00001844
sign,ecdsa_p256,sign,0.00001824
sign,ecdsa_p256,sign,0.00001827
sign,ecdsa_p256,sign,0.00001830
sign,ecdsa_p256,sign,0.00001810
sign,ecdsa_p256,sign,0.00001810
sign,ecdsa_p256,sign,0.00001824
sign,ecdsa_p256,sign,0.00001822
sign,ecdsa_p256,sign,0.00001832
sign,ecdsa_p256,sign,0.00001837
sign,ecdsa_p256,sign,0.00001826
sign,ecdsa_p256,sign,0.00001833
sign,ecdsa_p256,sign,0.00001844
sign,ecdsa_p256,sign,0.00001833
sign,ecdsa_p256,sign,0.00001825
sign,ecdsa_p256,sign,0.00001828
sign,ecdsa_p256,sign,0.00001825
sign,ecdsa_p256,sign,0.00001824
sign,ecdsa_p256,sign,0.00001838
sign,ecdsa_p256,sign,0.00001828
sign,ecdsa_p256,sign,0.00001826
sign,ecdsa_p256,sign,0.00001821
sign,ecdsa_p256,sign,0.00001829
sign,ecdsa_p256,sign,0.00001818
sign,ecdsa_p256,sign,0.00001831
sign,ecdsa_p256,sign,0.00001817
sign,ecdsa_p256,sign,0.00001828
sign,ecdsa_p256,sign,0.00001813
sign,ecdsa_p256,sign,0.00001827
sign,ecdsa_p256,sign,0.00001824
sign,ecdsa_p256,sign,0.00001833
sign,ecdsa_p256,sign,0.00001827
sign,ecdsa_p256,sign,0.00001835
sign,ecdsa_p256,sign,0.00001824
sign,ecdsa_p256,sign,0.00001835
sign,ecdsa_p256,sign,0.00001819
sign,ecdsa_p256,sign,0.00001836
sign,ecdsa_p256,sign,0.00001824
sign,ecdsa_p256,sign,0.00001821
sign,ecdsa_p256,sign,0.00001832
sign,ecdsa_p256,sign,0.00001823
sign,ecdsa_p256,sign,0.00001828
sign,ecdsa_p256,sign,0.00001831
sign,ecdsa_p256,sign,0.00001834
sign,ecdsa_p256,sign,0.00001840
sign,ecdsa_p256,sign,0.00001824
sign,ecdsa_p256,sign,0.00001836
sign,ecdsa_p256,sign,0.00001824
sign,ecdsa_p256,sign,0.00001828
sign,ecdsa_p256,sign,0.00001830
sign,ecdsa_p256,sign,0.00001832
sign,ecdsa_p256,sign,0.00001822
sign,ecdsa_p256,sign,0.00001820
sign,ecdsa_p256,sign,0.00001970
sign,ecdsa_p256,sign,0.00001839
sign,ecdsa_p256,sign,0.00001828
sign,ecdsa_p256,sign,0.00001815
sign,ecdsa_p256,sign,0.00001833
sign,ecdsa_p256,sign,0.00001815
sign,ecdsa_p256,sign,0.00001821
sign,ecdsa_p256,sign,0.00001826
sign,ecdsa_p256,sign,0.00001827
sign,ecdsa_p256,sign,0.00001841
sign,ecdsa_p256,verify,0.00006394
sign,ecdsa_p256,verify,0.00005944
sign,ecdsa_p256,verify,0.00005857
sign,ecdsa_p256,verify,0.00005911
sign,ecdsa_p256,verify,0.00005302
sign,ecdsa_p256,verify,0.00005301
sign,ecdsa_p256,verify,0.00005344
sign,ecdsa_p256,verify,0.00005313
sign,ecdsa_p256,verify,0.00005298
sign,ecdsa_p256,verify,0.00005316
sign,ecdsa_p256,verify,0.00005322
sign,ecdsa_p256,verify,0.00005328
sign,ecdsa_p256,verify,0.00005301
sign,ecdsa_p256,verify,0.00005323
sign,ecdsa_p256,verify,0.00005498
sign,ecdsa_p256,verify,0.00005306
sign,ecdsa_p256,verify,0.00005317
sign,ecdsa_p256,verify,0.00005310
sign,ecdsa_p256,verify,0.00005322
sign,ecdsa_p256,verify,0.00005326
sign,ecdsa_p256,verify,0.00005307
sign,ecdsa_p256,verify,0.00005330
sign,ecdsa_p256,verify,0.00005305
sign,ecdsa_p256,verify,0.00005301
sign,ecdsa_p256,verify,0.00005324
sign,ecdsa_p256,verify,0.00005325
sign,ecdsa_p256,verify,0.00005299
sign,ecdsa_p256,verify,0.00005309
sign,ecdsa_p256,verify,0.00005351
sign,ecdsa_p256,verify,0.00005456
sign,ecdsa_p256,verify,0.00005314
sign,ecdsa_p256,verify,0.00005299
sign,ecdsa_p256,verify,0.00005483
sign,ecdsa_p256,verify,0.00007467
sign,ecdsa_p256,verify,0.00005508
sign,ecdsa_p256,verify,0.00005340
sign,ecdsa_p256,verify,0.00005306
sign,ecdsa_p256,verify,0.00005313
sign,ecdsa_p256,verify,0.00005334
sign,ecdsa_p256,verify,0.00005325
sign,ecdsa_p256,verify,0.00005325
sign,ecdsa_p256,verify,0.00005323
sign,ecdsa_p256,verify,0.00005306
sign,ecdsa_p256,verify,0.00005319
sign,ecdsa_p256,verify,0.00005318
sign,ecdsa_p256,verify,0.00005313
sign,ecdsa_p256,verify,0.00005314
sign,ecdsa_p256,verify,0.00005325
sign,ecdsa_p256,verify,0.00005321
sign,ecdsa_p256,verify,0.00005325
sign,ecdsa_p256,verify,0.00005314
sign,ecdsa_p256,verify,0.00005445
sign,ecdsa_p256,verify,0.00005332
sign,ecdsa_p256,verify,0.00005300
sign,ecdsa_p256,verify,0.00005321
sign,ecdsa_p256,verify,0.00005330
sign,ecdsa_p256,verify,0.00005301
sign,ecdsa_p256,verify,0.00005318
sign,ecdsa_p256,verify,0.00005312
sign,ecdsa_p256,verify,0.00005328
sign,ecdsa_p256,verify,0.00005325
sign,ecdsa_p256,verify,0.00005309
sign,ecdsa_p256,verify,0.00005328
sign,ecdsa_p256,verify,0.00005344
sign,ecdsa_p256,verify,0.00005314
sign,ecdsa_p256,verify,0.00005340
sign,ecdsa_p256,verify,0.00005326
sign,ecdsa_p256,verify,0.00005329
sign,ecdsa_p256,verify,0.00005315
sign,ecdsa_p256,verify,0.00005312
sign,ecdsa_p256,verify,0.00005459
sign,ecdsa_p256,verify,0.00005322
sign,ecdsa_p256,verify,0.00005497
sign,ecdsa_p256,verify,0.00005817
sign,ecdsa_p256,verify,0.00005835
sign,ecdsa_p256,verify,0.00005756
sign,ecdsa_p256,verify,0.00005324
sign,ecdsa_p256,verify,0.00005296
sign,ecdsa_p256,verify,0.00005311
sign,ecdsa_p256,verify,0.00005325
sign,ecdsa_p256,verify,0.00005315
sign,ecdsa_p256,verify,0.00005301
sign,ecdsa_p256,verify,0.00005324
sign,ecdsa_p256,verify,0.00005302
sign,ecdsa_p256,verify,0.00005294
sign,ecdsa_p256,verify,0.00005319
sign,ecdsa_p256,verify,0.00005311
sign,ecdsa_p256,verify,0.00005410
sign,ecdsa_p256,verify,0.00005357
sign,ecdsa_p256,verify,0.00005189
sign,ecdsa_p256,verify,0.00005200
sign,ecdsa_p256,verify,0.00005203
sign,ecdsa_p256,verify,0.00005202
sign,ecdsa_p256,verify,0.00005209
sign,ecdsa_p256,verify,0.00005204
sign,ecdsa_p256,verify,0.00005191
sign,ecdsa_p256,verify,0.00005218
sign,ecdsa_p256,verify,0.00005191
sign,ecdsa_p256,verify,0.00005196
sign,ecdsa_p256,verify,0.00005183
sign,ecdsa_p256,verify,0.00005194
sign,ecdsa_p256,verify,0.00005191
sign,ecdsa_p256,verify,0.00005180
sign,ecdsa_p256,verify,0.00005190
sign,ecdsa_p256,verify,0.00005206
sign,ecdsa_p256,verify,0.00005176
sign,ecdsa_p256,verify,0.00005435
sign,ecdsa_p256,verify,0.00005438
sign,ecdsa_p256,verify,0.00005342
sign,ecdsa_p256,verify,0.00005433
sign,ecdsa_p256,verify,0.00005487
sign,ecdsa_p256,verify,0.00005195
sign,ecdsa_p256,verify,0.00005445
sign,ecdsa_p256,verify,0.00005202
sign,ecdsa_p256,verify,0.00005196
sign,ecdsa_p256,verify,0.00005185
sign,ecdsa_p256,verify,0.00005210
sign,ecdsa_p256,verify,0.00005192
sign,ecdsa_p256,verify,0.00005194
sign,ecdsa_p256,verify,0.00005203
sign,ecdsa_p256,verify,0.00005197
sign,ecdsa_p256,verify,0.00005201
sign,ecdsa_p256,verify,0.00005199
sign,ecdsa_p256,verify,0.00005201
sign,ecdsa_p256,verify,0.00005189
sign,ecdsa_p256,verify,0.00005188
sign,ecdsa_p256,verify,0.00005350
sign,ecdsa_p256,verify,0.00005355
sign,ecdsa_p256,verify,0.00005431
sign,ecdsa_p256,verify,0.00005381
sign,ecdsa_p256,verify,0.00005205
sign,ecdsa_p256,verify,0.00005217
sign,ecdsa_p256,verify,0.00005192
sign,ecdsa_p256,verify,0.00005209
sign,ecdsa_p256,verify,0.00005195
sign,ecdsa_p256,verify,0.00005218
sign,ecdsa_p256,verify,0.00005189
sign,ecdsa_p256,verify,0.00005201
sign,ecdsa_p256,verify,0.00005197
sign,ecdsa_p256,verify,0.00005208
sign,ecdsa_p256,verify,0.00005195
sign,ecdsa_p256,verify,0.00005189
sign,ecdsa_p256,verify,0.00005194
sign,ecdsa_p256,verify,0.00005191
sign,ecdsa_p256,verify,0.00005197
sign,ecdsa_p256,verify,0.00005569
sign,ecdsa_p256,verify,0.00005826
sign,ecdsa_p256,verify,0.00005982
sign,ecdsa_p256,verify,0.00005897
sign,ecdsa_p256,verify,0.00005192
sign,ecdsa_p256,verify,0.00005193
sign,ecdsa_p256,verify,0.00005198
sign,ecdsa_p256,verify,0.00005192
sign,ecdsa_p256,verify,0.00005196
sign,ecdsa_p256,verify,0.00005179
sign,ecdsa_p256,verify,0.00005183
sign,ecdsa_p256,verify,0.00005193
sign,ecdsa_p256,verify,0.00005184
sign,ecdsa_p256,verify,0.00005175
sign,ecdsa_p256,verify,0.00005189
sign,ecdsa_p256,verify,0.00005181
sign,ecdsa_p256,verify,0.00005206
sign,ecdsa_p256,verify,0.00005180
sign,ecdsa_p256,verify,0.00005179
sign,ecdsa_p256,verify,0.00005335
sign,ecdsa_p256,verify,0.00005375
sign,ecdsa_p256,verify,0.00005434
sign,ecdsa_p256,verify,0.00005383
sign,ecdsa_p256,verify,0.00005203
sign,ecdsa_p256,verify,0.00005187
sign,ecdsa_p256,verify,0.00005190
sign,ecdsa_p256,verify,0.00005198
sign,ecdsa_p256,verify,0.00005220
sign,ecdsa_p256,verify,0.00005205
sign,ecdsa_p256,verify,0.00005207
sign,ecdsa_p256,verify,0.00005199
sign,ecdsa_p256,verify,0.00005198
sign,ecdsa_p256,verify,0.00005201
sign,ecdsa_p256,verify,0.00005190
sign,ecdsa_p256,verify,0.00005190
sign,ecdsa_p256,verify,0.00005189
sign,ecdsa_p256,verify,0.00005208
sign,ecdsa_p256,verify,0.00005213
sign,ecdsa_p256,verify,0.00005351
sign,ecdsa_p256,verify,0.00005224
sign,ecdsa_p256,verify,0.00005419
sign,ecdsa_p256,verify,0.00005420
sign,ecdsa_p256,verify,0.00005422
sign,ecdsa_p256,verify,0.00005448
sign,ecdsa_p256,verify,0.00005420
sign,ecdsa_p256,verify,0.00005428
sign,ecdsa_p256,verify,0.00005430
sign,ecdsa_p256,verify,0.00005431
sign,ecdsa_p256,verify,0.00005418
sign,ecdsa_p256,verify,0.00005203
sign,ecdsa_p256,verify,0.00005213
sign,ecdsa_p256,verify,0.00005204
sign,ecdsa_p256,verify,0.00005187
sign,ecdsa_p256,verify,0.00005200
sign,ecdsa_p256,verify,0.00005202
sign,sm2,sign,0.00899527
sign,sm2,sign,0.00887640
sign,sm2,sign,0.00880755
sign,sm2,sign,0.00879018
sign,sm2,sign,0.00885908
sign,sm2,sign,0.00865141
sign,sm2,sign,0.00887380
sign,sm2,sign,0.00867479
sign,sm2,sign,0.00871722
sign,sm2,sign,0.00857597
sign,sm2,sign,0.00870983
sign,sm2,sign,0.00870219
sign,sm2,sign,0.00864380
sign,sm2,sign,0.00859658
sign,sm2,sign,0.00875405
sign,sm2,sign,0.00848623
sign,sm2,sign,0.00868820
sign,sm2,sign,0.00851988
sign,sm2,sign,0.00844481
sign,sm2,sign,0.00854918
sign,sm2,sign,0.00867017
sign,sm2,sign,0.00874751
sign,sm2,sign,0.00917903
sign,sm2,sign,0.00871736
sign,sm2,sign,0.00857285
sign,sm2,sign,0.00868718
sign,sm2,sign,0.00874555
sign,sm2,sign,0.00865263
sign,sm2,sign,0.00874749
sign,sm2,sign,0.00876777
sign,sm2,sign,0.00854228
sign,sm2,sign,0.00894596
sign,sm2,sign,0.00897565
sign,sm2,sign,0.00861126
sign,sm2,sign,0.00869053
sign,sm2,sign,0.00860818
sign,sm2,sign,0.00871768
sign,sm2,sign,0.00862749
sign,sm2,sign,0.00850682
sign,sm2,sign,0.00866867
sign,sm2,sign,0.00868334
sign,sm2,sign,0.00889585
sign,sm2,sign,0.00871043
sign,sm2,sign,0.00871494
sign,sm2,sign,0.00870830
sign,sm2,sign,0.00876770
sign,sm2,sign,0.00876850
sign,sm2,sign,0.00876918
sign,sm2,sign,0.00874729
sign,sm2,sign,0.00883536
sign,sm2,sign,0.00862828
sign,sm2,sign,0.00849400
sign,sm2,sign,0.00869923
sign,sm2,sign,0.00848214
sign,sm2,sign,0.00875897
sign,sm2,sign,0.00859048
sign,sm2,sign,0.00861758
sign,sm2,sign,0.00845968
sign,sm2,sign,0.00875293
sign,sm2,sign,0.00880748
sign,sm2,sign,0.00888959
sign,sm2,sign,0.00881972
sign,sm2,sign,0.00885022
sign,sm2,sign,0.00885414
sign,sm2,sign,0.00863549
sign,sm2,sign,0.00895998
sign,sm2,sign,0.00871106
sign,sm2,sign,0.00876195
sign,sm2,sign,0.00868361
sign,sm2,sign,0.00885885
sign,sm2,sign,0.00873236
sign,sm2,sign,0.00862155
sign,sm2,sign,0.00828581
sign,sm2,sign,0.00874629
sign,sm2,sign,0.00892802
sign,sm2,sign,0.00853395
sign,sm2,sign,0.00848710
sign,sm2,sign,0.00859002
sign,sm2,sign,0.00840633
sign,sm2,sign,0.00863020
sign,sm2,sign,0.00876555
sign,sm2,sign,0.00846981
sign,sm2,sign,0.00850849
sign,sm2,sign,0.00859167
sign,sm2,sign,0.00878798
sign,sm2,sign,0.00880271
sign,sm2,sign,0.00854573
sign,sm2,sign,0.00843413
sign,sm2,sign,0.00861685
sign,sm2,sign,0.00865642
sign,sm2,sign,0.00869222
sign,sm2,sign,0.00837459
sign,sm2,sign,0.00850871
sign,sm2,sign,0.00868345
sign,sm2,sign,0.00854285
sign,sm2,sign,0.00886567
sign,sm2,sign,0.00851351
sign,sm2,sign,0.00864028
sign,sm2,sign,0.00897147
sign,sm2,sign,0.00827330
sign,sm2,sign,0.00887227
sign,sm2,sign,0.00876589
sign,sm2,sign,0.00882959
sign,sm2,sign,0.00870997
sign,sm2,sign,0.00872061
sign,sm2,sign,0.00848250
sign,sm2,sign,0.00852509
sign,sm2,sign,0.00869116
sign,sm2,sign,0.00874451
sign,sm2,sign,0.00874263
sign,sm2,sign,0.00875755
sign,sm2,sign,0.00880096
sign,sm2,sign,0.00875023
sign,sm2,sign,0.00858299
sign,sm2,sign,0.00852475
sign,sm2,sign,0.00889725
sign,sm2,sign,0.00872386
sign,sm2,sign,0.00870969
sign,sm2,sign,0.00889690
sign,sm2,sign,0.00841714
sign,sm2,sign,0.00859986
sign,sm2,sign,0.00894034
sign,sm2,sign,0.00835024
sign,sm2,sign,0.00851344
sign,sm2,sign,0.00864925
sign,sm2,sign,0.00855466
sign,sm2,sign,0.00854636
sign,sm2,sign,0.00855074
sign,sm2,sign,0.00862386
sign,sm2,sign,0.00858641
sign,sm2,sign,0.00824900
sign,sm2,sign,0.00865403
sign,sm2,sign,0.00896466
sign,sm2,sign,0.00868466
sign,sm2,sign,0.00860223
sign,sm2,sign,0.00848831
sign,sm2,sign,0.00891450
sign,sm2,sign,0.00868063
sign,sm2,sign,0.00859604
sign,sm2,sign,0.00893695
sign,sm2,sign,0.00903488
sign,sm2,sign,0.00861995
sign,sm2,sign,0.00853711
sign,sm2,sign,0.00881411
sign,sm2,sign,0.00875892
sign,sm2,sign,0.00848830
sign,sm2,sign,0.00890714
sign,sm2,sign,0.00862426
sign,sm2,sign,0.00889812
sign,sm2,sign,0.00884785
sign,sm2,sign,0.00867982
sign,sm2,sign,0.00863511
sign,sm2,sign,0.00893334
sign,sm2,sign,0.00855709
sign,sm2,sign,0.00861918
sign,sm2,sign,0.00860952
sign,sm2,sign,0.00861045
sign,sm2,sign,0.00844050
sign,sm2,sign,0.00882845
sign,sm2,sign,0.00829939
sign,sm2,sign,0.00889536
sign,sm2,sign,0.00879280
sign,sm2,sign,0.00880039
sign,sm2,sign,0.00878193
sign,sm2,sign,0.00871312
sign,sm2,sign,0.00877070
sign,sm2,sign,0.00881627
sign,sm2,sign,0.00847506
sign,sm2,sign,0.00855257
sign,sm2,sign,0.00870689
sign,sm2,sign,0.00878740
sign,sm2,sign,0.00847275
sign,sm2,sign,0.00860391
sign,sm2,sign,0.00871741
sign,sm2,sign,0.00872567
sign,sm2,sign,0.00886698
sign,sm2,sign,0.00864239
sign,sm2,sign,0.00864331
sign,sm2,sign,0.00861504
sign,sm2,sign,0.00881512
sign,sm2,sign,0.00863208
sign,sm2,sign,0.00867259
sign,sm2,sign,0.00891237
sign,sm2,sign,0.00862617
sign,sm2,sign,0.00865115
sign,sm2,sign,0.00859543
sign,sm2,sign,0.00920354
sign,sm2,sign,0.00906504
sign,sm2,sign,0.00893458
sign,sm2,sign,0.00854805
sign,sm2,sign,0.00889345
sign,sm2,sign,0.00880408
sign,sm2,sign,0.00876532
sign,sm2,sign,0.00859307
sign,sm2,sign,0.00848197
sign,sm2,sign,0.00897658
sign,sm2,sign,0.00866942
sign,sm2,sign,0.00848796
sign,sm2,sign,0.00883590
sign,sm2,sign,0.00858486
sign,sm2,verify,0.01684619
sign,sm2,verify,0.01677720
sign,sm2,verify,0.01692976
sign,sm2,verify,0.01685282
sign,sm2,verify,0.01691878
sign,sm2,verify,0.01688529
sign,sm2,verify,0.01684161
sign,sm2,verify,0.01691431
sign,sm2,verify,0.01683304
sign,sm2,verify,0.01693907
sign,sm2,verify,0.01686342
sign,sm2,verify,0.01692826
sign,sm2,verify,0.01684132
sign,sm2,verify,0.01685131
sign,sm2,verify,0.01696025
sign,sm2,verify,0.01686923
sign,sm2,verify,0.01704764
sign,sm2,verify,0.01687395
sign,sm2,verify,0.01691943
sign,sm2,verify,0.01742149
sign,sm2,verify,0.01689824
sign,sm2,verify,0.01688317
sign,sm2,verify,0.01685360
sign,sm2,verify,0.01704014
sign,sm2,verify,0.01700793
sign,sm2,verify,0.01705325
sign,sm2,verify,0.01698877
sign,sm2,verify,0.01693640
sign,sm2,verify,0.01691122
sign,sm2,verify,0.01690094
sign,sm2,verify,0.01682664
sign,sm2,verify,0.01693404
sign,sm2,verify,0.01692090
sign,sm2,verify,0.01697691
sign,sm2,verify,0.01701897
sign,sm2,verify,0.01681589
sign,sm2,verify,0.01681632
sign,sm2,verify,0.01694902
sign,sm2,verify,0.01696343
sign,sm2,verify,0.01694540
sign,sm2,verify,0.01688516
sign,sm2,verify,0.01680045
sign,sm2,verify,0.01700098
sign,sm2,verify,0.01675906
sign,sm2,verify,0.01690240
sign,sm2,verify,0.01698199
sign,sm2,verify,0.01705693
sign,sm2,verify,0.01678061
sign,sm2,verify,0.01690682
sign,sm2,verify,0.01679860
sign,sm2,verify,0.01683132
sign,sm2,verify,0.01672458
sign,sm2,verify,0.01688450
sign,sm2,verify,0.01693742
sign,sm2,verify,0.01700544
sign,sm2,verify,0.01694445
sign,sm2,verify,0.01692456
sign,sm2,verify,0.01700935
sign,sm2,verify,0.01691232
sign,sm2,verify,0.01685760
sign,sm2,verify,0.01669911
sign,sm2,verify,0.01684758
sign,sm2,verify,0.01698172
sign,sm2,verify,0.01684564
sign,sm2,verify,0.01694630
sign,sm2,verify,0.01678603
sign,sm2,verify,0.01685037
sign,sm2,verify,0.01692628
sign,sm2,verify,0.01690722
sign,sm2,verify,0.01696208
sign,sm2,verify,0.01691747
sign,sm2,verify,0.01681468
sign,sm2,verify,0.01686325
sign,sm2,verify,0.01694830
sign,sm2,verify,0.01691847
sign,sm2,verify,0.01707635
sign,sm2,verify,0.01685945
sign,sm2,verify,0.01696440
sign,sm2,verify,0.01686450
sign,sm2,verify,0.01677391
sign,sm2,verify,0.01694421
sign,sm2,verify,0.01696757
sign,sm2,verify,0.01691902
sign,sm2,verify,0.01696885
sign,sm2,verify,0.01685785
sign,sm2,verify,0.01681249
sign,sm2,verify,0.01677280
sign,sm2,verify,0.01693229
sign,sm2,verify,0.01680478
sign,sm2,verify,0.01681026
sign,sm2,verify,0.01682377
sign,sm2,verify,0.01674277
sign,sm2,verify,0.01693716
sign,sm2,verify,0.01685136
sign,sm2,verify,0.01701607
sign,sm2,verify,0.01705515
sign,sm2,verify,0.01687484
sign,sm2,verify,0.01678588
sign,sm2,verify,0.01686474
sign,sm2,verify,0.01693859
sign,sm2,verify,0.01678138
sign,sm2,verify,0.01693936
sign,sm2,verify,0.01690549
sign,sm2,verify,0.01679518
sign,sm2,verify,0.01677549
sign,sm2,verify,0.01690134
sign,sm2,verify,0.01677571
sign,sm2,verify,0.01677756
sign,sm2,verify,0.01686673
sign,sm2,verify,0.01679260
sign,sm2,verify,0.01686651
sign,sm2,verify,0.01683564
sign,sm2,verify,0.01673630
sign,sm2,verify,0.01675783
sign,sm2,verify,0.01683612
sign,sm2,verify,0.01681419
sign,sm2,verify,0.01683928
sign,sm2,verify,0.01684673
sign,sm2,verify,0.01670677
sign,sm2,verify,0.01694086
sign,sm2,verify,0.01738389
sign,sm2,verify,0.01717062
sign,sm2,verify,0.01685460
sign,sm2,verify,0.01687836
sign,sm2,verify,0.01683604
sign,sm2,verify,0.01683843
sign,sm2,verify,0.01678538
sign,sm2,verify,0.01678308
sign,sm2,verify,0.01685288
sign,sm2,verify,0.01678350
sign,sm2,verify,0.01678791
sign,sm2,verify,0.01675776
sign,sm2,verify,0.01684597
sign,sm2,verify,0.01692000
sign,sm2,verify,0.01683234
sign,sm2,verify,0.01696365
sign,sm2,verify,0.01682047
sign,sm2,verify,0.01685594
sign,sm2,verify,0.01671276
sign,sm2,verify,0.01677282
sign,sm2,verify,0.01683533
sign,sm2,verify,0.01680817
sign,sm2,verify,0.01675096
sign,sm2,verify,0.01705011
sign,sm2,verify,0.01676043
sign,sm2,verify,0.01681869
sign,sm2,verify,0.01678094
sign,sm2,verify,0.01679216
sign,sm2,verify,0.01679235
sign,sm2,verify,0.01679917
sign,sm2,verify,0.01674272
sign,sm2,verify,0.01679375
sign,sm2,verify,0.01682751
sign,sm2,verify,0.01685184
sign,sm2,verify,0.01680142
sign,sm2,verify,0.01687385
sign,sm2,verify,0.01697751
sign,sm2,verify,0.01685353
sign,sm2,verify,0.01691489
sign,sm2,verify,0.01686543
sign,sm2,verify,0.01688034
sign,sm2,verify,0.01684818
sign,sm2,verify,0.01688306
sign,sm2,verify,0.01693287
sign,sm2,verify,0.01704812
sign,sm2,verify,0.01694887
sign,sm2,verify,0.01681490
sign,sm2,verify,0.01685932
sign,sm2,verify,0.01691592
sign,sm2,verify,0.01682496
sign,sm2,verify,0.01691185
sign,sm2,verify,0.01689570
sign,sm2,verify,0.01683859
sign,sm2,verify,0.01689122
sign,sm2,verify,0.01686544
sign,sm2,verify,0.01697162
sign,sm2,verify,0.01688732
sign,sm2,verify,0.01690573
sign,sm2,verify,0.01690208
sign,sm2,verify,0.01711918
sign,sm2,verify,0.01712023
sign,sm2,verify,0.01715087
sign,sm2,verify,0.01704160
sign,sm2,verify,0.01687016
sign,sm2,verify,0.01688412
sign,sm2,verify,0.01680025
sign,sm2,verify,0.01681739
sign,sm2,verify,0.01691815
sign,sm2,verify,0.01692804
sign,sm2,verify,0.01702819
sign,sm2,verify,0.01700494
sign,sm2,verify,0.01693524
sign,sm2,verify,0.01693295
sign,sm2,verify,0.01699198
sign,sm2,verify,0.01716339
sign,sm2,verify,0.01689605
sign,sm2,verify,0.01695542
sign,sm2,verify,0.01686706
sign,sm2,verify,0.01690631
sign,sm2,verify,0.01689794
key_exchange,sm9,initiator,0.03660270
key_exchange,sm9,initiator,0.01607378
key_exchange,sm9,initiator,0.01644063
key_exchange,sm9,initiator,0.01584927
key_exchange,sm9,initiator,0.01603464
key_exchange,sm9,initiator,0.01595153
key_exchange,sm9,initiator,0.01566023
key_exchange,sm9,initiator,0.01554460
key_exchange,sm9,initiator,0.01589353
key_exchange,sm9,initiator,0.01627894
key_exchange,sm9,initiator,0.01589623
key_exchange,sm9,initiator,0.01580532
key_exchange,sm9,initiator,0.01560354
key_exchange,sm9,initiator,0.01578561
key_exchange,sm9,initiator,0.01611391
key_exchange,sm9,initiator,0.01584959
key_exchange,sm9,initiator,0.01595070
key_exchange,sm9,initiator,0.01610406
key_exchange,sm9,initiator,0.01602055
key_exchange,sm9,initiator,0.01568144
key_exchange,sm9,initiator,0.01611739
key_exchange,sm9,initiator,0.01601095
key_exchange,sm9,initiator,0.01568411
key_exchange,sm9,initiator,0.01621735
key_exchange,sm9,initiator,0.01601554
key_exchange,sm9,initiator,0.01656030
key_exchange,sm9,initiator,0.01587420
key_exchange,sm9,initiator,0.01591954
key_exchange,sm9,initiator,0.01559978
key_exchange,sm9,initiator,0.01582234
key_exchange,sm9,initiator,0.01597249
key_exchange,sm9,initiator,0.01583011
key_exchange,sm9,initiator,0.01612843
key_exchange,sm9,initiator,0.01596654
key_exchange,sm9,initiator,0.01608801
key_exchange,sm9,initiator,0.01562945
key_exchange,sm9,initiator,0.01556523
key_exchange,sm9,initiator,0.01560952
key_exchange,sm9,initiator,0.01597364
key_exchange,sm9,initiator,0.01571911
key_exchange,sm9,initiator,0.01587572
key_exchange,sm9,initiator,0.01626844
key_exchange,sm9,initiator,0.01566832
key_exchange,sm9,initiator,0.01590217
key_exchange,sm9,initiator,0.01616132
key_exchange,sm9,initiator,0.01596245
key_exchange,sm9,initiator,0.01590773
key_exchange,sm9,initiator,0.01612435
key_exchange,sm9,initiator,0.01589788
key_exchange,sm9,initiator,0.01571495
key_exchange,sm9,initiator,0.01569210
key_exchange,sm9,initiator,0.01635961
key_exchange,sm9,initiator,0.01592653
key_exchange,sm9,initiator,0.01552774
key_exchange,sm9,initiator,0.01603305
key_exchange,sm9,initiator,0.01603973
key_exchange,sm9,initiator,0.01591487
key_exchange,sm9,initiator,0.01600926
key_exchange,sm9,initiator,0.01550135
key_exchange,sm9,initiator,0.01585384
key_exchange,sm9,initiator,0.01632118
key_exchange,sm9,initiator,0.01596607
key_exchange,sm9,initiator,0.01609747
key_exchange,sm9,initiator,0.01628666
key_exchange,sm9,initiator,0.01612086
key_exchange,sm9,initiator,0.01602520
key_exchange,sm9,initiator,0.01605406
key_exchange,sm9,initiator,0.01596871
key_exchange,sm9,initiator,0.01612267
key_exchange,sm9,initiator,0.01603270
key_exchange,sm9,initiator,0.01617840
key_exchange,sm9,initiator,0.01567755
key_exchange,sm9,initiator,0.01652390
key_exchange,sm9,initiator,0.01539359
key_exchange,sm9,initiator,0.01501784
key_exchange,sm9,initiator,0.01599277
key_exchange,sm9,initiator,0.01629213
key_exchange,sm9,initiator,0.01589015
key_exchange,sm9,initiator,0.01625238
key_exchange,sm9,initiator,0.01610493
key_exchange,sm9,initiator,0.01597492
key_exchange,sm9,initiator,0.01567072
key_exchange,sm9,initiator,0.01586046
key_exchange,sm9,initiator,0.01558681
key_exchange,sm9,initiator,0.01615368
key_exchange,sm9,initiator,0.01578576
key_exchange,sm9,initiator,0.01742086
key_exchange,sm9,initiator,0.01482299
key_exchange,sm9,initiator,0.01575478
key_exchange,sm9,initiator,0.01517276
key_exchange,sm9,initiator,0.01581931
key_exchange,sm9,initiator,0.01580329
key_exchange,sm9,initiator,0.01607367
key_exchange,sm9,initiator,0.01576690
key_exchange,sm9,initiator,0.01590070
key_exchange,sm9,initiator,0.01579450
key_exchange,sm9,initiator,0.01570070
key_exchange,sm9,initiator,0.01558949
key_exchange,sm9,initiator,0.01568382
key_exchange,sm9,initiator,0.01561595
key_exchange,sm9,initiator,0.01606672
key_exchange,sm9,initiator,0.01588808
key_exchange,sm9,initiator,0.01605286
key_exchange,sm9,initiator,0.01600801
key_exchange,sm9,initiator,0.01585197
key_exchange,sm9,initiator,0.01566669
key_exchange,sm9,initiator,0.01580795
key_exchange,sm9,initiator,0.01593769
key_exchange,sm9,initiator,0.01581730
key_exchange,sm9,initiator,0.01582459
key_exchange,sm9,initiator,0.01578564
key_exchange,sm9,initiator,0.01584490
key_exchange,sm9,initiator,0.01617843
key_exchange,sm9,initiator,0.01580808
key_exchange,sm9,initiator,0.01598424
key_exchange,sm9,initiator,0.01605221
key_exchange,sm9,initiator,0.01604758
key_exchange,sm9,initiator,0.01598231
key_exchange,sm9,initiator,0.01643457
key_exchange,sm9,initiator,0.01603403
key_exchange,sm9,initiator,0.01526893
key_exchange,sm9,initiator,0.01607108
key_exchange,sm9,initiator,0.01580498
key_exchange,sm9,initiator,0.01616239
key_exchange,sm9,initiator,0.01566301
key_exchange,sm9,initiator,0.01574688
key_exchange,sm9,initiator,0.01608375
key_exchange,sm9,initiator,0.01590152
key_exchange,sm9,initiator,0.01578131
key_exchange,sm9,initiator,0.01645255
key_exchange,sm9,initiator,0.01588056
key_exchange,sm9,initiator,0.01580692
key_exchange,sm9,initiator,0.01606862
key_exchange,sm9,initiator,0.01585400
key_exchange,sm9,initiator,0.01591075
key_exchange,sm9,initiator,0.01577772
key_exchange,sm9,initiator,0.01579195
key_exchange,sm9,initiator,0.01576934
key_exchange,sm9,initiator,0.01582691
key_exchange,sm9,initiator,0.01602217
key_exchange,sm9,initiator,0.01584102
key_exchange,sm9,initiator,0.01591261
key_exchange,sm9,initiator,0.01572327
key_exchange,sm9,initiator,0.01567156
key_exchange,sm9,initiator,0.01594054
key_exchange,sm9,initiator,0.01582143
key_exchange,sm9,initiator,0.01576213
key_exchange,sm9,initiator,0.01613489
key_exchange,sm9,initiator,0.01596723
key_exchange,sm9,initiator,0.01623225
key_exchange,sm9,initiator,0.01579628
key_exchange,sm9,initiator,0.01588281
key_exchange,sm9,initiator,0.01604032
key_exchange,sm9,initiator,0.01586649
key_exchange,sm9,initiator,0.01570938
key_exchange,sm9,initiator,0.01618738
key_exchange,sm9,initiator,0.01584672
key_exchange,sm9,initiator,0.01593327
key_exchange,sm9,initiator,0.01557849
key_exchange,sm9,initiator,0.01596131
key_exchange,sm9,initiator,0.01625223
key_exchange,sm9,initiator,0.01646926
key_exchange,sm9,initiator,0.01597015
key_exchange,sm9,initiator,0.01542139
key_exchange,sm9,initiator,0.01590233
key_exchange,sm9,initiator,0.01581333
key_exchange,sm9,initiator,0.01610473
key_exchange,sm9,initiator,0.01601722
key_exchange,sm9,initiator,0.01611081
key_exchange,sm9,initiator,0.01578473
key_exchange,sm9,initiator,0.01597815
key_exchange,sm9,initiator,0.01580516
key_exchange,sm9,initiator,0.01571414
key_exchange,sm9,initiator,0.01592268
key_exchange,sm9,initiator,0.01562458
key_exchange,sm9,initiator,0.01599629
key_exchange,sm9,initiator,0.01577986
key_exchange,sm9,initiator,0.01596714
key_exchange,sm9,initiator,0.01596426
key_exchange,sm9,initiator,0.01570937
key_exchange,sm9,initiator,0.01608353
key_exchange,sm9,initiator,0.01575234
key_exchange,sm9,initiator,0.01590021
key_exchange,sm9,initiator,0.01582219
key_exchange,sm9,initiator,0.01601208
key_exchange,sm9,initiator,0.01618647
key_exchange,sm9,initiator,0.01546275
key_exchange,sm9,initiator,0.01589472
key_exchange,sm9,initiator,0.01600684
key_exchange,sm9,initiator,0.01559607
key_exchange,sm9,initiator,0.01588366
key_exchange,sm9,initiator,0.01609706
key_exchange,sm9,initiator,0.01608971
key_exchange,sm9,initiator,0.01592561
key_exchange,sm9,initiator,0.01589839
key_exchange,sm9,initiator,0.01615522
key_exchange,sm9,initiator,0.01598898
key_exchange,sm9,initiator,0.01568299
key_exchange,sm9,initiator,0.01606352
key_exchange,sm9,initiator,0.01599731
key_exchange,ecdh_p256,exchange,0.00009582
key_exchange,ecdh_p256,exchange,0.00005158
key_exchange,ecdh_p256,exchange,0.00005156
key_exchange,ecdh_p256,exchange,0.00005014
key_exchange,ecdh_p256,exchange,0.00005030
key_exchange,ecdh_p256,exchange,0.00005063
key_exchange,ecdh_p256,exchange,0.00004797
key_exchange,ecdh_p256,exchange,0.00004764
key_exchange,ecdh_p256,exchange,0.00004899
key_exchange,ecdh_p256,exchange,0.00004762
key_exchange,ecdh_p256,exchange,0.00004821
key_exchange,ecdh_p256,exchange,0.00005090
key_exchange,ecdh_p256,exchange,0.00004829
key_exchange,ecdh_p256,exchange,0.00004792
key_exchange,ecdh_p256,exchange,0.00004808
key_exchange,ecdh_p256,exchange,0.00004788
key_exchange,ecdh_p256,exchange,0.00004827
key_exchange,ecdh_p256,exchange,0.00004804
key_exchange,ecdh_p256,exchange,0.00004773
key_exchange,ecdh_p256,exchange,0.00004780
key_exchange,ecdh_p256,exchange,0.00004777
key_exchange,ecdh_p256,exchange,0.00004828
key_exchange,ecdh_p256,exchange,0.00004785
key_exchange,ecdh_p256,exchange,0.00004936
key_exchange,ecdh_p256,exchange,0.00004811
key_exchange,ecdh_p256,exchange,0.00004798
key_exchange,ecdh_p256,exchange,0.00004782
key_exchange,ecdh_p256,exchange,0.00004775
key_exchange,ecdh_p256,exchange,0.00004762
key_exchange,ecdh_p256,exchange,0.00004782
key_exchange,ecdh_p256,exchange,0.00004766
key_exchange,ecdh_p256,exchange,0.00004797
key_exchange,ecdh_p256,exchange,0.00005021
key_exchange,ecdh_p256,exchange,0.00004807
key_exchange,ecdh_p256,exchange,0.00004837
key_exchange,ecdh_p256,exchange,0.00004797
key_exchange,ecdh_p256,exchange,0.00004808
key_exchange,ecdh_p256,exchange,0.00004803
key_exchange,ecdh_p256,exchange,0.00004813
key_exchange,ecdh_p256,exchange,0.00004799
key_exchange,ecdh_p256,exchange,0.00004780
key_exchange,ecdh_p256,exchange,0.00004807
key_exchange,ecdh_p256,exchange,0.00004790
key_exchange,ecdh_p256,exchange,0.00004812
key_exchange,ecdh_p256,exchange,0.00004825
key_exchange,ecdh_p256,exchange,0.00004831
key_exchange,ecdh_p256,exchange,0.00004794
key_exchange,ecdh_p256,exchange,0.00004814
key_exchange,ecdh_p256,exchange,0.00004806
key_exchange,ecdh_p256,exchange,0.00004805
key_exchange,ecdh_p256,exchange,0.00004793
key_exchange,ecdh_p256,exchange,0.00004790
key_exchange,ecdh_p256,exchange,0.00004827
key_exchange,ecdh_p256,exchange,0.00005022
key_exchange,ecdh_p256,exchange,0.00004808
key_exchange,ecdh_p256,exchange,0.00004931
key_exchange,ecdh_p256,exchange,0.00004691
key_exchange,ecdh_p256,exchange,0.00004707
key_exchange,ecdh_p256,exchange,0.00004692
key_exchange,ecdh_p256,exchange,0.00004695
key_exchange,ecdh_p256,exchange,0.00004680
key_exchange,ecdh_p256,exchange,0.00004707
key_exchange,ecdh_p256,exchange,0.00004682
key_exchange,ecdh_p256,exchange,0.00004714
key_exchange,ecdh_p256,exchange,0.00004680
key_exchange,ecdh_p256,exchange,0.00004705
key_exchange,ecdh_p256,exchange,0.00004692
key_exchange,ecdh_p256,exchange,0.00004682
key_exchange,ecdh_p256,exchange,0.00004692
key_exchange,ecdh_p256,exchange,0.00004689
key_exchange,ecdh_p256,exchange,0.00004698
key_exchange,ecdh_p256,exchange,0.00004714
key_exchange,ecdh_p256,exchange,0.00004720
key_exchange,ecdh_p256,exchange,0.00004706
key_exchange,ecdh_p256,exchange,0.00004855
key_exchange,ecdh_p256,exchange,0.00004714
key_exchange,ecdh_p256,exchange,0.00004691
key_exchange,ecdh_p256,exchange,0.00004709
key_exchange,ecdh_p256,exchange,0.00004708
key_exchange,ecdh_p256,exchange,0.00004713
key_exchange,ecdh_p256,exchange,0.00004696
key_exchange,ecdh_p256,exchange,0.00004722
key_exchange,ecdh_p256,exchange,0.00004728
key_exchange,ecdh_p256,exchange,0.00004711
key_exchange,ecdh_p256,exchange,0.00004719
key_exchange,ecdh_p256,exchange,0.00004700
key_exchange,ecdh_p256,exchange,0.00004688
key_exchange,ecdh_p256,exchange,0.00004721
key_exchange,ecdh_p256,exchange,0.00004698
key_exchange,ecdh_p256,exchange,0.00004705
key_exchange,ecdh_p256,exchange,0.00004679
key_exchange,ecdh_p256,exchange,0.00004684
key_exchange,ecdh_p256,exchange,0.00004689
key_exchange,ecdh_p256,exchange,0.00004688
key_exchange,ecdh_p256,exchange,0.00004699
key_exchange,ecdh_p256,exchange,0.00004829
key_exchange,ecdh_p256,exchange,0.00004679
key_exchange,ecdh_p256,exchange,0.00004667
key_exchange,ecdh_p256,exchange,0.00004663
key_exchange,ecdh_p256,exchange,0.00004669
key_exchange,ecdh_p256,exchange,0.00004731
key_exchange,ecdh_p256,exchange,0.00004668
key_exchange,ecdh_p256,exchange,0.00004665
key_exchange,ecdh_p256,exchange,0.00004661
key_exchange,ecdh_p256,exchange,0.00004657
key_exchange,ecdh_p256,exchange,0.00004671
key_exchange,ecdh_p256,exchange,0.00004662
key_exchange,ecdh_p256,exchange,0.00004663
key_exchange,ecdh_p256,exchange,0.00004665
key_exchange,ecdh_p256,exchange,0.00004679
key_exchange,ecdh_p256,exchange,0.00004674
key_exchange,ecdh_p256,exchange,0.00004662
key_exchange,ecdh_p256,exchange,0.00004660
key_exchange,ecdh_p256,exchange,0.00004667
key_exchange,ecdh_p256,exchange,0.00004656
key_exchange,ecdh_p256,exchange,0.00004668
key_exchange,ecdh_p256,exchange,0.00004816
key_exchange,ecdh_p256,exchange,0.00004665
key_exchange,ecdh_p256,exchange,0.00004654
key_exchange,ecdh_p256,exchange,0.00004656
key_exchange,ecdh_p256,exchange,0.00004656
key_exchange,ecdh_p256,exchange,0.00004678
key_exchange,ecdh_p256,exchange,0.00004756
key_exchange,ecdh_p256,exchange,0.00004566
key_exchange,ecdh_p256,exchange,0.00004557
key_exchange,ecdh_p256,exchange,0.00004573
key_exchange,ecdh_p256,exchange,0.00004575
key_exchange,ecdh_p256,exchange,0.00004576
key_exchange,ecdh_p256,exchange,0.00004570
key_exchange,ecdh_p256,exchange,0.00004575
key_exchange,ecdh_p256,exchange,0.00004581
key_exchange,ecdh_p256,exchange,0.00004573
key_exchange,ecdh_p256,exchange,0.00004572
key_exchange,ecdh_p256,exchange,0.00004572
key_exchange,ecdh_p256,exchange,0.00004567
key_exchange,ecdh_p256,exchange,0.00004585
key_exchange,ecdh_p256,exchange,0.00004580
key_exchange,ecdh_p256,exchange,0.00004563
key_exchange,ecdh_p256,exchange,0.00004747
key_exchange,ecdh_p256,exchange,0.00004591
key_exchange,ecdh_p256,exchange,0.00004573
key_exchange,ecdh_p256,exchange,0.00004599
key_exchange,ecdh_p256,exchange,0.00004606
key_exchange,ecdh_p256,exchange,0.00004583
key_exchange,ecdh_p256,exchange,0.00004575
key_exchange,ecdh_p256,exchange,0.00004579
key_exchange,ecdh_p256,exchange,0.00004567
key_exchange,ecdh_p256,exchange,0.00004578
key_exchange,ecdh_p256,exchange,0.00004585
key_exchange,ecdh_p256,exchange,0.00004565
key_exchange,ecdh_p256,exchange,0.00004575
key_exchange,ecdh_p256,exchange,0.00004588
key_exchange,ecdh_p256,exchange,0.00004578
key_exchange,ecdh_p256,exchange,0.00004564
key_exchange,ecdh_p256,exchange,0.00004569
key_exchange,ecdh_p256,exchange,0.00004574
key_exchange,ecdh_p256,exchange,0.00004570
key_exchange,ecdh_p256,exchange,0.00004568
key_exchange,ecdh_p256,exchange,0.00004580
key_exchange,ecdh_p256,exchange,0.00004565
key_exchange,ecdh_p256,exchange,0.00004712
key_exchange,ecdh_p256,exchange,0.00004582
key_exchange,ecdh_p256,exchange,0.00004559
key_exchange,ecdh_p256,exchange,0.00004555
key_exchange,ecdh_p256,exchange,0.00004550
key_exchange,ecdh_p256,exchange,0.00004577
key_exchange,ecdh_p256,exchange,0.00004580
key_exchange,ecdh_p256,exchange,0.00004573
key_exchange,ecdh_p256,exchange,0.00004584
key_exchange,ecdh_p256,exchange,0.00004595
key_exchange,ecdh_p256,exchange,0.00004472
key_exchange,ecdh_p256,exchange,0.00004479
key_exchange,ecdh_p256,exchange,0.00004460
key_exchange,ecdh_p256,exchange,0.00004462
key_exchange,ecdh_p256,exchange,0.00004471
key_exchange,ecdh_p256,exchange,0.00004456
key_exchange,ecdh_p256,exchange,0.00004453
key_exchange,ecdh_p256,exchange,0.00004467
key_exchange,ecdh_p256,exchange,0.00004445
key_exchange,ecdh_p256,exchange,0.00004451
key_exchange,ecdh_p256,exchange,0.00004461
key_exchange,ecdh_p256,exchange,0.00004473
key_exchange,ecdh_p256,exchange,0.00004611
key_exchange,ecdh_p256,exchange,0.00004497
key_exchange,ecdh_p256,exchange,0.00004481
key_exchange,ecdh_p256,exchange,0.00004719
key_exchange,ecdh_p256,exchange,0.00004495
key_exchange,ecdh_p256,exchange,0.00004493
key_exchange,ecdh_p256,exchange,0.00004486
key_exchange,ecdh_p256,exchange,0.00004560
key_exchange,ecdh_p256,exchange,0.00004641
key_exchange,ecdh_p256,exchange,0.00004498
key_exchange,ecdh_p256,exchange,0.00004709
key_exchange,ecdh_p256,exchange,0.00004493
key_exchange,ecdh_p256,exchange,0.00004498
key_exchange,ecdh_p256,exchange,0.00004472
key_exchange,ecdh_p256,exchange,0.00004496
key_exchange,ecdh_p256,exchange,0.00004484
key_exchange,ecdh_p256,exchange,0.00004508
key_exchange,ecdh_p256,exchange,0.00004478
