experiment,person,person_b,config,enroll_count,probe_path,probe_index,probe_bucket,in_balanced,in_extended,ok,byte_errors,theta_requested,theta_observed,seed
vote_gain,Abdullah_Gul,,single,1,Abdullah_Gul/Abdullah_Gul_0006.jpg,0,first_probe,1,1,0,30,,,
vote_gain,Abdullah_Gul,,vote5,5,Abdullah_Gul/Abdullah_Gul_0006.jpg,0,first_probe,1,1,1,20,,,
vote_gain,Abdullah_Gul,,single,1,Abdullah_Gul/Abdullah_Gul_0007.jpg,1,additional_probe,0,1,1,28,,,
vote_gain,Abdullah_Gul,,vote5,5,Abdullah_Gul/Abdullah_Gul_0007.jpg,1,additional_probe,0,1,1,22,,,
vote_gain,Abdullah_Gul,,single,1,Abdullah_Gul/Abdullah_Gul_0008.jpg,2,additional_probe,0,1,0,31,,,
vote_gain,Abdullah_Gul,,vote5,5,Abdullah_Gul/Abdullah_Gul_0008.jpg,2,additional_probe,0,1,1,20,,,
vote_gain,Abdullah_Gul,,single,1,Abdullah_Gul/Abdullah_Gul_0009.jpg,3,additional_probe,0,1,0,30,,,
vote_gain,Abdullah_Gul,,vote5,5,Abdullah_Gul/Abdullah_Gul_0009.jpg,3,additional_probe,0,1,1,28,,,
vote_gain,Abdullah_Gul,,single,1,Abdullah_Gul/Abdullah_Gul_0010.jpg,4,additional_probe,0,1,0,30,,,
vote_gain,Abdullah_Gul,,vote5,5,Abdullah_Gul/Abdullah_Gul_0010.jpg,4,additional_probe,0,1,1,19,,,
vote_gain,Abdullah_Gul,,single,1,Abdullah_Gul/Abdullah_Gul_0011.jpg,5,additional_probe,0,1,0,31,,,
vote_gain,Abdullah_Gul,,vote5,5,Abdullah_Gul/Abdullah_Gul_0011.jpg,5,additional_probe,0,1,1,26,,,
vote_gain,Abdullah_Gul,,single,1,Abdullah_Gul/Abdullah_Gul_0012.jpg,6,additional_probe,0,1,0,29,,,
vote_gain,Abdullah_Gul,,vote5,5,Abdullah_Gul/Abdullah_Gul_0012.jpg,6,additional_probe,0,1,1,19,,,
vote_gain,Abdullah_Gul,,single,1,Abdullah_Gul/Abdullah_Gul_0013.jpg,7,additional_probe,0,1,0,30,,,
vote_gain,Abdullah_Gul,,vote5,5,Abdullah_Gul/Abdullah_Gul_0013.jpg,7,additional_probe,0,1,1,15,,,
vote_gain,Abdullah_Gul,,single,1,Abdullah_Gul/Abdullah_Gul_0014.jpg,8,additional_probe,0,1,0,30,,,
vote_gain,Abdullah_Gul,,vote5,5,Abdullah_Gul/Abdullah_Gul_0014.jpg,8,additional_probe,0,1,1,22,,,
vote_gain,Abdullah_Gul,,single,1,Abdullah_Gul/Abdullah_Gul_0015.jpg,9,additional_probe,0,1,0,31,,,
vote_gain,Abdullah_Gul,,vote5,5,Abdullah_Gul/Abdullah_Gul_0015.jpg,9,additional_probe,0,1,1,26,,,
vote_gain,Abdullah_Gul,,single,1,Abdullah_Gul/Abdullah_Gul_0016.jpg,10,additional_probe,0,1,0,32,,,
vote_gain,Abdullah_Gul,,vote5,5,Abdullah_Gul/Abdullah_Gul_0016.jpg,10,additional_probe,0,1,0,32,,,
vote_gain,Abdullah_Gul,,single,1,Abdullah_Gul/Abdullah_Gul_0017.jpg,11,additional_probe,0,1,1,25,,,
vote_gain,Abdullah_Gul,,vote5,5,Abdullah_Gul/Abdullah_Gul_0017.jpg,11,additional_probe,0,1,1,27,,,
vote_gain,Abdullah_Gul,,single,1,Abdullah_Gul/Abdullah_Gul_0018.jpg,12,additional_probe,0,1,0,31,,,
vote_gain,Abdullah_Gul,,vote5,5,Abdullah_Gul/Abdullah_Gul_0018.jpg,12,additional_probe,0,1,0,29,,,
vote_gain,Abdullah_Gul,,single,1,Abdullah_Gul/Abdullah_Gul_0019.jpg,13,additional_probe,0,1,1,28,,,
vote_gain,Abdullah_Gul,,vote5,5,Abdullah_Gul/Abdullah_Gul_0019.jpg,13,additional_probe,0,1,1,23,,,
vote_gain,Adrien_Brody,,single,1,Adrien_Brody/Adrien_Brody_0006.jpg,0,first_probe,1,1,0,31,,,
vote_gain,Adrien_Brody,,vote5,5,Adrien_Brody/Adrien_Brody_0006.jpg,0,first_probe,1,1,1,23,,,
vote_gain,Adrien_Brody,,single,1,Adrien_Brody/Adrien_Brody_0007.jpg,1,additional_probe,0,1,0,32,,,
vote_gain,Adrien_Brody,,vote5,5,Adrien_Brody/Adrien_Brody_0007.jpg,1,additional_probe,0,1,1,26,,,
vote_gain,Adrien_Brody,,single,1,Adrien_Brody/Adrien_Brody_0008.jpg,2,additional_probe,0,1,0,31,,,
vote_gain,Adrien_Brody,,vote5,5,Adrien_Brody/Adrien_Brody_0008.jpg,2,additional_probe,0,1,1,15,,,
vote_gain,Adrien_Brody,,single,1,Adrien_Brody/Adrien_Brody_0009.jpg,3,additional_probe,0,1,0,31,,,
vote_gain,Adrien_Brody,,vote5,5,Adrien_Brody/Adrien_Brody_0009.jpg,3,additional_probe,0,1,1,26,,,
vote_gain,Adrien_Brody,,single,1,Adrien_Brody/Adrien_Brody_0010.jpg,4,additional_probe,0,1,0,30,,,
vote_gain,Adrien_Brody,,vote5,5,Adrien_Brody/Adrien_Brody_0010.jpg,4,additional_probe,0,1,1,28,,,
vote_gain,Adrien_Brody,,single,1,Adrien_Brody/Adrien_Brody_0011.jpg,5,additional_probe,0,1,0,32,,,
vote_gain,Adrien_Brody,,vote5,5,Adrien_Brody/Adrien_Brody_0011.jpg,5,additional_probe,0,1,1,19,,,
vote_gain,Adrien_Brody,,single,1,Adrien_Brody/Adrien_Brody_0012.jpg,6,additional_probe,0,1,0,32,,,
vote_gain,Adrien_Brody,,vote5,5,Adrien_Brody/Adrien_Brody_0012.jpg,6,additional_probe,0,1,1,24,,,
vote_gain,Al_Gore,,single,1,Al_Gore/Al_Gore_0006.jpg,0,first_probe,1,1,0,30,,,
vote_gain,Al_Gore,,vote5,5,Al_Gore/Al_Gore_0006.jpg,0,first_probe,1,1,1,21,,,
vote_gain,Al_Gore,,single,1,Al_Gore/Al_Gore_0007.jpg,1,additional_probe,0,1,0,30,,,
vote_gain,Al_Gore,,vote5,5,Al_Gore/Al_Gore_0007.jpg,1,additional_probe,0,1,0,30,,,
vote_gain,Al_Gore,,single,1,Al_Gore/Al_Gore_0008.jpg,2,additional_probe,0,1,0,29,,,
vote_gain,Al_Gore,,vote5,5,Al_Gore/Al_Gore_0008.jpg,2,additional_probe,0,1,1,26,,,
vote_gain,Al_Sharpton,,single,1,Al_Sharpton/Al_Sharpton_0006.jpg,0,first_probe,1,1,0,30,,,
vote_gain,Al_Sharpton,,vote5,5,Al_Sharpton/Al_Sharpton_0006.jpg,0,first_probe,1,1,1,19,,,
vote_gain,Al_Sharpton,,single,1,Al_Sharpton/Al_Sharpton_0007.jpg,1,additional_probe,0,1,0,29,,,
vote_gain,Al_Sharpton,,vote5,5,Al_Sharpton/Al_Sharpton_0007.jpg,1,additional_probe,0,1,1,22,,,
vote_gain,Albert_Costa,,single,1,Albert_Costa/Albert_Costa_0006.jpg,0,first_probe,1,1,0,29,,,
vote_gain,Albert_Costa,,vote5,5,Albert_Costa/Albert_Costa_0006.jpg,0,first_probe,1,1,1,20,,,
vote_gain,Alejandro_Toledo,,single,1,Alejandro_Toledo/Alejandro_Toledo_0006.jpg,0,first_probe,1,1,0,29,,,
vote_gain,Alejandro_Toledo,,vote5,5,Alejandro_Toledo/Alejandro_Toledo_0006.jpg,0,first_probe,1,1,1,18,,,
vote_gain,Alejandro_Toledo,,single,1,Alejandro_Toledo/Alejandro_Toledo_0007.jpg,1,additional_probe,0,1,1,28,,,
vote_gain,Alejandro_Toledo,,vote5,5,Alejandro_Toledo/Alejandro_Toledo_0007.jpg,1,additional_probe,0,1,1,16,,,
vote_gain,Alejandro_Toledo,,single,1,Alejandro_Toledo/Alejandro_Toledo_0008.jpg,2,additional_probe,0,1,0,30,,,
vote_gain,Alejandro_Toledo,,vote5,5,Alejandro_Toledo/Alejandro_Toledo_0008.jpg,2,additional_probe,0,1,1,22,,,
vote_gain,Alejandro_Toledo,,single,1,Alejandro_Toledo/Alejandro_Toledo_0009.jpg,3,additional_probe,0,1,0,30,,,
vote_gain,Alejandro_Toledo,,vote5,5,Alejandro_Toledo/Alejandro_Toledo_0009.jpg,3,additional_probe,0,1,1,19,,,
vote_gain,Alejandro_Toledo,,single,1,Alejandro_Toledo/Alejandro_Toledo_0010.jpg,4,additional_probe,0,1,1,27,,,
vote_gain,Alejandro_Toledo,,vote5,5,Alejandro_Toledo/Alejandro_Toledo_0010.jpg,4,additional_probe,0,1,1,24,,,
vote_gain,Alejandro_Toledo,,single,1,Alejandro_Toledo/Alejandro_Toledo_0011.jpg,5,additional_probe,0,1,0,30,,,
vote_gain,Alejandro_Toledo,,vote5,5,Alejandro_Toledo/Alejandro_Toledo_0011.jpg,5,additional_probe,0,1,1,19,,,
vote_gain,Alejandro_Toledo,,single,1,Alejandro_Toledo/Alejandro_Toledo_0012.jpg,6,additional_probe,0,1,0,31,,,
vote_gain,Alejandro_Toledo,,vote5,5,Alejandro_Toledo/Alejandro_Toledo_0012.jpg,6,additional_probe,0,1,1,23,,,
vote_gain,Alejandro_Toledo,,single,1,Alejandro_Toledo/Alejandro_Toledo_0013.jpg,7,additional_probe,0,1,1,28,,,
vote_gain,Alejandro_Toledo,,vote5,5,Alejandro_Toledo/Alejandro_Toledo_0013.jpg,7,additional_probe,0,1,1,22,,,
vote_gain,Alejandro_Toledo,,single,1,Alejandro_Toledo/Alejandro_Toledo_0014.jpg,8,additional_probe,0,1,0,30,,,
vote_gain,Alejandro_Toledo,,vote5,5,Alejandro_Toledo/Alejandro_Toledo_0014.jpg,8,additional_probe,0,1,1,21,,,
vote_gain,Alejandro_Toledo,,single,1,Alejandro_Toledo/Alejandro_Toledo_0015.jpg,9,additional_probe,0,1,0,29,,,
vote_gain,Alejandro_Toledo,,vote5,5,Alejandro_Toledo/Alejandro_Toledo_0015.jpg,9,additional_probe,0,1,1,23,,,
vote_gain,Alejandro_Toledo,,single,1,Alejandro_Toledo/Alejandro_Toledo_0016.jpg,10,additional_probe,0,1,0,29,,,
vote_gain,Alejandro_Toledo,,vote5,5,Alejandro_Toledo/Alejandro_Toledo_0016.jpg,10,additional_probe,0,1,1,24,,,
vote_gain,Alejandro_Toledo,,single,1,Alejandro_Toledo/Alejandro_Toledo_0017.jpg,11,additional_probe,0,1,0,31,,,
vote_gain,Alejandro_Toledo,,vote5,5,Alejandro_Toledo/Alejandro_Toledo_0017.jpg,11,additional_probe,0,1,1,21,,,
vote_gain,Alejandro_Toledo,,single,1,Alejandro_Toledo/Alejandro_Toledo_0018.jpg,12,additional_probe,0,1,1,28,,,
vote_gain,Alejandro_Toledo,,vote5,5,Alejandro_Toledo/Alejandro_Toledo_0018.jpg,12,additional_probe,0,1,1,21,,,
vote_gain,Alejandro_Toledo,,single,1,Alejandro_Toledo/Alejandro_Toledo_0019.jpg,13,additional_probe,0,1,0,31,,,
vote_gain,Alejandro_Toledo,,vote5,5,Alejandro_Toledo/Alejandro_Toledo_0019.jpg,13,additional_probe,0,1,1,21,,,
vote_gain,Alejandro_Toledo,,single,1,Alejandro_Toledo/Alejandro_Toledo_0020.jpg,14,additional_probe,0,1,0,29,,,
vote_gain,Alejandro_Toledo,,vote5,5,Alejandro_Toledo/Alejandro_Toledo_0020.jpg,14,additional_probe,0,1,1,18,,,
vote_gain,Alejandro_Toledo,,single,1,Alejandro_Toledo/Alejandro_Toledo_0021.jpg,15,additional_probe,0,1,0,32,,,
vote_gain,Alejandro_Toledo,,vote5,5,Alejandro_Toledo/Alejandro_Toledo_0021.jpg,15,additional_probe,0,1,1,26,,,
vote_gain,Alejandro_Toledo,,single,1,Alejandro_Toledo/Alejandro_Toledo_0022.jpg,16,additional_probe,0,1,1,28,,,
vote_gain,Alejandro_Toledo,,vote5,5,Alejandro_Toledo/Alejandro_Toledo_0022.jpg,16,additional_probe,0,1,1,19,,,
vote_gain,Alejandro_Toledo,,single,1,Alejandro_Toledo/Alejandro_Toledo_0023.jpg,17,additional_probe,0,1,0,29,,,
vote_gain,Alejandro_Toledo,,vote5,5,Alejandro_Toledo/Alejandro_Toledo_0023.jpg,17,additional_probe,0,1,1,21,,,
vote_gain,Alejandro_Toledo,,single,1,Alejandro_Toledo/Alejandro_Toledo_0024.jpg,18,additional_probe,0,1,0,29,,,
vote_gain,Alejandro_Toledo,,vote5,5,Alejandro_Toledo/Alejandro_Toledo_0024.jpg,18,additional_probe,0,1,1,21,,,
vote_gain,Alejandro_Toledo,,single,1,Alejandro_Toledo/Alejandro_Toledo_0025.jpg,19,additional_probe,0,1,1,28,,,
vote_gain,Alejandro_Toledo,,vote5,5,Alejandro_Toledo/Alejandro_Toledo_0025.jpg,19,additional_probe,0,1,1,17,,,
vote_gain,Alejandro_Toledo,,single,1,Alejandro_Toledo/Alejandro_Toledo_0026.jpg,20,additional_probe,0,1,0,31,,,
vote_gain,Alejandro_Toledo,,vote5,5,Alejandro_Toledo/Alejandro_Toledo_0026.jpg,20,additional_probe,0,1,1,21,,,
vote_gain,Alejandro_Toledo,,single,1,Alejandro_Toledo/Alejandro_Toledo_0027.jpg,21,additional_probe,0,1,0,30,,,
vote_gain,Alejandro_Toledo,,vote5,5,Alejandro_Toledo/Alejandro_Toledo_0027.jpg,21,additional_probe,0,1,1,24,,,
vote_gain,Alejandro_Toledo,,single,1,Alejandro_Toledo/Alejandro_Toledo_0028.jpg,22,additional_probe,0,1,0,31,,,
vote_gain,Alejandro_Toledo,,vote5,5,Alejandro_Toledo/Alejandro_Toledo_0028.jpg,22,additional_probe,0,1,1,19,,,
vote_gain,Alejandro_Toledo,,single,1,Alejandro_Toledo/Alejandro_Toledo_0029.jpg,23,additional_probe,0,1,0,29,,,
vote_gain,Alejandro_Toledo,,vote5,5,Alejandro_Toledo/Alejandro_Toledo_0029.jpg,23,additional_probe,0,1,1,21,,,
vote_gain,Alejandro_Toledo,,single,1,Alejandro_Toledo/Alejandro_Toledo_0030.jpg,24,additional_probe,0,1,0,31,,,
vote_gain,Alejandro_Toledo,,vote5,5,Alejandro_Toledo/Alejandro_Toledo_0030.jpg,24,additional_probe,0,1,1,20,,,
vote_gain,Alejandro_Toledo,,single,1,Alejandro_Toledo/Alejandro_Toledo_0031.jpg,25,additional_probe,0,1,0,30,,,
vote_gain,Alejandro_Toledo,,vote5,5,Alejandro_Toledo/Alejandro_Toledo_0031.jpg,25,additional_probe,0,1,1,24,,,
vote_gain,Alejandro_Toledo,,single,1,Alejandro_Toledo/Alejandro_Toledo_0032.jpg,26,additional_probe,0,1,0,31,,,
vote_gain,Alejandro_Toledo,,vote5,5,Alejandro_Toledo/Alejandro_Toledo_0032.jpg,26,additional_probe,0,1,1,26,,,
vote_gain,Alejandro_Toledo,,single,1,Alejandro_Toledo/Alejandro_Toledo_0033.jpg,27,additional_probe,0,1,1,27,,,
vote_gain,Alejandro_Toledo,,vote5,5,Alejandro_Toledo/Alejandro_Toledo_0033.jpg,27,additional_probe,0,1,1,19,,,
vote_gain,Alejandro_Toledo,,single,1,Alejandro_Toledo/Alejandro_Toledo_0034.jpg,28,additional_probe,0,1,0,32,,,
vote_gain,Alejandro_Toledo,,vote5,5,Alejandro_Toledo/Alejandro_Toledo_0034.jpg,28,additional_probe,0,1,0,32,,,
vote_gain,Alejandro_Toledo,,single,1,Alejandro_Toledo/Alejandro_Toledo_0035.jpg,29,additional_probe,0,1,0,31,,,
vote_gain,Alejandro_Toledo,,vote5,5,Alejandro_Toledo/Alejandro_Toledo_0035.jpg,29,additional_probe,0,1,1,24,,,
vote_gain,Alejandro_Toledo,,single,1,Alejandro_Toledo/Alejandro_Toledo_0036.jpg,30,additional_probe,0,1,1,28,,,
vote_gain,Alejandro_Toledo,,vote5,5,Alejandro_Toledo/Alejandro_Toledo_0036.jpg,30,additional_probe,0,1,1,26,,,
vote_gain,Alejandro_Toledo,,single,1,Alejandro_Toledo/Alejandro_Toledo_0037.jpg,31,additional_probe,0,1,0,31,,,
vote_gain,Alejandro_Toledo,,vote5,5,Alejandro_Toledo/Alejandro_Toledo_0037.jpg,31,additional_probe,0,1,1,21,,,
vote_gain,Alejandro_Toledo,,single,1,Alejandro_Toledo/Alejandro_Toledo_0038.jpg,32,additional_probe,0,1,1,28,,,
vote_gain,Alejandro_Toledo,,vote5,5,Alejandro_Toledo/Alejandro_Toledo_0038.jpg,32,additional_probe,0,1,1,22,,,
vote_gain,Alejandro_Toledo,,single,1,Alejandro_Toledo/Alejandro_Toledo_0039.jpg,33,additional_probe,0,1,0,30,,,
vote_gain,Alejandro_Toledo,,vote5,5,Alejandro_Toledo/Alejandro_Toledo_0039.jpg,33,additional_probe,0,1,1,21,,,
vote_gain,Ali_Naimi,,single,1,Ali_Naimi/Ali_Naimi_0006.jpg,0,first_probe,1,1,1,28,,,
vote_gain,Ali_Naimi,,vote5,5,Ali_Naimi/Ali_Naimi_0006.jpg,0,first_probe,1,1,1,23,,,
vote_gain,Ali_Naimi,,single,1,Ali_Naimi/Ali_Naimi_0007.jpg,1,additional_probe,0,1,1,28,,,
vote_gain,Ali_Naimi,,vote5,5,Ali_Naimi/Ali_Naimi_0007.jpg,1,additional_probe,0,1,1,21,,,
vote_gain,Ali_Naimi,,single,1,Ali_Naimi/Ali_Naimi_0008.jpg,2,additional_probe,0,1,1,26,,,
vote_gain,Ali_Naimi,,vote5,5,Ali_Naimi/Ali_Naimi_0008.jpg,2,additional_probe,0,1,1,20,,,
vote_gain,Alvaro_Uribe,,single,1,Alvaro_Uribe/Alvaro_Uribe_0006.jpg,0,first_probe,1,1,0,29,,,
vote_gain,Alvaro_Uribe,,vote5,5,Alvaro_Uribe/Alvaro_Uribe_0006.jpg,0,first_probe,1,1,1,24,,,
vote_gain,Alvaro_Uribe,,single,1,Alvaro_Uribe/Alvaro_Uribe_0007.jpg,1,additional_probe,0,1,1,28,,,
vote_gain,Alvaro_Uribe,,vote5,5,Alvaro_Uribe/Alvaro_Uribe_0007.jpg,1,additional_probe,0,1,1,22,,,
vote_gain,Alvaro_Uribe,,single,1,Alvaro_Uribe/Alvaro_Uribe_0008.jpg,2,additional_probe,0,1,0,30,,,
vote_gain,Alvaro_Uribe,,vote5,5,Alvaro_Uribe/Alvaro_Uribe_0008.jpg,2,additional_probe,0,1,1,28,,,
vote_gain,Alvaro_Uribe,,single,1,Alvaro_Uribe/Alvaro_Uribe_0009.jpg,3,additional_probe,0,1,0,29,,,
vote_gain,Alvaro_Uribe,,vote5,5,Alvaro_Uribe/Alvaro_Uribe_0009.jpg,3,additional_probe,0,1,1,26,,,
vote_gain,Alvaro_Uribe,,single,1,Alvaro_Uribe/Alvaro_Uribe_0010.jpg,4,additional_probe,0,1,0,29,,,
vote_gain,Alvaro_Uribe,,vote5,5,Alvaro_Uribe/Alvaro_Uribe_0010.jpg,4,additional_probe,0,1,1,20,,,
vote_gain,Alvaro_Uribe,,single,1,Alvaro_Uribe/Alvaro_Uribe_0011.jpg,5,additional_probe,0,1,0,30,,,
vote_gain,Alvaro_Uribe,,vote5,5,Alvaro_Uribe/Alvaro_Uribe_0011.jpg,5,additional_probe,0,1,1,23,,,
vote_gain,Alvaro_Uribe,,single,1,Alvaro_Uribe/Alvaro_Uribe_0012.jpg,6,additional_probe,0,1,0,32,,,
vote_gain,Alvaro_Uribe,,vote5,5,Alvaro_Uribe/Alvaro_Uribe_0012.jpg,6,additional_probe,0,1,1,28,,,
vote_gain,Alvaro_Uribe,,single,1,Alvaro_Uribe/Alvaro_Uribe_0013.jpg,7,additional_probe,0,1,0,30,,,
vote_gain,Alvaro_Uribe,,vote5,5,Alvaro_Uribe/Alvaro_Uribe_0013.jpg,7,additional_probe,0,1,1,27,,,
vote_gain,Alvaro_Uribe,,single,1,Alvaro_Uribe/Alvaro_Uribe_0014.jpg,8,additional_probe,0,1,0,30,,,
vote_gain,Alvaro_Uribe,,vote5,5,Alvaro_Uribe/Alvaro_Uribe_0014.jpg,8,additional_probe,0,1,1,27,,,
vote_gain,Alvaro_Uribe,,single,1,Alvaro_Uribe/Alvaro_Uribe_0015.jpg,9,additional_probe,0,1,0,30,,,
vote_gain,Alvaro_Uribe,,vote5,5,Alvaro_Uribe/Alvaro_Uribe_0015.jpg,9,additional_probe,0,1,1,23,,,
vote_gain,Alvaro_Uribe,,single,1,Alvaro_Uribe/Alvaro_Uribe_0016.jpg,10,additional_probe,0,1,0,32,,,
vote_gain,Alvaro_Uribe,,vote5,5,Alvaro_Uribe/Alvaro_Uribe_0016.jpg,10,additional_probe,0,1,1,23,,,
vote_gain,Alvaro_Uribe,,single,1,Alvaro_Uribe/Alvaro_Uribe_0017.jpg,11,additional_probe,0,1,0,32,,,
vote_gain,Alvaro_Uribe,,vote5,5,Alvaro_Uribe/Alvaro_Uribe_0017.jpg,11,additional_probe,0,1,1,26,,,
vote_gain,Alvaro_Uribe,,single,1,Alvaro_Uribe/Alvaro_Uribe_0018.jpg,12,additional_probe,0,1,0,31,,,
vote_gain,Alvaro_Uribe,,vote5,5,Alvaro_Uribe/Alvaro_Uribe_0018.jpg,12,additional_probe,0,1,0,29,,,
vote_gain,Alvaro_Uribe,,single,1,Alvaro_Uribe/Alvaro_Uribe_0019.jpg,13,additional_probe,0,1,0,31,,,
vote_gain,Alvaro_Uribe,,vote5,5,Alvaro_Uribe/Alvaro_Uribe_0019.jpg,13,additional_probe,0,1,1,28,,,
vote_gain,Alvaro_Uribe,,single,1,Alvaro_Uribe/Alvaro_Uribe_0020.jpg,14,additional_probe,0,1,0,31,,,
vote_gain,Alvaro_Uribe,,vote5,5,Alvaro_Uribe/Alvaro_Uribe_0020.jpg,14,additional_probe,0,1,1,24,,,
vote_gain,Alvaro_Uribe,,single,1,Alvaro_Uribe/Alvaro_Uribe_0021.jpg,15,additional_probe,0,1,0,29,,,
vote_gain,Alvaro_Uribe,,vote5,5,Alvaro_Uribe/Alvaro_Uribe_0021.jpg,15,additional_probe,0,1,1,25,,,
vote_gain,Alvaro_Uribe,,single,1,Alvaro_Uribe/Alvaro_Uribe_0022.jpg,16,additional_probe,0,1,0,30,,,
vote_gain,Alvaro_Uribe,,vote5,5,Alvaro_Uribe/Alvaro_Uribe_0022.jpg,16,additional_probe,0,1,1,22,,,
vote_gain,Alvaro_Uribe,,single,1,Alvaro_Uribe/Alvaro_Uribe_0023.jpg,17,additional_probe,0,1,0,31,,,
vote_gain,Alvaro_Uribe,,vote5,5,Alvaro_Uribe/Alvaro_Uribe_0023.jpg,17,additional_probe,0,1,1,26,,,
vote_gain,Alvaro_Uribe,,single,1,Alvaro_Uribe/Alvaro_Uribe_0024.jpg,18,additional_probe,0,1,0,29,,,
vote_gain,Alvaro_Uribe,,vote5,5,Alvaro_Uribe/Alvaro_Uribe_0024.jpg,18,additional_probe,0,1,0,30,,,
vote_gain,Alvaro_Uribe,,single,1,Alvaro_Uribe/Alvaro_Uribe_0025.jpg,19,additional_probe,0,1,0,32,,,
vote_gain,Alvaro_Uribe,,vote5,5,Alvaro_Uribe/Alvaro_Uribe_0025.jpg,19,additional_probe,0,1,0,30,,,
vote_gain,Alvaro_Uribe,,single,1,Alvaro_Uribe/Alvaro_Uribe_0026.jpg,20,additional_probe,0,1,0,30,,,
vote_gain,Alvaro_Uribe,,vote5,5,Alvaro_Uribe/Alvaro_Uribe_0026.jpg,20,additional_probe,0,1,1,22,,,
vote_gain,Alvaro_Uribe,,single,1,Alvaro_Uribe/Alvaro_Uribe_0027.jpg,21,additional_probe,0,1,0,30,,,
vote_gain,Alvaro_Uribe,,vote5,5,Alvaro_Uribe/Alvaro_Uribe_0027.jpg,21,additional_probe,0,1,0,30,,,
vote_gain,Alvaro_Uribe,,single,1,Alvaro_Uribe/Alvaro_Uribe_0028.jpg,22,additional_probe,0,1,0,30,,,
vote_gain,Alvaro_Uribe,,vote5,5,Alvaro_Uribe/Alvaro_Uribe_0028.jpg,22,additional_probe,0,1,1,28,,,
vote_gain,Alvaro_Uribe,,single,1,Alvaro_Uribe/Alvaro_Uribe_0029.jpg,23,additional_probe,0,1,0,32,,,
vote_gain,Alvaro_Uribe,,vote5,5,Alvaro_Uribe/Alvaro_Uribe_0029.jpg,23,additional_probe,0,1,0,29,,,
vote_gain,Alvaro_Uribe,,single,1,Alvaro_Uribe/Alvaro_Uribe_0030.jpg,24,additional_probe,0,1,0,31,,,
vote_gain,Alvaro_Uribe,,vote5,5,Alvaro_Uribe/Alvaro_Uribe_0030.jpg,24,additional_probe,0,1,1,27,,,
vote_gain,Alvaro_Uribe,,single,1,Alvaro_Uribe/Alvaro_Uribe_0031.jpg,25,additional_probe,0,1,0,31,,,
vote_gain,Alvaro_Uribe,,vote5,5,Alvaro_Uribe/Alvaro_Uribe_0031.jpg,25,additional_probe,0,1,1,27,,,
vote_gain,Alvaro_Uribe,,single,1,Alvaro_Uribe/Alvaro_Uribe_0032.jpg,26,additional_probe,0,1,0,31,,,
vote_gain,Alvaro_Uribe,,vote5,5,Alvaro_Uribe/Alvaro_Uribe_0032.jpg,26,additional_probe,0,1,1,21,,,
vote_gain,Alvaro_Uribe,,single,1,Alvaro_Uribe/Alvaro_Uribe_0033.jpg,27,additional_probe,0,1,0,31,,,
vote_gain,Alvaro_Uribe,,vote5,5,Alvaro_Uribe/Alvaro_Uribe_0033.jpg,27,additional_probe,0,1,0,29,,,
vote_gain,Alvaro_Uribe,,single,1,Alvaro_Uribe/Alvaro_Uribe_0034.jpg,28,additional_probe,0,1,0,31,,,
vote_gain,Alvaro_Uribe,,vote5,5,Alvaro_Uribe/Alvaro_Uribe_0034.jpg,28,additional_probe,0,1,1,25,,,
vote_gain,Alvaro_Uribe,,single,1,Alvaro_Uribe/Alvaro_Uribe_0035.jpg,29,additional_probe,0,1,0,32,,,
vote_gain,Alvaro_Uribe,,vote5,5,Alvaro_Uribe/Alvaro_Uribe_0035.jpg,29,additional_probe,0,1,0,32,,,
vote_gain,Amelia_Vega,,single,1,Amelia_Vega/Amelia_Vega_0006.jpg,0,first_probe,1,1,0,30,,,
vote_gain,Amelia_Vega,,vote5,5,Amelia_Vega/Amelia_Vega_0006.jpg,0,first_probe,1,1,0,29,,,
vote_gain,Amelia_Vega,,single,1,Amelia_Vega/Amelia_Vega_0007.jpg,1,additional_probe,0,1,0,32,,,
vote_gain,Amelia_Vega,,vote5,5,Amelia_Vega/Amelia_Vega_0007.jpg,1,additional_probe,0,1,1,26,,,
vote_gain,Amelie_Mauresmo,,single,1,Amelie_Mauresmo/Amelie_Mauresmo_0006.jpg,0,first_probe,1,1,1,28,,,
vote_gain,Amelie_Mauresmo,,vote5,5,Amelie_Mauresmo/Amelie_Mauresmo_0006.jpg,0,first_probe,1,1,1,15,,,
vote_gain,Amelie_Mauresmo,,single,1,Amelie_Mauresmo/Amelie_Mauresmo_0007.jpg,1,additional_probe,0,1,1,28,,,
vote_gain,Amelie_Mauresmo,,vote5,5,Amelie_Mauresmo/Amelie_Mauresmo_0007.jpg,1,additional_probe,0,1,1,17,,,
vote_gain,Amelie_Mauresmo,,single,1,Amelie_Mauresmo/Amelie_Mauresmo_0008.jpg,2,additional_probe,0,1,1,28,,,
vote_gain,Amelie_Mauresmo,,vote5,5,Amelie_Mauresmo/Amelie_Mauresmo_0008.jpg,2,additional_probe,0,1,1,19,,,
vote_gain,Amelie_Mauresmo,,single,1,Amelie_Mauresmo/Amelie_Mauresmo_0009.jpg,3,additional_probe,0,1,0,30,,,
vote_gain,Amelie_Mauresmo,,vote5,5,Amelie_Mauresmo/Amelie_Mauresmo_0009.jpg,3,additional_probe,0,1,1,24,,,
vote_gain,Amelie_Mauresmo,,single,1,Amelie_Mauresmo/Amelie_Mauresmo_0010.jpg,4,additional_probe,0,1,0,31,,,
vote_gain,Amelie_Mauresmo,,vote5,5,Amelie_Mauresmo/Amelie_Mauresmo_0010.jpg,4,additional_probe,0,1,1,27,,,
vote_gain,Amelie_Mauresmo,,single,1,Amelie_Mauresmo/Amelie_Mauresmo_0011.jpg,5,additional_probe,0,1,1,28,,,
vote_gain,Amelie_Mauresmo,,vote5,5,Amelie_Mauresmo/Amelie_Mauresmo_0011.jpg,5,additional_probe,0,1,0,30,,,
vote_gain,Amelie_Mauresmo,,single,1,Amelie_Mauresmo/Amelie_Mauresmo_0012.jpg,6,additional_probe,0,1,0,31,,,
vote_gain,Amelie_Mauresmo,,vote5,5,Amelie_Mauresmo/Amelie_Mauresmo_0012.jpg,6,additional_probe,0,1,0,30,,,
vote_gain,Amelie_Mauresmo,,single,1,Amelie_Mauresmo/Amelie_Mauresmo_0013.jpg,7,additional_probe,0,1,0,31,,,
vote_gain,Amelie_Mauresmo,,vote5,5,Amelie_Mauresmo/Amelie_Mauresmo_0013.jpg,7,additional_probe,0,1,1,24,,,
vote_gain,Amelie_Mauresmo,,single,1,Amelie_Mauresmo/Amelie_Mauresmo_0014.jpg,8,additional_probe,0,1,0,30,,,
vote_gain,Amelie_Mauresmo,,vote5,5,Amelie_Mauresmo/Amelie_Mauresmo_0014.jpg,8,additional_probe,0,1,1,27,,,
vote_gain,Amelie_Mauresmo,,single,1,Amelie_Mauresmo/Amelie_Mauresmo_0015.jpg,9,additional_probe,0,1,1,28,,,
vote_gain,Amelie_Mauresmo,,vote5,5,Amelie_Mauresmo/Amelie_Mauresmo_0015.jpg,9,additional_probe,0,1,1,27,,,
vote_gain,Amelie_Mauresmo,,single,1,Amelie_Mauresmo/Amelie_Mauresmo_0016.jpg,10,additional_probe,0,1,1,26,,,
vote_gain,Amelie_Mauresmo,,vote5,5,Amelie_Mauresmo/Amelie_Mauresmo_0016.jpg,10,additional_probe,0,1,1,20,,,
vote_gain,Amelie_Mauresmo,,single,1,Amelie_Mauresmo/Amelie_Mauresmo_0017.jpg,11,additional_probe,0,1,1,28,,,
vote_gain,Amelie_Mauresmo,,vote5,5,Amelie_Mauresmo/Amelie_Mauresmo_0017.jpg,11,additional_probe,0,1,1,13,,,
vote_gain,Amelie_Mauresmo,,single,1,Amelie_Mauresmo/Amelie_Mauresmo_0018.jpg,12,additional_probe,0,1,0,30,,,
vote_gain,Amelie_Mauresmo,,vote5,5,Amelie_Mauresmo/Amelie_Mauresmo_0018.jpg,12,additional_probe,0,1,1,27,,,
vote_gain,Amelie_Mauresmo,,single,1,Amelie_Mauresmo/Amelie_Mauresmo_0019.jpg,13,additional_probe,0,1,1,27,,,
vote_gain,Amelie_Mauresmo,,vote5,5,Amelie_Mauresmo/Amelie_Mauresmo_0019.jpg,13,additional_probe,0,1,1,22,,,
vote_gain,Amelie_Mauresmo,,single,1,Amelie_Mauresmo/Amelie_Mauresmo_0020.jpg,14,additional_probe,0,1,0,30,,,
vote_gain,Amelie_Mauresmo,,vote5,5,Amelie_Mauresmo/Amelie_Mauresmo_0020.jpg,14,additional_probe,0,1,1,23,,,
vote_gain,Amelie_Mauresmo,,single,1,Amelie_Mauresmo/Amelie_Mauresmo_0021.jpg,15,additional_probe,0,1,0,30,,,
vote_gain,Amelie_Mauresmo,,vote5,5,Amelie_Mauresmo/Amelie_Mauresmo_0021.jpg,15,additional_probe,0,1,0,29,,,
vote_gain,Ana_Guevara,,single,1,Ana_Guevara/Ana_Guevara_0006.jpg,0,first_probe,1,1,1,27,,,
vote_gain,Ana_Guevara,,vote5,5,Ana_Guevara/Ana_Guevara_0006.jpg,0,first_probe,1,1,1,22,,,
vote_gain,Ana_Guevara,,single,1,Ana_Guevara/Ana_Guevara_0007.jpg,1,additional_probe,0,1,0,31,,,
vote_gain,Ana_Guevara,,vote5,5,Ana_Guevara/Ana_Guevara_0007.jpg,1,additional_probe,0,1,0,29,,,
vote_gain,Ana_Palacio,,single,1,Ana_Palacio/Ana_Palacio_0006.jpg,0,first_probe,1,1,0,29,,,
vote_gain,Ana_Palacio,,vote5,5,Ana_Palacio/Ana_Palacio_0006.jpg,0,first_probe,1,1,1,23,,,
vote_gain,Ana_Palacio,,single,1,Ana_Palacio/Ana_Palacio_0007.jpg,1,additional_probe,0,1,0,32,,,
vote_gain,Ana_Palacio,,vote5,5,Ana_Palacio/Ana_Palacio_0007.jpg,1,additional_probe,0,1,1,27,,,
vote_gain,Ana_Palacio,,single,1,Ana_Palacio/Ana_Palacio_0008.jpg,2,additional_probe,0,1,0,30,,,
vote_gain,Ana_Palacio,,vote5,5,Ana_Palacio/Ana_Palacio_0008.jpg,2,additional_probe,0,1,1,26,,,
vote_gain,Andre_Agassi,,single,1,Andre_Agassi/Andre_Agassi_0006.jpg,0,first_probe,1,1,0,30,,,
vote_gain,Andre_Agassi,,vote5,5,Andre_Agassi/Andre_Agassi_0006.jpg,0,first_probe,1,1,1,25,,,
vote_gain,Andre_Agassi,,single,1,Andre_Agassi/Andre_Agassi_0007.jpg,1,additional_probe,0,1,0,29,,,
vote_gain,Andre_Agassi,,vote5,5,Andre_Agassi/Andre_Agassi_0007.jpg,1,additional_probe,0,1,1,21,,,
vote_gain,Andre_Agassi,,single,1,Andre_Agassi/Andre_Agassi_0008.jpg,2,additional_probe,0,1,1,28,,,
vote_gain,Andre_Agassi,,vote5,5,Andre_Agassi/Andre_Agassi_0008.jpg,2,additional_probe,0,1,1,26,,,
vote_gain,Andre_Agassi,,single,1,Andre_Agassi/Andre_Agassi_0009.jpg,3,additional_probe,0,1,0,31,,,
vote_gain,Andre_Agassi,,vote5,5,Andre_Agassi/Andre_Agassi_0009.jpg,3,additional_probe,0,1,1,27,,,
vote_gain,Andre_Agassi,,single,1,Andre_Agassi/Andre_Agassi_0010.jpg,4,additional_probe,0,1,1,28,,,
vote_gain,Andre_Agassi,,vote5,5,Andre_Agassi/Andre_Agassi_0010.jpg,4,additional_probe,0,1,1,19,,,
vote_gain,Andre_Agassi,,single,1,Andre_Agassi/Andre_Agassi_0011.jpg,5,additional_probe,0,1,1,26,,,
vote_gain,Andre_Agassi,,vote5,5,Andre_Agassi/Andre_Agassi_0011.jpg,5,additional_probe,0,1,1,24,,,
vote_gain,Andre_Agassi,,single,1,Andre_Agassi/Andre_Agassi_0012.jpg,6,additional_probe,0,1,0,30,,,
vote_gain,Andre_Agassi,,vote5,5,Andre_Agassi/Andre_Agassi_0012.jpg,6,additional_probe,0,1,0,29,,,
vote_gain,Andre_Agassi,,single,1,Andre_Agassi/Andre_Agassi_0013.jpg,7,additional_probe,0,1,0,32,,,
vote_gain,Andre_Agassi,,vote5,5,Andre_Agassi/Andre_Agassi_0013.jpg,7,additional_probe,0,1,1,27,,,
vote_gain,Andre_Agassi,,single,1,Andre_Agassi/Andre_Agassi_0014.jpg,8,additional_probe,0,1,0,30,,,
vote_gain,Andre_Agassi,,vote5,5,Andre_Agassi/Andre_Agassi_0014.jpg,8,additional_probe,0,1,1,24,,,
vote_gain,Andre_Agassi,,single,1,Andre_Agassi/Andre_Agassi_0015.jpg,9,additional_probe,0,1,0,29,,,
vote_gain,Andre_Agassi,,vote5,5,Andre_Agassi/Andre_Agassi_0015.jpg,9,additional_probe,0,1,1,22,,,
vote_gain,Andre_Agassi,,single,1,Andre_Agassi/Andre_Agassi_0016.jpg,10,additional_probe,0,1,0,30,,,
vote_gain,Andre_Agassi,,vote5,5,Andre_Agassi/Andre_Agassi_0016.jpg,10,additional_probe,0,1,1,22,,,
vote_gain,Andre_Agassi,,single,1,Andre_Agassi/Andre_Agassi_0017.jpg,11,additional_probe,0,1,0,29,,,
vote_gain,Andre_Agassi,,vote5,5,Andre_Agassi/Andre_Agassi_0017.jpg,11,additional_probe,0,1,1,24,,,
vote_gain,Andre_Agassi,,single,1,Andre_Agassi/Andre_Agassi_0018.jpg,12,additional_probe,0,1,0,31,,,
vote_gain,Andre_Agassi,,vote5,5,Andre_Agassi/Andre_Agassi_0018.jpg,12,additional_probe,0,1,1,27,,,
vote_gain,Andre_Agassi,,single,1,Andre_Agassi/Andre_Agassi_0019.jpg,13,additional_probe,0,1,0,31,,,
vote_gain,Andre_Agassi,,vote5,5,Andre_Agassi/Andre_Agassi_0019.jpg,13,additional_probe,0,1,1,23,,,
vote_gain,Andre_Agassi,,single,1,Andre_Agassi/Andre_Agassi_0020.jpg,14,additional_probe,0,1,0,29,,,
vote_gain,Andre_Agassi,,vote5,5,Andre_Agassi/Andre_Agassi_0020.jpg,14,additional_probe,0,1,1,25,,,
vote_gain,Andre_Agassi,,single,1,Andre_Agassi/Andre_Agassi_0021.jpg,15,additional_probe,0,1,1,27,,,
vote_gain,Andre_Agassi,,vote5,5,Andre_Agassi/Andre_Agassi_0021.jpg,15,additional_probe,0,1,1,23,,,
vote_gain,Andre_Agassi,,single,1,Andre_Agassi/Andre_Agassi_0022.jpg,16,additional_probe,0,1,1,24,,,
vote_gain,Andre_Agassi,,vote5,5,Andre_Agassi/Andre_Agassi_0022.jpg,16,additional_probe,0,1,1,18,,,
vote_gain,Andre_Agassi,,single,1,Andre_Agassi/Andre_Agassi_0023.jpg,17,additional_probe,0,1,0,31,,,
vote_gain,Andre_Agassi,,vote5,5,Andre_Agassi/Andre_Agassi_0023.jpg,17,additional_probe,0,1,1,21,,,
vote_gain,Andre_Agassi,,single,1,Andre_Agassi/Andre_Agassi_0024.jpg,18,additional_probe,0,1,0,29,,,
vote_gain,Andre_Agassi,,vote5,5,Andre_Agassi/Andre_Agassi_0024.jpg,18,additional_probe,0,1,1,25,,,
vote_gain,Andre_Agassi,,single,1,Andre_Agassi/Andre_Agassi_0025.jpg,19,additional_probe,0,1,0,30,,,
vote_gain,Andre_Agassi,,vote5,5,Andre_Agassi/Andre_Agassi_0025.jpg,19,additional_probe,0,1,1,25,,,
vote_gain,Andre_Agassi,,single,1,Andre_Agassi/Andre_Agassi_0026.jpg,20,additional_probe,0,1,0,31,,,
vote_gain,Andre_Agassi,,vote5,5,Andre_Agassi/Andre_Agassi_0026.jpg,20,additional_probe,0,1,1,27,,,
vote_gain,Andre_Agassi,,single,1,Andre_Agassi/Andre_Agassi_0027.jpg,21,additional_probe,0,1,0,30,,,
vote_gain,Andre_Agassi,,vote5,5,Andre_Agassi/Andre_Agassi_0027.jpg,21,additional_probe,0,1,1,23,,,
vote_gain,Andre_Agassi,,single,1,Andre_Agassi/Andre_Agassi_0028.jpg,22,additional_probe,0,1,0,30,,,
vote_gain,Andre_Agassi,,vote5,5,Andre_Agassi/Andre_Agassi_0028.jpg,22,additional_probe,0,1,1,23,,,
vote_gain,Andre_Agassi,,single,1,Andre_Agassi/Andre_Agassi_0029.jpg,23,additional_probe,0,1,0,31,,,
vote_gain,Andre_Agassi,,vote5,5,Andre_Agassi/Andre_Agassi_0029.jpg,23,additional_probe,0,1,1,20,,,
vote_gain,Andre_Agassi,,single,1,Andre_Agassi/Andre_Agassi_0030.jpg,24,additional_probe,0,1,0,29,,,
vote_gain,Andre_Agassi,,vote5,5,Andre_Agassi/Andre_Agassi_0030.jpg,24,additional_probe,0,1,1,25,,,
vote_gain,Andre_Agassi,,single,1,Andre_Agassi/Andre_Agassi_0031.jpg,25,additional_probe,0,1,0,30,,,
vote_gain,Andre_Agassi,,vote5,5,Andre_Agassi/Andre_Agassi_0031.jpg,25,additional_probe,0,1,1,26,,,
vote_gain,Andre_Agassi,,single,1,Andre_Agassi/Andre_Agassi_0032.jpg,26,additional_probe,0,1,1,28,,,
vote_gain,Andre_Agassi,,vote5,5,Andre_Agassi/Andre_Agassi_0032.jpg,26,additional_probe,0,1,1,22,,,
vote_gain,Andre_Agassi,,single,1,Andre_Agassi/Andre_Agassi_0033.jpg,27,additional_probe,0,1,0,30,,,
vote_gain,Andre_Agassi,,vote5,5,Andre_Agassi/Andre_Agassi_0033.jpg,27,additional_probe,0,1,1,19,,,
vote_gain,Andre_Agassi,,single,1,Andre_Agassi/Andre_Agassi_0034.jpg,28,additional_probe,0,1,0,30,,,
vote_gain,Andre_Agassi,,vote5,5,Andre_Agassi/Andre_Agassi_0034.jpg,28,additional_probe,0,1,1,25,,,
vote_gain,Andre_Agassi,,single,1,Andre_Agassi/Andre_Agassi_0035.jpg,29,additional_probe,0,1,1,28,,,
vote_gain,Andre_Agassi,,vote5,5,Andre_Agassi/Andre_Agassi_0035.jpg,29,additional_probe,0,1,1,21,,,
vote_gain,Andre_Agassi,,single,1,Andre_Agassi/Andre_Agassi_0036.jpg,30,additional_probe,0,1,0,31,,,
vote_gain,Andre_Agassi,,vote5,5,Andre_Agassi/Andre_Agassi_0036.jpg,30,additional_probe,0,1,1,25,,,
vote_gain,Andy_Roddick,,single,1,Andy_Roddick/Andy_Roddick_0006.jpg,0,first_probe,1,1,0,31,,,
vote_gain,Andy_Roddick,,vote5,5,Andy_Roddick/Andy_Roddick_0006.jpg,0,first_probe,1,1,1,23,,,
vote_gain,Andy_Roddick,,single,1,Andy_Roddick/Andy_Roddick_0007.jpg,1,additional_probe,0,1,0,32,,,
vote_gain,Andy_Roddick,,vote5,5,Andy_Roddick/Andy_Roddick_0007.jpg,1,additional_probe,0,1,1,28,,,
vote_gain,Andy_Roddick,,single,1,Andy_Roddick/Andy_Roddick_0008.jpg,2,additional_probe,0,1,0,31,,,
vote_gain,Andy_Roddick,,vote5,5,Andy_Roddick/Andy_Roddick_0008.jpg,2,additional_probe,0,1,0,29,,,
vote_gain,Andy_Roddick,,single,1,Andy_Roddick/Andy_Roddick_0009.jpg,3,additional_probe,0,1,0,32,,,
vote_gain,Andy_Roddick,,vote5,5,Andy_Roddick/Andy_Roddick_0009.jpg,3,additional_probe,0,1,0,29,,,
vote_gain,Andy_Roddick,,single,1,Andy_Roddick/Andy_Roddick_0010.jpg,4,additional_probe,0,1,0,32,,,
vote_gain,Andy_Roddick,,vote5,5,Andy_Roddick/Andy_Roddick_0010.jpg,4,additional_probe,0,1,1,27,,,
vote_gain,Andy_Roddick,,single,1,Andy_Roddick/Andy_Roddick_0011.jpg,5,additional_probe,0,1,0,31,,,
vote_gain,Andy_Roddick,,vote5,5,Andy_Roddick/Andy_Roddick_0011.jpg,5,additional_probe,0,1,0,31,,,
vote_gain,Andy_Roddick,,single,1,Andy_Roddick/Andy_Roddick_0012.jpg,6,additional_probe,0,1,0,29,,,
vote_gain,Andy_Roddick,,vote5,5,Andy_Roddick/Andy_Roddick_0012.jpg,6,additional_probe,0,1,1,23,,,
vote_gain,Andy_Roddick,,single,1,Andy_Roddick/Andy_Roddick_0013.jpg,7,additional_probe,0,1,0,30,,,
vote_gain,Andy_Roddick,,vote5,5,Andy_Roddick/Andy_Roddick_0013.jpg,7,additional_probe,0,1,0,29,,,
vote_gain,Andy_Roddick,,single,1,Andy_Roddick/Andy_Roddick_0014.jpg,8,additional_probe,0,1,0,30,,,
vote_gain,Andy_Roddick,,vote5,5,Andy_Roddick/Andy_Roddick_0014.jpg,8,additional_probe,0,1,1,28,,,
vote_gain,Andy_Roddick,,single,1,Andy_Roddick/Andy_Roddick_0015.jpg,9,additional_probe,0,1,1,28,,,
vote_gain,Andy_Roddick,,vote5,5,Andy_Roddick/Andy_Roddick_0015.jpg,9,additional_probe,0,1,1,25,,,
vote_gain,Angela_Bassett,,single,1,Angela_Bassett/Angela_Bassett_0006.jpg,0,first_probe,1,1,0,30,,,
vote_gain,Angela_Bassett,,vote5,5,Angela_Bassett/Angela_Bassett_0006.jpg,0,first_probe,1,1,1,27,,,
vote_gain,Angelina_Jolie,,single,1,Angelina_Jolie/Angelina_Jolie_0006.jpg,0,first_probe,1,1,0,29,,,
vote_gain,Angelina_Jolie,,vote5,5,Angelina_Jolie/Angelina_Jolie_0006.jpg,0,first_probe,1,1,1,26,,,
vote_gain,Angelina_Jolie,,single,1,Angelina_Jolie/Angelina_Jolie_0007.jpg,1,additional_probe,0,1,0,29,,,
vote_gain,Angelina_Jolie,,vote5,5,Angelina_Jolie/Angelina_Jolie_0007.jpg,1,additional_probe,0,1,1,23,,,
vote_gain,Angelina_Jolie,,single,1,Angelina_Jolie/Angelina_Jolie_0008.jpg,2,additional_probe,0,1,1,28,,,
vote_gain,Angelina_Jolie,,vote5,5,Angelina_Jolie/Angelina_Jolie_0008.jpg,2,additional_probe,0,1,1,25,,,
vote_gain,Angelina_Jolie,,single,1,Angelina_Jolie/Angelina_Jolie_0009.jpg,3,additional_probe,0,1,0,31,,,
vote_gain,Angelina_Jolie,,vote5,5,Angelina_Jolie/Angelina_Jolie_0009.jpg,3,additional_probe,0,1,1,23,,,
vote_gain,Angelina_Jolie,,single,1,Angelina_Jolie/Angelina_Jolie_0010.jpg,4,additional_probe,0,1,0,30,,,
vote_gain,Angelina_Jolie,,vote5,5,Angelina_Jolie/Angelina_Jolie_0010.jpg,4,additional_probe,0,1,1,23,,,
vote_gain,Angelina_Jolie,,single,1,Angelina_Jolie/Angelina_Jolie_0011.jpg,5,additional_probe,0,1,0,32,,,
vote_gain,Angelina_Jolie,,vote5,5,Angelina_Jolie/Angelina_Jolie_0011.jpg,5,additional_probe,0,1,1,28,,,
vote_gain,Angelina_Jolie,,single,1,Angelina_Jolie/Angelina_Jolie_0012.jpg,6,additional_probe,0,1,1,28,,,
vote_gain,Angelina_Jolie,,vote5,5,Angelina_Jolie/Angelina_Jolie_0012.jpg,6,additional_probe,0,1,1,16,,,
vote_gain,Angelina_Jolie,,single,1,Angelina_Jolie/Angelina_Jolie_0013.jpg,7,additional_probe,0,1,0,31,,,
vote_gain,Angelina_Jolie,,vote5,5,Angelina_Jolie/Angelina_Jolie_0013.jpg,7,additional_probe,0,1,1,23,,,
vote_gain,Angelina_Jolie,,single,1,Angelina_Jolie/Angelina_Jolie_0014.jpg,8,additional_probe,0,1,0,29,,,
vote_gain,Angelina_Jolie,,vote5,5,Angelina_Jolie/Angelina_Jolie_0014.jpg,8,additional_probe,0,1,1,23,,,
vote_gain,Angelina_Jolie,,single,1,Angelina_Jolie/Angelina_Jolie_0015.jpg,9,additional_probe,0,1,0,29,,,
vote_gain,Angelina_Jolie,,vote5,5,Angelina_Jolie/Angelina_Jolie_0015.jpg,9,additional_probe,0,1,1,22,,,
vote_gain,Angelina_Jolie,,single,1,Angelina_Jolie/Angelina_Jolie_0016.jpg,10,additional_probe,0,1,0,32,,,
vote_gain,Angelina_Jolie,,vote5,5,Angelina_Jolie/Angelina_Jolie_0016.jpg,10,additional_probe,0,1,1,27,,,
vote_gain,Angelina_Jolie,,single,1,Angelina_Jolie/Angelina_Jolie_0017.jpg,11,additional_probe,0,1,0,32,,,
vote_gain,Angelina_Jolie,,vote5,5,Angelina_Jolie/Angelina_Jolie_0017.jpg,11,additional_probe,0,1,0,29,,,
vote_gain,Angelina_Jolie,,single,1,Angelina_Jolie/Angelina_Jolie_0018.jpg,12,additional_probe,0,1,1,28,,,
vote_gain,Angelina_Jolie,,vote5,5,Angelina_Jolie/Angelina_Jolie_0018.jpg,12,additional_probe,0,1,1,20,,,
vote_gain,Angelina_Jolie,,single,1,Angelina_Jolie/Angelina_Jolie_0019.jpg,13,additional_probe,0,1,0,32,,,
vote_gain,Angelina_Jolie,,vote5,5,Angelina_Jolie/Angelina_Jolie_0019.jpg,13,additional_probe,0,1,1,28,,,
vote_gain,Angelina_Jolie,,single,1,Angelina_Jolie/Angelina_Jolie_0020.jpg,14,additional_probe,0,1,0,31,,,
vote_gain,Angelina_Jolie,,vote5,5,Angelina_Jolie/Angelina_Jolie_0020.jpg,14,additional_probe,0,1,1,18,,,
vote_gain,Ann_Veneman,,single,1,Ann_Veneman/Ann_Veneman_0006.jpg,0,first_probe,1,1,0,29,,,
vote_gain,Ann_Veneman,,vote5,5,Ann_Veneman/Ann_Veneman_0006.jpg,0,first_probe,1,1,1,22,,,
vote_gain,Ann_Veneman,,single,1,Ann_Veneman/Ann_Veneman_0007.jpg,1,additional_probe,0,1,0,30,,,
vote_gain,Ann_Veneman,,vote5,5,Ann_Veneman/Ann_Veneman_0007.jpg,1,additional_probe,0,1,1,26,,,
vote_gain,Ann_Veneman,,single,1,Ann_Veneman/Ann_Veneman_0008.jpg,2,additional_probe,0,1,0,29,,,
vote_gain,Ann_Veneman,,vote5,5,Ann_Veneman/Ann_Veneman_0008.jpg,2,additional_probe,0,1,1,20,,,
vote_gain,Ann_Veneman,,single,1,Ann_Veneman/Ann_Veneman_0009.jpg,3,additional_probe,0,1,1,27,,,
vote_gain,Ann_Veneman,,vote5,5,Ann_Veneman/Ann_Veneman_0009.jpg,3,additional_probe,0,1,1,19,,,
vote_gain,Ann_Veneman,,single,1,Ann_Veneman/Ann_Veneman_0010.jpg,4,additional_probe,0,1,0,30,,,
vote_gain,Ann_Veneman,,vote5,5,Ann_Veneman/Ann_Veneman_0010.jpg,4,additional_probe,0,1,1,28,,,
vote_gain,Ann_Veneman,,single,1,Ann_Veneman/Ann_Veneman_0011.jpg,5,additional_probe,0,1,0,32,,,
vote_gain,Ann_Veneman,,vote5,5,Ann_Veneman/Ann_Veneman_0011.jpg,5,additional_probe,0,1,1,21,,,
vote_gain,Anna_Kournikova,,single,1,Anna_Kournikova/Anna_Kournikova_0006.jpg,0,first_probe,1,1,0,29,,,
vote_gain,Anna_Kournikova,,vote5,5,Anna_Kournikova/Anna_Kournikova_0006.jpg,0,first_probe,1,1,0,29,,,
vote_gain,Anna_Kournikova,,single,1,Anna_Kournikova/Anna_Kournikova_0007.jpg,1,additional_probe,0,1,0,32,,,
vote_gain,Anna_Kournikova,,vote5,5,Anna_Kournikova/Anna_Kournikova_0007.jpg,1,additional_probe,0,1,1,28,,,
vote_gain,Anna_Kournikova,,single,1,Anna_Kournikova/Anna_Kournikova_0008.jpg,2,additional_probe,0,1,0,32,,,
vote_gain,Anna_Kournikova,,vote5,5,Anna_Kournikova/Anna_Kournikova_0008.jpg,2,additional_probe,0,1,1,28,,,
vote_gain,Anna_Kournikova,,single,1,Anna_Kournikova/Anna_Kournikova_0009.jpg,3,additional_probe,0,1,0,31,,,
vote_gain,Anna_Kournikova,,vote5,5,Anna_Kournikova/Anna_Kournikova_0009.jpg,3,additional_probe,0,1,0,29,,,
vote_gain,Anna_Kournikova,,single,1,Anna_Kournikova/Anna_Kournikova_0010.jpg,4,additional_probe,0,1,0,30,,,
vote_gain,Anna_Kournikova,,vote5,5,Anna_Kournikova/Anna_Kournikova_0010.jpg,4,additional_probe,0,1,0,30,,,
vote_gain,Anna_Kournikova,,single,1,Anna_Kournikova/Anna_Kournikova_0011.jpg,5,additional_probe,0,1,0,32,,,
vote_gain,Anna_Kournikova,,vote5,5,Anna_Kournikova/Anna_Kournikova_0011.jpg,5,additional_probe,0,1,1,25,,,
vote_gain,Anna_Kournikova,,single,1,Anna_Kournikova/Anna_Kournikova_0012.jpg,6,additional_probe,0,1,0,32,,,
vote_gain,Anna_Kournikova,,vote5,5,Anna_Kournikova/Anna_Kournikova_0012.jpg,6,additional_probe,0,1,0,32,,,
vote_gain,Antonio_Palocci,,single,1,Antonio_Palocci/Antonio_Palocci_0006.jpg,0,first_probe,1,1,0,31,,,
vote_gain,Antonio_Palocci,,vote5,5,Antonio_Palocci/Antonio_Palocci_0006.jpg,0,first_probe,1,1,1,26,,,
vote_gain,Antonio_Palocci,,single,1,Antonio_Palocci/Antonio_Palocci_0007.jpg,1,additional_probe,0,1,1,25,,,
vote_gain,Antonio_Palocci,,vote5,5,Antonio_Palocci/Antonio_Palocci_0007.jpg,1,additional_probe,0,1,1,19,,,
vote_gain,Antonio_Palocci,,single,1,Antonio_Palocci/Antonio_Palocci_0008.jpg,2,additional_probe,0,1,0,31,,,
vote_gain,Antonio_Palocci,,vote5,5,Antonio_Palocci/Antonio_Palocci_0008.jpg,2,additional_probe,0,1,1,18,,,
vote_gain,Ari_Fleischer,,single,1,Ari_Fleischer/Ari_Fleischer_0006.jpg,0,first_probe,1,1,0,32,,,
vote_gain,Ari_Fleischer,,vote5,5,Ari_Fleischer/Ari_Fleischer_0006.jpg,0,first_probe,1,1,1,21,,,
vote_gain,Ari_Fleischer,,single,1,Ari_Fleischer/Ari_Fleischer_0007.jpg,1,additional_probe,0,1,1,28,,,
vote_gain,Ari_Fleischer,,vote5,5,Ari_Fleischer/Ari_Fleischer_0007.jpg,1,additional_probe,0,1,1,24,,,
vote_gain,Ari_Fleischer,,single,1,Ari_Fleischer/Ari_Fleischer_0008.jpg,2,additional_probe,0,1,0,31,,,
vote_gain,Ari_Fleischer,,vote5,5,Ari_Fleischer/Ari_Fleischer_0008.jpg,2,additional_probe,0,1,1,25,,,
vote_gain,Ari_Fleischer,,single,1,Ari_Fleischer/Ari_Fleischer_0009.jpg,3,additional_probe,0,1,0,29,,,
vote_gain,Ari_Fleischer,,vote5,5,Ari_Fleischer/Ari_Fleischer_0009.jpg,3,additional_probe,0,1,1,17,,,
vote_gain,Ari_Fleischer,,single,1,Ari_Fleischer/Ari_Fleischer_0010.jpg,4,additional_probe,0,1,0,29,,,
vote_gain,Ari_Fleischer,,vote5,5,Ari_Fleischer/Ari_Fleischer_0010.jpg,4,additional_probe,0,1,1,19,,,
vote_gain,Ari_Fleischer,,single,1,Ari_Fleischer/Ari_Fleischer_0011.jpg,5,additional_probe,0,1,0,31,,,
vote_gain,Ari_Fleischer,,vote5,5,Ari_Fleischer/Ari_Fleischer_0011.jpg,5,additional_probe,0,1,1,21,,,
vote_gain,Ari_Fleischer,,single,1,Ari_Fleischer/Ari_Fleischer_0012.jpg,6,additional_probe,0,1,1,28,,,
vote_gain,Ari_Fleischer,,vote5,5,Ari_Fleischer/Ari_Fleischer_0012.jpg,6,additional_probe,0,1,1,18,,,
vote_gain,Ari_Fleischer,,single,1,Ari_Fleischer/Ari_Fleischer_0013.jpg,7,additional_probe,0,1,0,29,,,
vote_gain,Ari_Fleischer,,vote5,5,Ari_Fleischer/Ari_Fleischer_0013.jpg,7,additional_probe,0,1,1,25,,,
vote_gain,Ariel_Sharon,,single,1,Ariel_Sharon/Ariel_Sharon_0006.jpg,0,first_probe,1,1,0,29,,,
vote_gain,Ariel_Sharon,,vote5,5,Ariel_Sharon/Ariel_Sharon_0006.jpg,0,first_probe,1,1,1,26,,,
vote_gain,Ariel_Sharon,,single,1,Ariel_Sharon/Ariel_Sharon_0007.jpg,1,additional_probe,0,1,0,31,,,
vote_gain,Ariel_Sharon,,vote5,5,Ariel_Sharon/Ariel_Sharon_0007.jpg,1,additional_probe,0,1,1,22,,,
vote_gain,Ariel_Sharon,,single,1,Ariel_Sharon/Ariel_Sharon_0008.jpg,2,additional_probe,0,1,0,30,,,
vote_gain,Ariel_Sharon,,vote5,5,Ariel_Sharon/Ariel_Sharon_0008.jpg,2,additional_probe,0,1,1,23,,,
vote_gain,Ariel_Sharon,,single,1,Ariel_Sharon/Ariel_Sharon_0009.jpg,3,additional_probe,0,1,0,29,,,
vote_gain,Ariel_Sharon,,vote5,5,Ariel_Sharon/Ariel_Sharon_0009.jpg,3,additional_probe,0,1,1,23,,,
vote_gain,Ariel_Sharon,,single,1,Ariel_Sharon/Ariel_Sharon_0010.jpg,4,additional_probe,0,1,1,25,,,
vote_gain,Ariel_Sharon,,vote5,5,Ariel_Sharon/Ariel_Sharon_0010.jpg,4,additional_probe,0,1,1,19,,,
vote_gain,Ariel_Sharon,,single,1,Ariel_Sharon/Ariel_Sharon_0011.jpg,5,additional_probe,0,1,1,28,,,
vote_gain,Ariel_Sharon,,vote5,5,Ariel_Sharon/Ariel_Sharon_0011.jpg,5,additional_probe,0,1,1,25,,,
vote_gain,Ariel_Sharon,,single,1,Ariel_Sharon/Ariel_Sharon_0012.jpg,6,additional_probe,0,1,0,29,,,
vote_gain,Ariel_Sharon,,vote5,5,Ariel_Sharon/Ariel_Sharon_0012.jpg,6,additional_probe,0,1,1,19,,,
vote_gain,Ariel_Sharon,,single,1,Ariel_Sharon/Ariel_Sharon_0013.jpg,7,additional_probe,0,1,0,31,,,
vote_gain,Ariel_Sharon,,vote5,5,Ariel_Sharon/Ariel_Sharon_0013.jpg,7,additional_probe,0,1,1,21,,,
vote_gain,Ariel_Sharon,,single,1,Ariel_Sharon/Ariel_Sharon_0014.jpg,8,additional_probe,0,1,0,29,,,
vote_gain,Ariel_Sharon,,vote5,5,Ariel_Sharon/Ariel_Sharon_0014.jpg,8,additional_probe,0,1,1,20,,,
vote_gain,Ariel_Sharon,,single,1,Ariel_Sharon/Ariel_Sharon_0015.jpg,9,additional_probe,0,1,1,26,,,
vote_gain,Ariel_Sharon,,vote5,5,Ariel_Sharon/Ariel_Sharon_0015.jpg,9,additional_probe,0,1,1,19,,,
vote_gain,Ariel_Sharon,,single,1,Ariel_Sharon/Ariel_Sharon_0016.jpg,10,additional_probe,0,1,1,26,,,
vote_gain,Ariel_Sharon,,vote5,5,Ariel_Sharon/Ariel_Sharon_0016.jpg,10,additional_probe,0,1,1,16,,,
vote_gain,Ariel_Sharon,,single,1,Ariel_Sharon/Ariel_Sharon_0017.jpg,11,additional_probe,0,1,0,31,,,
vote_gain,Ariel_Sharon,,vote5,5,Ariel_Sharon/Ariel_Sharon_0017.jpg,11,additional_probe,0,1,1,27,,,
vote_gain,Ariel_Sharon,,single,1,Ariel_Sharon/Ariel_Sharon_0018.jpg,12,additional_probe,0,1,0,31,,,
vote_gain,Ariel_Sharon,,vote5,5,Ariel_Sharon/Ariel_Sharon_0018.jpg,12,additional_probe,0,1,1,26,,,
vote_gain,Ariel_Sharon,,single,1,Ariel_Sharon/Ariel_Sharon_0019.jpg,13,additional_probe,0,1,0,30,,,
vote_gain,Ariel_Sharon,,vote5,5,Ariel_Sharon/Ariel_Sharon_0019.jpg,13,additional_probe,0,1,1,23,,,
vote_gain,Ariel_Sharon,,single,1,Ariel_Sharon/Ariel_Sharon_0020.jpg,14,additional_probe,0,1,0,30,,,
vote_gain,Ariel_Sharon,,vote5,5,Ariel_Sharon/Ariel_Sharon_0020.jpg,14,additional_probe,0,1,1,25,,,
vote_gain,Ariel_Sharon,,single,1,Ariel_Sharon/Ariel_Sharon_0021.jpg,15,additional_probe,0,1,0,29,,,
vote_gain,Ariel_Sharon,,vote5,5,Ariel_Sharon/Ariel_Sharon_0021.jpg,15,additional_probe,0,1,1,23,,,
vote_gain,Ariel_Sharon,,single,1,Ariel_Sharon/Ariel_Sharon_0022.jpg,16,additional_probe,0,1,1,28,,,
vote_gain,Ariel_Sharon,,vote5,5,Ariel_Sharon/Ariel_Sharon_0022.jpg,16,additional_probe,0,1,1,26,,,
vote_gain,Ariel_Sharon,,single,1,Ariel_Sharon/Ariel_Sharon_0023.jpg,17,additional_probe,0,1,1,27,,,
vote_gain,Ariel_Sharon,,vote5,5,Ariel_Sharon/Ariel_Sharon_0023.jpg,17,additional_probe,0,1,1,23,,,
vote_gain,Ariel_Sharon,,single,1,Ariel_Sharon/Ariel_Sharon_0024.jpg,18,additional_probe,0,1,0,30,,,
vote_gain,Ariel_Sharon,,vote5,5,Ariel_Sharon/Ariel_Sharon_0024.jpg,18,additional_probe,0,1,1,27,,,
vote_gain,Ariel_Sharon,,single,1,Ariel_Sharon/Ariel_Sharon_0025.jpg,19,additional_probe,0,1,0,31,,,
vote_gain,Ariel_Sharon,,vote5,5,Ariel_Sharon/Ariel_Sharon_0025.jpg,19,additional_probe,0,1,1,24,,,
vote_gain,Ariel_Sharon,,single,1,Ariel_Sharon/Ariel_Sharon_0026.jpg,20,additional_probe,0,1,0,29,,,
vote_gain,Ariel_Sharon,,vote5,5,Ariel_Sharon/Ariel_Sharon_0026.jpg,20,additional_probe,0,1,1,24,,,
vote_gain,Ariel_Sharon,,single,1,Ariel_Sharon/Ariel_Sharon_0027.jpg,21,additional_probe,0,1,1,26,,,
vote_gain,Ariel_Sharon,,vote5,5,Ariel_Sharon/Ariel_Sharon_0027.jpg,21,additional_probe,0,1,1,14,,,
vote_gain,Ariel_Sharon,,single,1,Ariel_Sharon/Ariel_Sharon_0028.jpg,22,additional_probe,0,1,0,31,,,
vote_gain,Ariel_Sharon,,vote5,5,Ariel_Sharon/Ariel_Sharon_0028.jpg,22,additional_probe,0,1,1,26,,,
vote_gain,Ariel_Sharon,,single,1,Ariel_Sharon/Ariel_Sharon_0029.jpg,23,additional_probe,0,1,0,29,,,
vote_gain,Ariel_Sharon,,vote5,5,Ariel_Sharon/Ariel_Sharon_0029.jpg,23,additional_probe,0,1,1,24,,,
vote_gain,Ariel_Sharon,,single,1,Ariel_Sharon/Ariel_Sharon_0030.jpg,24,additional_probe,0,1,1,28,,,
vote_gain,Ariel_Sharon,,vote5,5,Ariel_Sharon/Ariel_Sharon_0030.jpg,24,additional_probe,0,1,1,26,,,
vote_gain,Ariel_Sharon,,single,1,Ariel_Sharon/Ariel_Sharon_0031.jpg,25,additional_probe,0,1,0,31,,,
vote_gain,Ariel_Sharon,,vote5,5,Ariel_Sharon/Ariel_Sharon_0031.jpg,25,additional_probe,0,1,1,28,,,
vote_gain,Ariel_Sharon,,single,1,Ariel_Sharon/Ariel_Sharon_0032.jpg,26,additional_probe,0,1,0,29,,,
vote_gain,Ariel_Sharon,,vote5,5,Ariel_Sharon/Ariel_Sharon_0032.jpg,26,additional_probe,0,1,1,18,,,
vote_gain,Ariel_Sharon,,single,1,Ariel_Sharon/Ariel_Sharon_0033.jpg,27,additional_probe,0,1,0,30,,,
vote_gain,Ariel_Sharon,,vote5,5,Ariel_Sharon/Ariel_Sharon_0033.jpg,27,additional_probe,0,1,1,22,,,
vote_gain,Ariel_Sharon,,single,1,Ariel_Sharon/Ariel_Sharon_0034.jpg,28,additional_probe,0,1,0,32,,,
vote_gain,Ariel_Sharon,,vote5,5,Ariel_Sharon/Ariel_Sharon_0034.jpg,28,additional_probe,0,1,1,20,,,
vote_gain,Ariel_Sharon,,single,1,Ariel_Sharon/Ariel_Sharon_0035.jpg,29,additional_probe,0,1,0,30,,,
vote_gain,Ariel_Sharon,,vote5,5,Ariel_Sharon/Ariel_Sharon_0035.jpg,29,additional_probe,0,1,1,24,,,
vote_gain,Ariel_Sharon,,single,1,Ariel_Sharon/Ariel_Sharon_0036.jpg,30,additional_probe,0,1,0,31,,,
vote_gain,Ariel_Sharon,,vote5,5,Ariel_Sharon/Ariel_Sharon_0036.jpg,30,additional_probe,0,1,1,28,,,
vote_gain,Ariel_Sharon,,single,1,Ariel_Sharon/Ariel_Sharon_0037.jpg,31,additional_probe,0,1,0,31,,,
vote_gain,Ariel_Sharon,,vote5,5,Ariel_Sharon/Ariel_Sharon_0037.jpg,31,additional_probe,0,1,1,23,,,
vote_gain,Ariel_Sharon,,single,1,Ariel_Sharon/Ariel_Sharon_0038.jpg,32,additional_probe,0,1,0,29,,,
vote_gain,Ariel_Sharon,,vote5,5,Ariel_Sharon/Ariel_Sharon_0038.jpg,32,additional_probe,0,1,1,28,,,
vote_gain,Ariel_Sharon,,single,1,Ariel_Sharon/Ariel_Sharon_0039.jpg,33,additional_probe,0,1,0,31,,,
vote_gain,Ariel_Sharon,,vote5,5,Ariel_Sharon/Ariel_Sharon_0039.jpg,33,additional_probe,0,1,1,22,,,
vote_gain,Ariel_Sharon,,single,1,Ariel_Sharon/Ariel_Sharon_0040.jpg,34,additional_probe,0,1,0,32,,,
vote_gain,Ariel_Sharon,,vote5,5,Ariel_Sharon/Ariel_Sharon_0040.jpg,34,additional_probe,0,1,1,27,,,
vote_gain,Ariel_Sharon,,single,1,Ariel_Sharon/Ariel_Sharon_0041.jpg,35,additional_probe,0,1,1,27,,,
vote_gain,Ariel_Sharon,,vote5,5,Ariel_Sharon/Ariel_Sharon_0041.jpg,35,additional_probe,0,1,1,19,,,
vote_gain,Ariel_Sharon,,single,1,Ariel_Sharon/Ariel_Sharon_0042.jpg,36,additional_probe,0,1,0,30,,,
vote_gain,Ariel_Sharon,,vote5,5,Ariel_Sharon/Ariel_Sharon_0042.jpg,36,additional_probe,0,1,1,22,,,
vote_gain,Ariel_Sharon,,single,1,Ariel_Sharon/Ariel_Sharon_0043.jpg,37,additional_probe,0,1,0,32,,,
vote_gain,Ariel_Sharon,,vote5,5,Ariel_Sharon/Ariel_Sharon_0043.jpg,37,additional_probe,0,1,1,23,,,
vote_gain,Ariel_Sharon,,single,1,Ariel_Sharon/Ariel_Sharon_0044.jpg,38,additional_probe,0,1,0,32,,,
vote_gain,Ariel_Sharon,,vote5,5,Ariel_Sharon/Ariel_Sharon_0044.jpg,38,additional_probe,0,1,1,22,,,
vote_gain,Ariel_Sharon,,single,1,Ariel_Sharon/Ariel_Sharon_0045.jpg,39,additional_probe,0,1,0,32,,,
vote_gain,Ariel_Sharon,,vote5,5,Ariel_Sharon/Ariel_Sharon_0045.jpg,39,additional_probe,0,1,1,26,,,
vote_gain,Ariel_Sharon,,single,1,Ariel_Sharon/Ariel_Sharon_0046.jpg,40,additional_probe,0,1,1,27,,,
vote_gain,Ariel_Sharon,,vote5,5,Ariel_Sharon/Ariel_Sharon_0046.jpg,40,additional_probe,0,1,1,28,,,
vote_gain,Ariel_Sharon,,single,1,Ariel_Sharon/Ariel_Sharon_0047.jpg,41,additional_probe,0,1,0,32,,,
vote_gain,Ariel_Sharon,,vote5,5,Ariel_Sharon/Ariel_Sharon_0047.jpg,41,additional_probe,0,1,0,32,,,
vote_gain,Ariel_Sharon,,single,1,Ariel_Sharon/Ariel_Sharon_0048.jpg,42,additional_probe,0,1,0,31,,,
vote_gain,Ariel_Sharon,,vote5,5,Ariel_Sharon/Ariel_Sharon_0048.jpg,42,additional_probe,0,1,1,23,,,
vote_gain,Ariel_Sharon,,single,1,Ariel_Sharon/Ariel_Sharon_0049.jpg,43,additional_probe,0,1,0,31,,,
vote_gain,Ariel_Sharon,,vote5,5,Ariel_Sharon/Ariel_Sharon_0049.jpg,43,additional_probe,0,1,1,20,,,
vote_gain,Ariel_Sharon,,single,1,Ariel_Sharon/Ariel_Sharon_0050.jpg,44,additional_probe,0,1,0,29,,,
vote_gain,Ariel_Sharon,,vote5,5,Ariel_Sharon/Ariel_Sharon_0050.jpg,44,additional_probe,0,1,1,20,,,
vote_gain,Ariel_Sharon,,single,1,Ariel_Sharon/Ariel_Sharon_0051.jpg,45,additional_probe,0,1,0,29,,,
vote_gain,Ariel_Sharon,,vote5,5,Ariel_Sharon/Ariel_Sharon_0051.jpg,45,additional_probe,0,1,1,19,,,
vote_gain,Ariel_Sharon,,single,1,Ariel_Sharon/Ariel_Sharon_0052.jpg,46,additional_probe,0,1,0,31,,,
vote_gain,Ariel_Sharon,,vote5,5,Ariel_Sharon/Ariel_Sharon_0052.jpg,46,additional_probe,0,1,0,30,,,
vote_gain,Ariel_Sharon,,single,1,Ariel_Sharon/Ariel_Sharon_0053.jpg,47,additional_probe,0,1,1,27,,,
vote_gain,Ariel_Sharon,,vote5,5,Ariel_Sharon/Ariel_Sharon_0053.jpg,47,additional_probe,0,1,1,23,,,
vote_gain,Ariel_Sharon,,single,1,Ariel_Sharon/Ariel_Sharon_0054.jpg,48,additional_probe,0,1,1,27,,,
vote_gain,Ariel_Sharon,,vote5,5,Ariel_Sharon/Ariel_Sharon_0054.jpg,48,additional_probe,0,1,1,23,,,
vote_gain,Ariel_Sharon,,single,1,Ariel_Sharon/Ariel_Sharon_0055.jpg,49,additional_probe,0,1,1,28,,,
vote_gain,Ariel_Sharon,,vote5,5,Ariel_Sharon/Ariel_Sharon_0055.jpg,49,additional_probe,0,1,1,26,,,
vote_gain,Ariel_Sharon,,single,1,Ariel_Sharon/Ariel_Sharon_0056.jpg,50,additional_probe,0,1,0,32,,,
vote_gain,Ariel_Sharon,,vote5,5,Ariel_Sharon/Ariel_Sharon_0056.jpg,50,additional_probe,0,1,1,27,,,
vote_gain,Ariel_Sharon,,single,1,Ariel_Sharon/Ariel_Sharon_0057.jpg,51,additional_probe,0,1,1,28,,,
vote_gain,Ariel_Sharon,,vote5,5,Ariel_Sharon/Ariel_Sharon_0057.jpg,51,additional_probe,0,1,1,24,,,
vote_gain,Ariel_Sharon,,single,1,Ariel_Sharon/Ariel_Sharon_0058.jpg,52,additional_probe,0,1,0,31,,,
vote_gain,Ariel_Sharon,,vote5,5,Ariel_Sharon/Ariel_Sharon_0058.jpg,52,additional_probe,0,1,1,22,,,
vote_gain,Ariel_Sharon,,single,1,Ariel_Sharon/Ariel_Sharon_0059.jpg,53,additional_probe,0,1,0,30,,,
vote_gain,Ariel_Sharon,,vote5,5,Ariel_Sharon/Ariel_Sharon_0059.jpg,53,additional_probe,0,1,1,16,,,
vote_gain,Ariel_Sharon,,single,1,Ariel_Sharon/Ariel_Sharon_0060.jpg,54,additional_probe,0,1,1,26,,,
vote_gain,Ariel_Sharon,,vote5,5,Ariel_Sharon/Ariel_Sharon_0060.jpg,54,additional_probe,0,1,1,24,,,
vote_gain,Ariel_Sharon,,single,1,Ariel_Sharon/Ariel_Sharon_0061.jpg,55,additional_probe,0,1,0,32,,,
vote_gain,Ariel_Sharon,,vote5,5,Ariel_Sharon/Ariel_Sharon_0061.jpg,55,additional_probe,0,1,1,22,,,
vote_gain,Ariel_Sharon,,single,1,Ariel_Sharon/Ariel_Sharon_0062.jpg,56,additional_probe,0,1,0,29,,,
vote_gain,Ariel_Sharon,,vote5,5,Ariel_Sharon/Ariel_Sharon_0062.jpg,56,additional_probe,0,1,1,20,,,
vote_gain,Ariel_Sharon,,single,1,Ariel_Sharon/Ariel_Sharon_0063.jpg,57,additional_probe,0,1,1,28,,,
vote_gain,Ariel_Sharon,,vote5,5,Ariel_Sharon/Ariel_Sharon_0063.jpg,57,additional_probe,0,1,1,24,,,
vote_gain,Ariel_Sharon,,single,1,Ariel_Sharon/Ariel_Sharon_0064.jpg,58,additional_probe,0,1,0,29,,,
vote_gain,Ariel_Sharon,,vote5,5,Ariel_Sharon/Ariel_Sharon_0064.jpg,58,additional_probe,0,1,0,31,,,
vote_gain,Ariel_Sharon,,single,1,Ariel_Sharon/Ariel_Sharon_0065.jpg,59,additional_probe,0,1,0,30,,,
vote_gain,Ariel_Sharon,,vote5,5,Ariel_Sharon/Ariel_Sharon_0065.jpg,59,additional_probe,0,1,1,24,,,
vote_gain,Ariel_Sharon,,single,1,Ariel_Sharon/Ariel_Sharon_0066.jpg,60,additional_probe,0,1,1,28,,,
vote_gain,Ariel_Sharon,,vote5,5,Ariel_Sharon/Ariel_Sharon_0066.jpg,60,additional_probe,0,1,1,22,,,
vote_gain,Ariel_Sharon,,single,1,Ariel_Sharon/Ariel_Sharon_0067.jpg,61,additional_probe,0,1,1,28,,,
vote_gain,Ariel_Sharon,,vote5,5,Ariel_Sharon/Ariel_Sharon_0067.jpg,61,additional_probe,0,1,1,23,,,
vote_gain,Ariel_Sharon,,single,1,Ariel_Sharon/Ariel_Sharon_0068.jpg,62,additional_probe,0,1,0,30,,,
vote_gain,Ariel_Sharon,,vote5,5,Ariel_Sharon/Ariel_Sharon_0068.jpg,62,additional_probe,0,1,1,26,,,
vote_gain,Ariel_Sharon,,single,1,Ariel_Sharon/Ariel_Sharon_0069.jpg,63,additional_probe,0,1,1,28,,,
vote_gain,Ariel_Sharon,,vote5,5,Ariel_Sharon/Ariel_Sharon_0069.jpg,63,additional_probe,0,1,1,24,,,
vote_gain,Ariel_Sharon,,single,1,Ariel_Sharon/Ariel_Sharon_0070.jpg,64,additional_probe,0,1,0,29,,,
vote_gain,Ariel_Sharon,,vote5,5,Ariel_Sharon/Ariel_Sharon_0070.jpg,64,additional_probe,0,1,1,23,,,
vote_gain,Ariel_Sharon,,single,1,Ariel_Sharon/Ariel_Sharon_0071.jpg,65,additional_probe,0,1,0,31,,,
vote_gain,Ariel_Sharon,,vote5,5,Ariel_Sharon/Ariel_Sharon_0071.jpg,65,additional_probe,0,1,1,25,,,
vote_gain,Ariel_Sharon,,single,1,Ariel_Sharon/Ariel_Sharon_0072.jpg,66,additional_probe,0,1,0,32,,,
vote_gain,Ariel_Sharon,,vote5,5,Ariel_Sharon/Ariel_Sharon_0072.jpg,66,additional_probe,0,1,0,29,,,
vote_gain,Ariel_Sharon,,single,1,Ariel_Sharon/Ariel_Sharon_0073.jpg,67,additional_probe,0,1,1,27,,,
vote_gain,Ariel_Sharon,,vote5,5,Ariel_Sharon/Ariel_Sharon_0073.jpg,67,additional_probe,0,1,1,22,,,
vote_gain,Ariel_Sharon,,single,1,Ariel_Sharon/Ariel_Sharon_0074.jpg,68,additional_probe,0,1,1,27,,,
vote_gain,Ariel_Sharon,,vote5,5,Ariel_Sharon/Ariel_Sharon_0074.jpg,68,additional_probe,0,1,1,27,,,
vote_gain,Ariel_Sharon,,single,1,Ariel_Sharon/Ariel_Sharon_0075.jpg,69,additional_probe,0,1,0,29,,,
vote_gain,Ariel_Sharon,,vote5,5,Ariel_Sharon/Ariel_Sharon_0075.jpg,69,additional_probe,0,1,1,19,,,
vote_gain,Ariel_Sharon,,single,1,Ariel_Sharon/Ariel_Sharon_0076.jpg,70,additional_probe,0,1,0,32,,,
vote_gain,Ariel_Sharon,,vote5,5,Ariel_Sharon/Ariel_Sharon_0076.jpg,70,additional_probe,0,1,1,24,,,
vote_gain,Ariel_Sharon,,single,1,Ariel_Sharon/Ariel_Sharon_0077.jpg,71,additional_probe,0,1,1,28,,,
vote_gain,Ariel_Sharon,,vote5,5,Ariel_Sharon/Ariel_Sharon_0077.jpg,71,additional_probe,0,1,1,24,,,
vote_gain,Arminio_Fraga,,single,1,Arminio_Fraga/Arminio_Fraga_0006.jpg,0,first_probe,1,1,0,32,,,
vote_gain,Arminio_Fraga,,vote5,5,Arminio_Fraga/Arminio_Fraga_0006.jpg,0,first_probe,1,1,1,19,,,
vote_gain,Arnold_Schwarzenegger,,single,1,Arnold_Schwarzenegger/Arnold_Schwarzenegger_0006.jpg,0,first_probe,1,1,1,28,,,
vote_gain,Arnold_Schwarzenegger,,vote5,5,Arnold_Schwarzenegger/Arnold_Schwarzenegger_0006.jpg,0,first_probe,1,1,0,29,,,
vote_gain,Arnold_Schwarzenegger,,single,1,Arnold_Schwarzenegger/Arnold_Schwarzenegger_0007.jpg,1,additional_probe,0,1,0,31,,,
vote_gain,Arnold_Schwarzenegger,,vote5,5,Arnold_Schwarzenegger/Arnold_Schwarzenegger_0007.jpg,1,additional_probe,0,1,0,29,,,
vote_gain,Arnold_Schwarzenegger,,single,1,Arnold_Schwarzenegger/Arnold_Schwarzenegger_0008.jpg,2,additional_probe,0,1,0,30,,,
vote_gain,Arnold_Schwarzenegger,,vote5,5,Arnold_Schwarzenegger/Arnold_Schwarzenegger_0008.jpg,2,additional_probe,0,1,0,29,,,
vote_gain,Arnold_Schwarzenegger,,single,1,Arnold_Schwarzenegger/Arnold_Schwarzenegger_0009.jpg,3,additional_probe,0,1,0,32,,,
vote_gain,Arnold_Schwarzenegger,,vote5,5,Arnold_Schwarzenegger/Arnold_Schwarzenegger_0009.jpg,3,additional_probe,0,1,1,27,,,
vote_gain,Arnold_Schwarzenegger,,single,1,Arnold_Schwarzenegger/Arnold_Schwarzenegger_0010.jpg,4,additional_probe,0,1,0,30,,,
vote_gain,Arnold_Schwarzenegger,,vote5,5,Arnold_Schwarzenegger/Arnold_Schwarzenegger_0010.jpg,4,additional_probe,0,1,1,24,,,
vote_gain,Arnold_Schwarzenegger,,single,1,Arnold_Schwarzenegger/Arnold_Schwarzenegger_0011.jpg,5,additional_probe,0,1,0,32,,,
vote_gain,Arnold_Schwarzenegger,,vote5,5,Arnold_Schwarzenegger/Arnold_Schwarzenegger_0011.jpg,5,additional_probe,0,1,1,28,,,
vote_gain,Arnold_Schwarzenegger,,single,1,Arnold_Schwarzenegger/Arnold_Schwarzenegger_0012.jpg,6,additional_probe,0,1,0,29,,,
vote_gain,Arnold_Schwarzenegger,,vote5,5,Arnold_Schwarzenegger/Arnold_Schwarzenegger_0012.jpg,6,additional_probe,0,1,1,22,,,
vote_gain,Arnold_Schwarzenegger,,single,1,Arnold_Schwarzenegger/Arnold_Schwarzenegger_0013.jpg,7,additional_probe,0,1,0,30,,,
vote_gain,Arnold_Schwarzenegger,,vote5,5,Arnold_Schwarzenegger/Arnold_Schwarzenegger_0013.jpg,7,additional_probe,0,1,1,24,,,
vote_gain,Arnold_Schwarzenegger,,single,1,Arnold_Schwarzenegger/Arnold_Schwarzenegger_0014.jpg,8,additional_probe,0,1,0,31,,,
vote_gain,Arnold_Schwarzenegger,,vote5,5,Arnold_Schwarzenegger/Arnold_Schwarzenegger_0014.jpg,8,additional_probe,0,1,1,26,,,
vote_gain,Arnold_Schwarzenegger,,single,1,Arnold_Schwarzenegger/Arnold_Schwarzenegger_0015.jpg,9,additional_probe,0,1,0,30,,,
vote_gain,Arnold_Schwarzenegger,,vote5,5,Arnold_Schwarzenegger/Arnold_Schwarzenegger_0015.jpg,9,additional_probe,0,1,1,27,,,
vote_gain,Arnold_Schwarzenegger,,single,1,Arnold_Schwarzenegger/Arnold_Schwarzenegger_0016.jpg,10,additional_probe,0,1,0,31,,,
vote_gain,Arnold_Schwarzenegger,,vote5,5,Arnold_Schwarzenegger/Arnold_Schwarzenegger_0016.jpg,10,additional_probe,0,1,1,23,,,
vote_gain,Arnold_Schwarzenegger,,single,1,Arnold_Schwarzenegger/Arnold_Schwarzenegger_0017.jpg,11,additional_probe,0,1,0,29,,,
vote_gain,Arnold_Schwarzenegger,,vote5,5,Arnold_Schwarzenegger/Arnold_Schwarzenegger_0017.jpg,11,additional_probe,0,1,1,25,,,
vote_gain,Arnold_Schwarzenegger,,single,1,Arnold_Schwarzenegger/Arnold_Schwarzenegger_0018.jpg,12,additional_probe,0,1,0,31,,,
vote_gain,Arnold_Schwarzenegger,,vote5,5,Arnold_Schwarzenegger/Arnold_Schwarzenegger_0018.jpg,12,additional_probe,0,1,1,27,,,
vote_gain,Arnold_Schwarzenegger,,single,1,Arnold_Schwarzenegger/Arnold_Schwarzenegger_0019.jpg,13,additional_probe,0,1,0,31,,,
vote_gain,Arnold_Schwarzenegger,,vote5,5,Arnold_Schwarzenegger/Arnold_Schwarzenegger_0019.jpg,13,additional_probe,0,1,1,27,,,
vote_gain,Arnold_Schwarzenegger,,single,1,Arnold_Schwarzenegger/Arnold_Schwarzenegger_0020.jpg,14,additional_probe,0,1,0,30,,,
vote_gain,Arnold_Schwarzenegger,,vote5,5,Arnold_Schwarzenegger/Arnold_Schwarzenegger_0020.jpg,14,additional_probe,0,1,1,21,,,
vote_gain,Arnold_Schwarzenegger,,single,1,Arnold_Schwarzenegger/Arnold_Schwarzenegger_0021.jpg,15,additional_probe,0,1,0,30,,,
vote_gain,Arnold_Schwarzenegger,,vote5,5,Arnold_Schwarzenegger/Arnold_Schwarzenegger_0021.jpg,15,additional_probe,0,1,1,24,,,
vote_gain,Arnold_Schwarzenegger,,single,1,Arnold_Schwarzenegger/Arnold_Schwarzenegger_0022.jpg,16,additional_probe,0,1,0,29,,,
vote_gain,Arnold_Schwarzenegger,,vote5,5,Arnold_Schwarzenegger/Arnold_Schwarzenegger_0022.jpg,16,additional_probe,0,1,1,23,,,
vote_gain,Arnold_Schwarzenegger,,single,1,Arnold_Schwarzenegger/Arnold_Schwarzenegger_0023.jpg,17,additional_probe,0,1,0,29,,,
vote_gain,Arnold_Schwarzenegger,,vote5,5,Arnold_Schwarzenegger/Arnold_Schwarzenegger_0023.jpg,17,additional_probe,0,1,1,23,,,
vote_gain,Arnold_Schwarzenegger,,single,1,Arnold_Schwarzenegger/Arnold_Schwarzenegger_0024.jpg,18,additional_probe,0,1,1,28,,,
vote_gain,Arnold_Schwarzenegger,,vote5,5,Arnold_Schwarzenegger/Arnold_Schwarzenegger_0024.jpg,18,additional_probe,0,1,1,24,,,
vote_gain,Arnold_Schwarzenegger,,single,1,Arnold_Schwarzenegger/Arnold_Schwarzenegger_0025.jpg,19,additional_probe,0,1,0,32,,,
vote_gain,Arnold_Schwarzenegger,,vote5,5,Arnold_Schwarzenegger/Arnold_Schwarzenegger_0025.jpg,19,additional_probe,0,1,0,30,,,
vote_gain,Arnold_Schwarzenegger,,single,1,Arnold_Schwarzenegger/Arnold_Schwarzenegger_0026.jpg,20,additional_probe,0,1,0,31,,,
vote_gain,Arnold_Schwarzenegger,,vote5,5,Arnold_Schwarzenegger/Arnold_Schwarzenegger_0026.jpg,20,additional_probe,0,1,1,24,,,
vote_gain,Arnold_Schwarzenegger,,single,1,Arnold_Schwarzenegger/Arnold_Schwarzenegger_0027.jpg,21,additional_probe,0,1,0,30,,,
vote_gain,Arnold_Schwarzenegger,,vote5,5,Arnold_Schwarzenegger/Arnold_Schwarzenegger_0027.jpg,21,additional_probe,0,1,1,22,,,
vote_gain,Arnold_Schwarzenegger,,single,1,Arnold_Schwarzenegger/Arnold_Schwarzenegger_0028.jpg,22,additional_probe,0,1,0,31,,,
vote_gain,Arnold_Schwarzenegger,,vote5,5,Arnold_Schwarzenegger/Arnold_Schwarzenegger_0028.jpg,22,additional_probe,0,1,1,27,,,
vote_gain,Arnold_Schwarzenegger,,single,1,Arnold_Schwarzenegger/Arnold_Schwarzenegger_0029.jpg,23,additional_probe,0,1,0,29,,,
vote_gain,Arnold_Schwarzenegger,,vote5,5,Arnold_Schwarzenegger/Arnold_Schwarzenegger_0029.jpg,23,additional_probe,0,1,1,27,,,
vote_gain,Arnold_Schwarzenegger,,single,1,Arnold_Schwarzenegger/Arnold_Schwarzenegger_0030.jpg,24,additional_probe,0,1,0,30,,,
vote_gain,Arnold_Schwarzenegger,,vote5,5,Arnold_Schwarzenegger/Arnold_Schwarzenegger_0030.jpg,24,additional_probe,0,1,1,26,,,
vote_gain,Arnold_Schwarzenegger,,single,1,Arnold_Schwarzenegger/Arnold_Schwarzenegger_0031.jpg,25,additional_probe,0,1,1,28,,,
vote_gain,Arnold_Schwarzenegger,,vote5,5,Arnold_Schwarzenegger/Arnold_Schwarzenegger_0031.jpg,25,additional_probe,0,1,1,22,,,
vote_gain,Arnold_Schwarzenegger,,single,1,Arnold_Schwarzenegger/Arnold_Schwarzenegger_0032.jpg,26,additional_probe,0,1,1,27,,,
vote_gain,Arnold_Schwarzenegger,,vote5,5,Arnold_Schwarzenegger/Arnold_Schwarzenegger_0032.jpg,26,additional_probe,0,1,1,24,,,
vote_gain,Arnold_Schwarzenegger,,single,1,Arnold_Schwarzenegger/Arnold_Schwarzenegger_0033.jpg,27,additional_probe,0,1,1,27,,,
vote_gain,Arnold_Schwarzenegger,,vote5,5,Arnold_Schwarzenegger/Arnold_Schwarzenegger_0033.jpg,27,additional_probe,0,1,0,29,,,
vote_gain,Arnold_Schwarzenegger,,single,1,Arnold_Schwarzenegger/Arnold_Schwarzenegger_0034.jpg,28,additional_probe,0,1,0,29,,,
vote_gain,Arnold_Schwarzenegger,,vote5,5,Arnold_Schwarzenegger/Arnold_Schwarzenegger_0034.jpg,28,additional_probe,0,1,1,24,,,
vote_gain,Arnold_Schwarzenegger,,single,1,Arnold_Schwarzenegger/Arnold_Schwarzenegger_0035.jpg,29,additional_probe,0,1,0,30,,,
vote_gain,Arnold_Schwarzenegger,,vote5,5,Arnold_Schwarzenegger/Arnold_Schwarzenegger_0035.jpg,29,additional_probe,0,1,1,26,,,
vote_gain,Arnold_Schwarzenegger,,single,1,Arnold_Schwarzenegger/Arnold_Schwarzenegger_0036.jpg,30,additional_probe,0,1,1,28,,,
vote_gain,Arnold_Schwarzenegger,,vote5,5,Arnold_Schwarzenegger/Arnold_Schwarzenegger_0036.jpg,30,additional_probe,0,1,1,20,,,
vote_gain,Arnold_Schwarzenegger,,single,1,Arnold_Schwarzenegger/Arnold_Schwarzenegger_0037.jpg,31,additional_probe,0,1,0,31,,,
vote_gain,Arnold_Schwarzenegger,,vote5,5,Arnold_Schwarzenegger/Arnold_Schwarzenegger_0037.jpg,31,additional_probe,0,1,1,23,,,
vote_gain,Arnold_Schwarzenegger,,single,1,Arnold_Schwarzenegger/Arnold_Schwarzenegger_0038.jpg,32,additional_probe,0,1,0,31,,,
vote_gain,Arnold_Schwarzenegger,,vote5,5,Arnold_Schwarzenegger/Arnold_Schwarzenegger_0038.jpg,32,additional_probe,0,1,1,22,,,
vote_gain,Arnold_Schwarzenegger,,single,1,Arnold_Schwarzenegger/Arnold_Schwarzenegger_0039.jpg,33,additional_probe,0,1,0,30,,,
vote_gain,Arnold_Schwarzenegger,,vote5,5,Arnold_Schwarzenegger/Arnold_Schwarzenegger_0039.jpg,33,additional_probe,0,1,1,21,,,
vote_gain,Arnold_Schwarzenegger,,single,1,Arnold_Schwarzenegger/Arnold_Schwarzenegger_0040.jpg,34,additional_probe,0,1,0,31,,,
vote_gain,Arnold_Schwarzenegger,,vote5,5,Arnold_Schwarzenegger/Arnold_Schwarzenegger_0040.jpg,34,additional_probe,0,1,0,29,,,
vote_gain,Arnold_Schwarzenegger,,single,1,Arnold_Schwarzenegger/Arnold_Schwarzenegger_0041.jpg,35,additional_probe,0,1,0,30,,,
vote_gain,Arnold_Schwarzenegger,,vote5,5,Arnold_Schwarzenegger/Arnold_Schwarzenegger_0041.jpg,35,additional_probe,0,1,1,25,,,
vote_gain,Arnold_Schwarzenegger,,single,1,Arnold_Schwarzenegger/Arnold_Schwarzenegger_0042.jpg,36,additional_probe,0,1,0,30,,,
vote_gain,Arnold_Schwarzenegger,,vote5,5,Arnold_Schwarzenegger/Arnold_Schwarzenegger_0042.jpg,36,additional_probe,0,1,1,27,,,
vote_gain,Atal_Bihari_Vajpayee,,single,1,Atal_Bihari_Vajpayee/Atal_Bihari_Vajpayee_0006.jpg,0,first_probe,1,1,0,29,,,
vote_gain,Atal_Bihari_Vajpayee,,vote5,5,Atal_Bihari_Vajpayee/Atal_Bihari_Vajpayee_0006.jpg,0,first_probe,1,1,0,31,,,
vote_gain,Atal_Bihari_Vajpayee,,single,1,Atal_Bihari_Vajpayee/Atal_Bihari_Vajpayee_0007.jpg,1,additional_probe,0,1,0,29,,,
vote_gain,Atal_Bihari_Vajpayee,,vote5,5,Atal_Bihari_Vajpayee/Atal_Bihari_Vajpayee_0007.jpg,1,additional_probe,0,1,1,27,,,
vote_gain,Atal_Bihari_Vajpayee,,single,1,Atal_Bihari_Vajpayee/Atal_Bihari_Vajpayee_0008.jpg,2,additional_probe,0,1,0,29,,,
vote_gain,Atal_Bihari_Vajpayee,,vote5,5,Atal_Bihari_Vajpayee/Atal_Bihari_Vajpayee_0008.jpg,2,additional_probe,0,1,1,21,,,
vote_gain,Atal_Bihari_Vajpayee,,single,1,Atal_Bihari_Vajpayee/Atal_Bihari_Vajpayee_0009.jpg,3,additional_probe,0,1,1,28,,,
vote_gain,Atal_Bihari_Vajpayee,,vote5,5,Atal_Bihari_Vajpayee/Atal_Bihari_Vajpayee_0009.jpg,3,additional_probe,0,1,1,18,,,
vote_gain,Atal_Bihari_Vajpayee,,single,1,Atal_Bihari_Vajpayee/Atal_Bihari_Vajpayee_0010.jpg,4,additional_probe,0,1,0,31,,,
vote_gain,Atal_Bihari_Vajpayee,,vote5,5,Atal_Bihari_Vajpayee/Atal_Bihari_Vajpayee_0010.jpg,4,additional_probe,0,1,1,27,,,
vote_gain,Atal_Bihari_Vajpayee,,single,1,Atal_Bihari_Vajpayee/Atal_Bihari_Vajpayee_0011.jpg,5,additional_probe,0,1,0,30,,,
vote_gain,Atal_Bihari_Vajpayee,,vote5,5,Atal_Bihari_Vajpayee/Atal_Bihari_Vajpayee_0011.jpg,5,additional_probe,0,1,1,28,,,
vote_gain,Atal_Bihari_Vajpayee,,single,1,Atal_Bihari_Vajpayee/Atal_Bihari_Vajpayee_0012.jpg,6,additional_probe,0,1,0,29,,,
vote_gain,Atal_Bihari_Vajpayee,,vote5,5,Atal_Bihari_Vajpayee/Atal_Bihari_Vajpayee_0012.jpg,6,additional_probe,0,1,1,22,,,
vote_gain,Atal_Bihari_Vajpayee,,single,1,Atal_Bihari_Vajpayee/Atal_Bihari_Vajpayee_0013.jpg,7,additional_probe,0,1,0,31,,,
vote_gain,Atal_Bihari_Vajpayee,,vote5,5,Atal_Bihari_Vajpayee/Atal_Bihari_Vajpayee_0013.jpg,7,additional_probe,0,1,1,20,,,
vote_gain,Atal_Bihari_Vajpayee,,single,1,Atal_Bihari_Vajpayee/Atal_Bihari_Vajpayee_0014.jpg,8,additional_probe,0,1,0,30,,,
vote_gain,Atal_Bihari_Vajpayee,,vote5,5,Atal_Bihari_Vajpayee/Atal_Bihari_Vajpayee_0014.jpg,8,additional_probe,0,1,1,20,,,
vote_gain,Atal_Bihari_Vajpayee,,single,1,Atal_Bihari_Vajpayee/Atal_Bihari_Vajpayee_0015.jpg,9,additional_probe,0,1,0,29,,,
vote_gain,Atal_Bihari_Vajpayee,,vote5,5,Atal_Bihari_Vajpayee/Atal_Bihari_Vajpayee_0015.jpg,9,additional_probe,0,1,1,25,,,
vote_gain,Atal_Bihari_Vajpayee,,single,1,Atal_Bihari_Vajpayee/Atal_Bihari_Vajpayee_0016.jpg,10,additional_probe,0,1,0,30,,,
vote_gain,Atal_Bihari_Vajpayee,,vote5,5,Atal_Bihari_Vajpayee/Atal_Bihari_Vajpayee_0016.jpg,10,additional_probe,0,1,1,28,,,
vote_gain,Atal_Bihari_Vajpayee,,single,1,Atal_Bihari_Vajpayee/Atal_Bihari_Vajpayee_0017.jpg,11,additional_probe,0,1,0,31,,,
vote_gain,Atal_Bihari_Vajpayee,,vote5,5,Atal_Bihari_Vajpayee/Atal_Bihari_Vajpayee_0017.jpg,11,additional_probe,0,1,1,27,,,
vote_gain,Atal_Bihari_Vajpayee,,single,1,Atal_Bihari_Vajpayee/Atal_Bihari_Vajpayee_0018.jpg,12,additional_probe,0,1,1,27,,,
vote_gain,Atal_Bihari_Vajpayee,,vote5,5,Atal_Bihari_Vajpayee/Atal_Bihari_Vajpayee_0018.jpg,12,additional_probe,0,1,1,26,,,
vote_gain,Atal_Bihari_Vajpayee,,single,1,Atal_Bihari_Vajpayee/Atal_Bihari_Vajpayee_0019.jpg,13,additional_probe,0,1,0,31,,,
vote_gain,Atal_Bihari_Vajpayee,,vote5,5,Atal_Bihari_Vajpayee/Atal_Bihari_Vajpayee_0019.jpg,13,additional_probe,0,1,1,28,,,
vote_gain,Atal_Bihari_Vajpayee,,single,1,Atal_Bihari_Vajpayee/Atal_Bihari_Vajpayee_0020.jpg,14,additional_probe,0,1,0,31,,,
vote_gain,Atal_Bihari_Vajpayee,,vote5,5,Atal_Bihari_Vajpayee/Atal_Bihari_Vajpayee_0020.jpg,14,additional_probe,0,1,0,30,,,
vote_gain,Atal_Bihari_Vajpayee,,single,1,Atal_Bihari_Vajpayee/Atal_Bihari_Vajpayee_0021.jpg,15,additional_probe,0,1,0,32,,,
vote_gain,Atal_Bihari_Vajpayee,,vote5,5,Atal_Bihari_Vajpayee/Atal_Bihari_Vajpayee_0021.jpg,15,additional_probe,0,1,0,30,,,
vote_gain,Atal_Bihari_Vajpayee,,single,1,Atal_Bihari_Vajpayee/Atal_Bihari_Vajpayee_0022.jpg,16,additional_probe,0,1,0,29,,,
vote_gain,Atal_Bihari_Vajpayee,,vote5,5,Atal_Bihari_Vajpayee/Atal_Bihari_Vajpayee_0022.jpg,16,additional_probe,0,1,1,17,,,
vote_gain,Atal_Bihari_Vajpayee,,single,1,Atal_Bihari_Vajpayee/Atal_Bihari_Vajpayee_0023.jpg,17,additional_probe,0,1,0,30,,,
vote_gain,Atal_Bihari_Vajpayee,,vote5,5,Atal_Bihari_Vajpayee/Atal_Bihari_Vajpayee_0023.jpg,17,additional_probe,0,1,1,26,,,
vote_gain,Atal_Bihari_Vajpayee,,single,1,Atal_Bihari_Vajpayee/Atal_Bihari_Vajpayee_0024.jpg,18,additional_probe,0,1,0,30,,,
vote_gain,Atal_Bihari_Vajpayee,,vote5,5,Atal_Bihari_Vajpayee/Atal_Bihari_Vajpayee_0024.jpg,18,additional_probe,0,1,1,18,,,
vote_gain,Ben_Affleck,,single,1,Ben_Affleck/Ben_Affleck_0006.jpg,0,first_probe,1,1,0,31,,,
vote_gain,Ben_Affleck,,vote5,5,Ben_Affleck/Ben_Affleck_0006.jpg,0,first_probe,1,1,1,25,,,
vote_gain,Ben_Affleck,,single,1,Ben_Affleck/Ben_Affleck_0007.jpg,1,additional_probe,0,1,0,30,,,
vote_gain,Ben_Affleck,,vote5,5,Ben_Affleck/Ben_Affleck_0007.jpg,1,additional_probe,0,1,0,29,,,
vote_gain,Bill_Clinton,,single,1,Bill_Clinton/Bill_Clinton_0006.jpg,0,first_probe,1,1,0,30,,,
vote_gain,Bill_Clinton,,vote5,5,Bill_Clinton/Bill_Clinton_0006.jpg,0,first_probe,1,1,1,25,,,
vote_gain,Bill_Clinton,,single,1,Bill_Clinton/Bill_Clinton_0007.jpg,1,additional_probe,0,1,0,32,,,
vote_gain,Bill_Clinton,,vote5,5,Bill_Clinton/Bill_Clinton_0007.jpg,1,additional_probe,0,1,1,25,,,
vote_gain,Bill_Clinton,,single,1,Bill_Clinton/Bill_Clinton_0008.jpg,2,additional_probe,0,1,0,32,,,
vote_gain,Bill_Clinton,,vote5,5,Bill_Clinton/Bill_Clinton_0008.jpg,2,additional_probe,0,1,1,27,,,
vote_gain,Bill_Clinton,,single,1,Bill_Clinton/Bill_Clinton_0009.jpg,3,additional_probe,0,1,0,32,,,
vote_gain,Bill_Clinton,,vote5,5,Bill_Clinton/Bill_Clinton_0009.jpg,3,additional_probe,0,1,1,27,,,
vote_gain,Bill_Clinton,,single,1,Bill_Clinton/Bill_Clinton_0010.jpg,4,additional_probe,0,1,0,30,,,
vote_gain,Bill_Clinton,,vote5,5,Bill_Clinton/Bill_Clinton_0010.jpg,4,additional_probe,0,1,1,25,,,
vote_gain,Bill_Clinton,,single,1,Bill_Clinton/Bill_Clinton_0011.jpg,5,additional_probe,0,1,0,31,,,
vote_gain,Bill_Clinton,,vote5,5,Bill_Clinton/Bill_Clinton_0011.jpg,5,additional_probe,0,1,1,24,,,
vote_gain,Bill_Clinton,,single,1,Bill_Clinton/Bill_Clinton_0012.jpg,6,additional_probe,0,1,1,27,,,
vote_gain,Bill_Clinton,,vote5,5,Bill_Clinton/Bill_Clinton_0012.jpg,6,additional_probe,0,1,1,19,,,
vote_gain,Bill_Clinton,,single,1,Bill_Clinton/Bill_Clinton_0013.jpg,7,additional_probe,0,1,0,30,,,
vote_gain,Bill_Clinton,,vote5,5,Bill_Clinton/Bill_Clinton_0013.jpg,7,additional_probe,0,1,1,22,,,
vote_gain,Bill_Clinton,,single,1,Bill_Clinton/Bill_Clinton_0014.jpg,8,additional_probe,0,1,0,30,,,
vote_gain,Bill_Clinton,,vote5,5,Bill_Clinton/Bill_Clinton_0014.jpg,8,additional_probe,0,1,1,21,,,
vote_gain,Bill_Clinton,,single,1,Bill_Clinton/Bill_Clinton_0015.jpg,9,additional_probe,0,1,0,31,,,
vote_gain,Bill_Clinton,,vote5,5,Bill_Clinton/Bill_Clinton_0015.jpg,9,additional_probe,0,1,1,26,,,
vote_gain,Bill_Clinton,,single,1,Bill_Clinton/Bill_Clinton_0016.jpg,10,additional_probe,0,1,1,27,,,
vote_gain,Bill_Clinton,,vote5,5,Bill_Clinton/Bill_Clinton_0016.jpg,10,additional_probe,0,1,1,21,,,
vote_gain,Bill_Clinton,,single,1,Bill_Clinton/Bill_Clinton_0017.jpg,11,additional_probe,0,1,0,31,,,
vote_gain,Bill_Clinton,,vote5,5,Bill_Clinton/Bill_Clinton_0017.jpg,11,additional_probe,0,1,0,30,,,
vote_gain,Bill_Clinton,,single,1,Bill_Clinton/Bill_Clinton_0018.jpg,12,additional_probe,0,1,0,30,,,
vote_gain,Bill_Clinton,,vote5,5,Bill_Clinton/Bill_Clinton_0018.jpg,12,additional_probe,0,1,1,24,,,
vote_gain,Bill_Clinton,,single,1,Bill_Clinton/Bill_Clinton_0019.jpg,13,additional_probe,0,1,0,30,,,
vote_gain,Bill_Clinton,,vote5,5,Bill_Clinton/Bill_Clinton_0019.jpg,13,additional_probe,0,1,1,26,,,
vote_gain,Bill_Clinton,,single,1,Bill_Clinton/Bill_Clinton_0020.jpg,14,additional_probe,0,1,0,30,,,
vote_gain,Bill_Clinton,,vote5,5,Bill_Clinton/Bill_Clinton_0020.jpg,14,additional_probe,0,1,1,28,,,
vote_gain,Bill_Clinton,,single,1,Bill_Clinton/Bill_Clinton_0021.jpg,15,additional_probe,0,1,1,27,,,
vote_gain,Bill_Clinton,,vote5,5,Bill_Clinton/Bill_Clinton_0021.jpg,15,additional_probe,0,1,1,23,,,
vote_gain,Bill_Clinton,,single,1,Bill_Clinton/Bill_Clinton_0022.jpg,16,additional_probe,0,1,0,32,,,
vote_gain,Bill_Clinton,,vote5,5,Bill_Clinton/Bill_Clinton_0022.jpg,16,additional_probe,0,1,1,28,,,
vote_gain,Bill_Clinton,,single,1,Bill_Clinton/Bill_Clinton_0023.jpg,17,additional_probe,0,1,0,29,,,
vote_gain,Bill_Clinton,,vote5,5,Bill_Clinton/Bill_Clinton_0023.jpg,17,additional_probe,0,1,1,24,,,
vote_gain,Bill_Clinton,,single,1,Bill_Clinton/Bill_Clinton_0024.jpg,18,additional_probe,0,1,0,29,,,
vote_gain,Bill_Clinton,,vote5,5,Bill_Clinton/Bill_Clinton_0024.jpg,18,additional_probe,0,1,1,21,,,
vote_gain,Bill_Clinton,,single,1,Bill_Clinton/Bill_Clinton_0025.jpg,19,additional_probe,0,1,0,31,,,
vote_gain,Bill_Clinton,,vote5,5,Bill_Clinton/Bill_Clinton_0025.jpg,19,additional_probe,0,1,1,23,,,
vote_gain,Bill_Clinton,,single,1,Bill_Clinton/Bill_Clinton_0026.jpg,20,additional_probe,0,1,0,29,,,
vote_gain,Bill_Clinton,,vote5,5,Bill_Clinton/Bill_Clinton_0026.jpg,20,additional_probe,0,1,1,28,,,
vote_gain,Bill_Clinton,,single,1,Bill_Clinton/Bill_Clinton_0027.jpg,21,additional_probe,0,1,0,31,,,
vote_gain,Bill_Clinton,,vote5,5,Bill_Clinton/Bill_Clinton_0027.jpg,21,additional_probe,0,1,1,27,,,
vote_gain,Bill_Clinton,,single,1,Bill_Clinton/Bill_Clinton_0028.jpg,22,additional_probe,0,1,0,30,,,
vote_gain,Bill_Clinton,,vote5,5,Bill_Clinton/Bill_Clinton_0028.jpg,22,additional_probe,0,1,1,28,,,
vote_gain,Bill_Clinton,,single,1,Bill_Clinton/Bill_Clinton_0029.jpg,23,additional_probe,0,1,1,27,,,
vote_gain,Bill_Clinton,,vote5,5,Bill_Clinton/Bill_Clinton_0029.jpg,23,additional_probe,0,1,1,25,,,
vote_gain,Bill_Frist,,single,1,Bill_Frist/Bill_Frist_0006.jpg,0,first_probe,1,1,0,31,,,
vote_gain,Bill_Frist,,vote5,5,Bill_Frist/Bill_Frist_0006.jpg,0,first_probe,1,1,1,25,,,
vote_gain,Bill_Frist,,single,1,Bill_Frist/Bill_Frist_0007.jpg,1,additional_probe,0,1,1,28,,,
vote_gain,Bill_Frist,,vote5,5,Bill_Frist/Bill_Frist_0007.jpg,1,additional_probe,0,1,1,27,,,
vote_gain,Bill_Frist,,single,1,Bill_Frist/Bill_Frist_0008.jpg,2,additional_probe,0,1,0,31,,,
vote_gain,Bill_Frist,,vote5,5,Bill_Frist/Bill_Frist_0008.jpg,2,additional_probe,0,1,1,26,,,
vote_gain,Bill_Frist,,single,1,Bill_Frist/Bill_Frist_0009.jpg,3,additional_probe,0,1,0,32,,,
vote_gain,Bill_Frist,,vote5,5,Bill_Frist/Bill_Frist_0009.jpg,3,additional_probe,0,1,1,27,,,
vote_gain,Bill_Gates,,single,1,Bill_Gates/Bill_Gates_0006.jpg,0,first_probe,1,1,0,29,,,
vote_gain,Bill_Gates,,vote5,5,Bill_Gates/Bill_Gates_0006.jpg,0,first_probe,1,1,1,25,,,
vote_gain,Bill_Gates,,single,1,Bill_Gates/Bill_Gates_0007.jpg,1,additional_probe,0,1,0,30,,,
vote_gain,Bill_Gates,,vote5,5,Bill_Gates/Bill_Gates_0007.jpg,1,additional_probe,0,1,1,24,,,
vote_gain,Bill_Gates,,single,1,Bill_Gates/Bill_Gates_0008.jpg,2,additional_probe,0,1,0,31,,,
vote_gain,Bill_Gates,,vote5,5,Bill_Gates/Bill_Gates_0008.jpg,2,additional_probe,0,1,1,27,,,
vote_gain,Bill_Gates,,single,1,Bill_Gates/Bill_Gates_0009.jpg,3,additional_probe,0,1,0,31,,,
vote_gain,Bill_Gates,,vote5,5,Bill_Gates/Bill_Gates_0009.jpg,3,additional_probe,0,1,1,27,,,
vote_gain,Bill_Gates,,single,1,Bill_Gates/Bill_Gates_0010.jpg,4,additional_probe,0,1,0,31,,,
vote_gain,Bill_Gates,,vote5,5,Bill_Gates/Bill_Gates_0010.jpg,4,additional_probe,0,1,1,27,,,
vote_gain,Bill_Gates,,single,1,Bill_Gates/Bill_Gates_0011.jpg,5,additional_probe,0,1,0,29,,,
vote_gain,Bill_Gates,,vote5,5,Bill_Gates/Bill_Gates_0011.jpg,5,additional_probe,0,1,1,24,,,
vote_gain,Bill_Gates,,single,1,Bill_Gates/Bill_Gates_0012.jpg,6,additional_probe,0,1,1,27,,,
vote_gain,Bill_Gates,,vote5,5,Bill_Gates/Bill_Gates_0012.jpg,6,additional_probe,0,1,1,24,,,
vote_gain,Bill_Gates,,single,1,Bill_Gates/Bill_Gates_0013.jpg,7,additional_probe,0,1,0,30,,,
vote_gain,Bill_Gates,,vote5,5,Bill_Gates/Bill_Gates_0013.jpg,7,additional_probe,0,1,1,23,,,
vote_gain,Bill_Gates,,single,1,Bill_Gates/Bill_Gates_0014.jpg,8,additional_probe,0,1,0,30,,,
vote_gain,Bill_Gates,,vote5,5,Bill_Gates/Bill_Gates_0014.jpg,8,additional_probe,0,1,1,24,,,
vote_gain,Bill_Gates,,single,1,Bill_Gates/Bill_Gates_0015.jpg,9,additional_probe,0,1,1,26,,,
vote_gain,Bill_Gates,,vote5,5,Bill_Gates/Bill_Gates_0015.jpg,9,additional_probe,0,1,1,22,,,
vote_gain,Bill_Gates,,single,1,Bill_Gates/Bill_Gates_0016.jpg,10,additional_probe,0,1,0,29,,,
vote_gain,Bill_Gates,,vote5,5,Bill_Gates/Bill_Gates_0016.jpg,10,additional_probe,0,1,1,26,,,
vote_gain,Bill_Gates,,single,1,Bill_Gates/Bill_Gates_0017.jpg,11,additional_probe,0,1,0,29,,,
vote_gain,Bill_Gates,,vote5,5,Bill_Gates/Bill_Gates_0017.jpg,11,additional_probe,0,1,1,26,,,
vote_gain,Bill_Graham,,single,1,Bill_Graham/Bill_Graham_0006.jpg,0,first_probe,1,1,0,30,,,
vote_gain,Bill_Graham,,vote5,5,Bill_Graham/Bill_Graham_0006.jpg,0,first_probe,1,1,1,22,,,
vote_gain,Bill_Graham,,single,1,Bill_Graham/Bill_Graham_0007.jpg,1,additional_probe,0,1,0,30,,,
vote_gain,Bill_Graham,,vote5,5,Bill_Graham/Bill_Graham_0007.jpg,1,additional_probe,0,1,1,24,,,
vote_gain,Bill_Graham,,single,1,Bill_Graham/Bill_Graham_0008.jpg,2,additional_probe,0,1,0,30,,,
vote_gain,Bill_Graham,,vote5,5,Bill_Graham/Bill_Graham_0008.jpg,2,additional_probe,0,1,1,20,,,
vote_gain,Bill_Graham,,single,1,Bill_Graham/Bill_Graham_0009.jpg,3,additional_probe,0,1,0,32,,,
vote_gain,Bill_Graham,,vote5,5,Bill_Graham/Bill_Graham_0009.jpg,3,additional_probe,0,1,1,22,,,
vote_gain,Bill_McBride,,single,1,Bill_McBride/Bill_McBride_0006.jpg,0,first_probe,1,1,1,25,,,
vote_gain,Bill_McBride,,vote5,5,Bill_McBride/Bill_McBride_0006.jpg,0,first_probe,1,1,1,21,,,
vote_gain,Bill_McBride,,single,1,Bill_McBride/Bill_McBride_0007.jpg,1,additional_probe,0,1,1,27,,,
vote_gain,Bill_McBride,,vote5,5,Bill_McBride/Bill_McBride_0007.jpg,1,additional_probe,0,1,1,22,,,
vote_gain,Bill_McBride,,single,1,Bill_McBride/Bill_McBride_0008.jpg,2,additional_probe,0,1,1,27,,,
vote_gain,Bill_McBride,,vote5,5,Bill_McBride/Bill_McBride_0008.jpg,2,additional_probe,0,1,1,22,,,
vote_gain,Bill_McBride,,single,1,Bill_McBride/Bill_McBride_0009.jpg,3,additional_probe,0,1,1,28,,,
vote_gain,Bill_McBride,,vote5,5,Bill_McBride/Bill_McBride_0009.jpg,3,additional_probe,0,1,1,23,,,
vote_gain,Bill_McBride,,single,1,Bill_McBride/Bill_McBride_0010.jpg,4,additional_probe,0,1,1,26,,,
vote_gain,Bill_McBride,,vote5,5,Bill_McBride/Bill_McBride_0010.jpg,4,additional_probe,0,1,1,25,,,
impostor,Bill_Gates,Amelia_Vega,,5,,,,,,0,32,,,
impostor,Al_Sharpton,Ben_Affleck,,5,,,,,,0,31,,,
impostor,Ari_Fleischer,Ana_Palacio,,5,,,,,,0,32,,,
impostor,Andre_Agassi,Bill_Frist,,5,,,,,,0,32,,,
impostor,Alejandro_Toledo,Anna_Kournikova,,5,,,,,,0,31,,,
impostor,Angela_Bassett,Anna_Kournikova,,5,,,,,,0,32,,,
impostor,Amelie_Mauresmo,Angela_Bassett,,5,,,,,,0,32,,,
impostor,Angelina_Jolie,Bill_Frist,,5,,,,,,0,32,,,
impostor,Arnold_Schwarzenegger,Bill_Graham,,5,,,,,,0,32,,,
impostor,Ari_Fleischer,Alejandro_Toledo,,5,,,,,,0,32,,,
impostor,Amelia_Vega,Antonio_Palocci,,5,,,,,,0,31,,,
impostor,Alejandro_Toledo,Ali_Naimi,,5,,,,,,0,32,,,
impostor,Amelie_Mauresmo,Andre_Agassi,,5,,,,,,0,32,,,
impostor,Amelia_Vega,Angelina_Jolie,,5,,,,,,0,32,,,
impostor,Ari_Fleischer,Angela_Bassett,,5,,,,,,0,32,,,
impostor,Al_Gore,Atal_Bihari_Vajpayee,,5,,,,,,0,32,,,
impostor,Alvaro_Uribe,Ariel_Sharon,,5,,,,,,0,32,,,
impostor,Atal_Bihari_Vajpayee,Andre_Agassi,,5,,,,,,0,32,,,
impostor,Anna_Kournikova,Andre_Agassi,,5,,,,,,0,30,,,
impostor,Bill_Gates,Bill_McBride,,5,,,,,,0,32,,,
impostor,Anna_Kournikova,Al_Gore,,5,,,,,,0,32,,,
impostor,Ana_Guevara,Ali_Naimi,,5,,,,,,0,32,,,
impostor,Bill_Frist,Arnold_Schwarzenegger,,5,,,,,,0,32,,,
impostor,Arminio_Fraga,Alvaro_Uribe,,5,,,,,,0,32,,,
impostor,Adrien_Brody,Bill_Frist,,5,,,,,,0,32,,,
impostor,Al_Gore,Amelia_Vega,,5,,,,,,0,32,,,
impostor,Al_Gore,Ann_Veneman,,5,,,,,,0,32,,,
impostor,Amelie_Mauresmo,Ben_Affleck,,5,,,,,,0,32,,,
impostor,Anna_Kournikova,Angelina_Jolie,,5,,,,,,0,32,,,
impostor,Amelie_Mauresmo,Ana_Palacio,,5,,,,,,0,32,,,
impostor,Arminio_Fraga,Bill_McBride,,5,,,,,,0,32,,,
impostor,Bill_McBride,Ann_Veneman,,5,,,,,,0,32,,,
impostor,Angelina_Jolie,Amelie_Mauresmo,,5,,,,,,0,32,,,
impostor,Abdullah_Gul,Bill_Graham,,5,,,,,,0,31,,,
impostor,Bill_McBride,Ana_Palacio,,5,,,,,,0,31,,,
impostor,Alvaro_Uribe,Bill_Graham,,5,,,,,,0,31,,,
impostor,Anna_Kournikova,Amelia_Vega,,5,,,,,,0,32,,,
impostor,Bill_Clinton,Atal_Bihari_Vajpayee,,5,,,,,,0,32,,,
impostor,Bill_Gates,Al_Gore,,5,,,,,,0,32,,,
impostor,Alejandro_Toledo,Alvaro_Uribe,,5,,,,,,0,32,,,
impostor,Albert_Costa,Ari_Fleischer,,5,,,,,,0,32,,,
impostor,Amelie_Mauresmo,Adrien_Brody,,5,,,,,,0,32,,,
impostor,Andy_Roddick,Bill_Clinton,,5,,,,,,0,31,,,
impostor,Ben_Affleck,Alvaro_Uribe,,5,,,,,,0,32,,,
impostor,Bill_McBride,Andy_Roddick,,5,,,,,,0,32,,,
impostor,Amelie_Mauresmo,Ann_Veneman,,5,,,,,,0,31,,,
impostor,Bill_Clinton,Alejandro_Toledo,,5,,,,,,0,32,,,
impostor,Arminio_Fraga,Arnold_Schwarzenegger,,5,,,,,,0,32,,,
impostor,Atal_Bihari_Vajpayee,Ari_Fleischer,,5,,,,,,0,32,,,
impostor,Atal_Bihari_Vajpayee,Angela_Bassett,,5,,,,,,0,32,,,
impostor,Alvaro_Uribe,Albert_Costa,,5,,,,,,0,32,,,
impostor,Angelina_Jolie,Bill_Graham,,5,,,,,,0,32,,,
impostor,Alejandro_Toledo,Andy_Roddick,,5,,,,,,0,32,,,
impostor,Al_Sharpton,Andy_Roddick,,5,,,,,,0,32,,,
impostor,Al_Sharpton,Ari_Fleischer,,5,,,,,,0,32,,,
impostor,Alejandro_Toledo,Bill_Gates,,5,,,,,,0,32,,,
impostor,Bill_Clinton,Angelina_Jolie,,5,,,,,,0,31,,,
impostor,Anna_Kournikova,Ali_Naimi,,5,,,,,,0,32,,,
impostor,Andre_Agassi,Al_Gore,,5,,,,,,0,32,,,
impostor,Anna_Kournikova,Albert_Costa,,5,,,,,,0,32,,,
impostor,Andre_Agassi,Ana_Palacio,,5,,,,,,0,32,,,
impostor,Arnold_Schwarzenegger,Al_Sharpton,,5,,,,,,0,32,,,
impostor,Al_Gore,Bill_McBride,,5,,,,,,0,32,,,
impostor,Arnold_Schwarzenegger,Angelina_Jolie,,5,,,,,,0,32,,,
impostor,Albert_Costa,Arnold_Schwarzenegger,,5,,,,,,0,32,,,
impostor,Adrien_Brody,Arminio_Fraga,,5,,,,,,0,32,,,
impostor,Ann_Veneman,Arnold_Schwarzenegger,,5,,,,,,0,32,,,
impostor,Antonio_Palocci,Ariel_Sharon,,5,,,,,,0,32,,,
impostor,Arminio_Fraga,Ali_Naimi,,5,,,,,,0,32,,,
impostor,Andre_Agassi,Abdullah_Gul,,5,,,,,,0,32,,,
impostor,Arminio_Fraga,Ari_Fleischer,,5,,,,,,0,32,,,
impostor,Bill_McBride,Ari_Fleischer,,5,,,,,,0,32,,,
impostor,Albert_Costa,Ana_Palacio,,5,,,,,,0,32,,,
impostor,Ben_Affleck,Angelina_Jolie,,5,,,,,,0,32,,,
impostor,Amelie_Mauresmo,Bill_Graham,,5,,,,,,0,32,,,
impostor,Al_Sharpton,Bill_Graham,,5,,,,,,0,32,,,
impostor,Ana_Palacio,Adrien_Brody,,5,,,,,,0,32,,,
impostor,Arminio_Fraga,Abdullah_Gul,,5,,,,,,0,32,,,
impostor,Ann_Veneman,Ana_Guevara,,5,,,,,,0,32,,,
impostor,Adrien_Brody,Albert_Costa,,5,,,,,,0,32,,,
impostor,Anna_Kournikova,Atal_Bihari_Vajpayee,,5,,,,,,0,32,,,
impostor,Ariel_Sharon,Alejandro_Toledo,,5,,,,,,0,32,,,
impostor,Al_Sharpton,Anna_Kournikova,,5,,,,,,0,32,,,
impostor,Atal_Bihari_Vajpayee,Andy_Roddick,,5,,,,,,0,32,,,
impostor,Ariel_Sharon,Andre_Agassi,,5,,,,,,0,32,,,
impostor,Bill_McBride,Antonio_Palocci,,5,,,,,,0,32,,,
impostor,Albert_Costa,Al_Sharpton,,5,,,,,,0,32,,,
impostor,Angelina_Jolie,Ana_Guevara,,5,,,,,,0,32,,,
impostor,Al_Gore,Alejandro_Toledo,,5,,,,,,0,32,,,
impostor,Arminio_Fraga,Ann_Veneman,,5,,,,,,0,32,,,
impostor,Bill_Gates,Alvaro_Uribe,,5,,,,,,0,32,,,
impostor,Ali_Naimi,Ari_Fleischer,,5,,,,,,0,32,,,
impostor,Ben_Affleck,Ari_Fleischer,,5,,,,,,0,32,,,
impostor,Ben_Affleck,Arminio_Fraga,,5,,,,,,0,32,,,
impostor,Angelina_Jolie,Alvaro_Uribe,,5,,,,,,0,32,,,
impostor,Bill_Gates,Arminio_Fraga,,5,,,,,,0,32,,,
impostor,Albert_Costa,Bill_McBride,,5,,,,,,0,32,,,
impostor,Alvaro_Uribe,Ana_Palacio,,5,,,,,,0,32,,,
impostor,Bill_Frist,Ann_Veneman,,5,,,,,,0,32,,,
impostor,Ann_Veneman,Anna_Kournikova,,5,,,,,,0,32,,,
impostor,Bill_Gates,Bill_Clinton,,5,,,,,,0,32,,,
impostor,Ana_Palacio,Angela_Bassett,,5,,,,,,0,32,,,
impostor,Bill_Frist,Ana_Guevara,,5,,,,,,0,32,,,
impostor,Albert_Costa,Abdullah_Gul,,5,,,,,,0,32,,,
impostor,Andy_Roddick,Amelia_Vega,,5,,,,,,0,32,,,
impostor,Antonio_Palocci,Andre_Agassi,,5,,,,,,0,31,,,
impostor,Amelia_Vega,Angela_Bassett,,5,,,,,,0,32,,,
impostor,Alejandro_Toledo,Angela_Bassett,,5,,,,,,0,32,,,
impostor,Bill_McBride,Andre_Agassi,,5,,,,,,0,32,,,
impostor,Amelie_Mauresmo,Arnold_Schwarzenegger,,5,,,,,,0,32,,,
impostor,Amelie_Mauresmo,Ariel_Sharon,,5,,,,,,0,32,,,
impostor,Al_Sharpton,Arminio_Fraga,,5,,,,,,0,32,,,
impostor,Arnold_Schwarzenegger,Andy_Roddick,,5,,,,,,0,32,,,
impostor,Bill_Gates,Andy_Roddick,,5,,,,,,0,32,,,
impostor,Ariel_Sharon,Ana_Guevara,,5,,,,,,0,31,,,
impostor,Alvaro_Uribe,Ann_Veneman,,5,,,,,,0,32,,,
impostor,Alvaro_Uribe,Al_Gore,,5,,,,,,0,32,,,
impostor,Al_Sharpton,Bill_Gates,,5,,,,,,0,32,,,
impostor,Arminio_Fraga,Andre_Agassi,,5,,,,,,0,32,,,
impostor,Atal_Bihari_Vajpayee,Bill_Graham,,5,,,,,,0,32,,,
impostor,Antonio_Palocci,Bill_Gates,,5,,,,,,0,32,,,
impostor,Amelia_Vega,Ana_Palacio,,5,,,,,,0,32,,,
impostor,Arnold_Schwarzenegger,Ben_Affleck,,5,,,,,,0,32,,,
impostor,Arnold_Schwarzenegger,Ana_Guevara,,5,,,,,,0,32,,,
impostor,Ben_Affleck,Bill_Gates,,5,,,,,,0,32,,,
impostor,Al_Sharpton,Alejandro_Toledo,,5,,,,,,0,32,,,
impostor,Ana_Guevara,Bill_Clinton,,5,,,,,,0,32,,,
impostor,Ariel_Sharon,Albert_Costa,,5,,,,,,0,31,,,
impostor,Ben_Affleck,Ariel_Sharon,,5,,,,,,0,30,,,
impostor,Antonio_Palocci,Adrien_Brody,,5,,,,,,0,32,,,
impostor,Abdullah_Gul,Arnold_Schwarzenegger,,5,,,,,,0,32,,,
impostor,Alvaro_Uribe,Arnold_Schwarzenegger,,5,,,,,,0,32,,,
impostor,Antonio_Palocci,Ana_Guevara,,5,,,,,,0,32,,,
impostor,Andy_Roddick,Anna_Kournikova,,5,,,,,,0,32,,,
impostor,Albert_Costa,Bill_Clinton,,5,,,,,,0,32,,,
impostor,Andre_Agassi,Bill_Clinton,,5,,,,,,0,32,,,
impostor,Anna_Kournikova,Antonio_Palocci,,5,,,,,,0,32,,,
impostor,Alvaro_Uribe,Ana_Guevara,,5,,,,,,0,32,,,
impostor,Ali_Naimi,Ben_Affleck,,5,,,,,,0,32,,,
impostor,Arminio_Fraga,Ariel_Sharon,,5,,,,,,0,32,,,
impostor,Ali_Naimi,Ariel_Sharon,,5,,,,,,0,32,,,
impostor,Angela_Bassett,Al_Sharpton,,5,,,,,,0,32,,,
impostor,Angela_Bassett,Albert_Costa,,5,,,,,,0,32,,,
impostor,Bill_Gates,Amelie_Mauresmo,,5,,,,,,0,32,,,
impostor,Alejandro_Toledo,Amelie_Mauresmo,,5,,,,,,0,32,,,
impostor,Albert_Costa,Antonio_Palocci,,5,,,,,,0,31,,,
impostor,Bill_Graham,Ann_Veneman,,5,,,,,,0,31,,,
impostor,Albert_Costa,Angelina_Jolie,,5,,,,,,0,32,,,
impostor,Ariel_Sharon,Amelia_Vega,,5,,,,,,0,32,,,
impostor,Andy_Roddick,Amelie_Mauresmo,,5,,,,,,0,32,,,
impostor,Atal_Bihari_Vajpayee,Amelia_Vega,,5,,,,,,0,32,,,
impostor,Bill_Clinton,Adrien_Brody,,5,,,,,,0,31,,,
impostor,Bill_Frist,Bill_Gates,,5,,,,,,0,32,,,
impostor,Anna_Kournikova,Amelie_Mauresmo,,5,,,,,,0,32,,,
impostor,Ana_Palacio,Ana_Guevara,,5,,,,,,0,32,,,
impostor,Abdullah_Gul,Ann_Veneman,,5,,,,,,0,32,,,
impostor,Bill_Frist,Bill_Graham,,5,,,,,,0,32,,,
impostor,Ana_Palacio,Angelina_Jolie,,5,,,,,,0,32,,,
impostor,Anna_Kournikova,Bill_Clinton,,5,,,,,,0,32,,,
impostor,Albert_Costa,Arminio_Fraga,,5,,,,,,0,32,,,
impostor,Bill_McBride,Angelina_Jolie,,5,,,,,,0,32,,,
impostor,Bill_McBride,Bill_Frist,,5,,,,,,0,32,,,
impostor,Al_Sharpton,Ariel_Sharon,,5,,,,,,0,31,,,
impostor,Ali_Naimi,Andre_Agassi,,5,,,,,,0,31,,,
impostor,Arnold_Schwarzenegger,Antonio_Palocci,,5,,,,,,0,32,,,
impostor,Bill_Frist,Andy_Roddick,,5,,,,,,0,32,,,
impostor,Al_Sharpton,Angelina_Jolie,,5,,,,,,0,32,,,
impostor,Antonio_Palocci,Ali_Naimi,,5,,,,,,0,32,,,
impostor,Ariel_Sharon,Ana_Palacio,,5,,,,,,0,31,,,
impostor,Amelie_Mauresmo,Bill_Frist,,5,,,,,,0,32,,,
impostor,Al_Gore,Bill_Clinton,,5,,,,,,0,32,,,
impostor,Ana_Guevara,Adrien_Brody,,5,,,,,,0,32,,,
impostor,Alejandro_Toledo,Amelia_Vega,,5,,,,,,0,32,,,
impostor,Abdullah_Gul,Anna_Kournikova,,5,,,,,,0,32,,,
impostor,Bill_Clinton,Abdullah_Gul,,5,,,,,,0,32,,,
impostor,Anna_Kournikova,Arnold_Schwarzenegger,,5,,,,,,0,32,,,
impostor,Andy_Roddick,Angela_Bassett,,5,,,,,,0,32,,,
impostor,Antonio_Palocci,Ann_Veneman,,5,,,,,,0,32,,,
impostor,Alvaro_Uribe,Amelia_Vega,,5,,,,,,0,32,,,
impostor,Abdullah_Gul,Bill_Gates,,5,,,,,,0,32,,,
impostor,Bill_Gates,Angelina_Jolie,,5,,,,,,0,32,,,
impostor,Ari_Fleischer,Bill_Frist,,5,,,,,,0,32,,,
impostor,Bill_Clinton,Amelia_Vega,,5,,,,,,0,31,,,
impostor,Ari_Fleischer,Andy_Roddick,,5,,,,,,0,32,,,
impostor,Ariel_Sharon,Bill_Gates,,5,,,,,,0,30,,,
impostor,Andre_Agassi,Angela_Bassett,,5,,,,,,0,32,,,
impostor,Amelie_Mauresmo,Abdullah_Gul,,5,,,,,,0,32,,,
impostor,Amelie_Mauresmo,Ari_Fleischer,,5,,,,,,0,32,,,
impostor,Abdullah_Gul,Ari_Fleischer,,5,,,,,,0,32,,,
impostor,Bill_Frist,Atal_Bihari_Vajpayee,,5,,,,,,0,32,,,
impostor,Albert_Costa,Bill_Graham,,5,,,,,,0,32,,,
impostor,Amelia_Vega,Albert_Costa,,5,,,,,,0,32,,,
impostor,Arminio_Fraga,Bill_Clinton,,5,,,,,,0,32,,,
impostor,Arnold_Schwarzenegger,Atal_Bihari_Vajpayee,,5,,,,,,0,32,,,
impostor,Albert_Costa,Ann_Veneman,,5,,,,,,0,31,,,
impostor,Ana_Palacio,Abdullah_Gul,,5,,,,,,0,32,,,
impostor,Andy_Roddick,Ann_Veneman,,5,,,,,,0,32,,,
impostor,Ana_Guevara,Albert_Costa,,5,,,,,,0,32,,,
impostor,Bill_McBride,Amelia_Vega,,5,,,,,,0,32,,,
impostor,Al_Sharpton,Atal_Bihari_Vajpayee,,5,,,,,,0,32,,,
impostor,Ariel_Sharon,Bill_McBride,,5,,,,,,0,32,,,
impostor,Angela_Bassett,Bill_McBride,,5,,,,,,0,31,,,
impostor,Al_Gore,Ariel_Sharon,,5,,,,,,0,32,,,
impostor,Andy_Roddick,Ana_Palacio,,5,,,,,,0,31,,,
impostor,Al_Gore,Arminio_Fraga,,5,,,,,,0,31,,,
impostor,Alvaro_Uribe,Andre_Agassi,,5,,,,,,0,32,,,
impostor,Bill_McBride,Atal_Bihari_Vajpayee,,5,,,,,,0,32,,,
impostor,Alvaro_Uribe,Ari_Fleischer,,5,,,,,,0,32,,,
impostor,Bill_McBride,Al_Sharpton,,5,,,,,,0,32,,,
impostor,Alejandro_Toledo,Adrien_Brody,,5,,,,,,0,31,,,
impostor,Ariel_Sharon,Abdullah_Gul,,5,,,,,,0,32,,,
impostor,Atal_Bihari_Vajpayee,Adrien_Brody,,5,,,,,,0,32,,,
impostor,Ali_Naimi,Adrien_Brody,,5,,,,,,0,32,,,
impostor,Arminio_Fraga,Atal_Bihari_Vajpayee,,5,,,,,,0,32,,,
impostor,Bill_Graham,Ari_Fleischer,,5,,,,,,0,32,,,
impostor,Bill_Clinton,Amelie_Mauresmo,,5,,,,,,0,31,,,
impostor,Al_Gore,Angela_Bassett,,5,,,,,,0,32,,,
impostor,Bill_Frist,Ben_Affleck,,5,,,,,,0,31,,,
impostor,Arnold_Schwarzenegger,Al_Gore,,5,,,,,,0,32,,,
impostor,Ana_Guevara,Andy_Roddick,,5,,,,,,0,31,,,
impostor,Andy_Roddick,Arminio_Fraga,,5,,,,,,0,32,,,
impostor,Abdullah_Gul,Al_Gore,,5,,,,,,0,32,,,
impostor,Bill_Frist,Antonio_Palocci,,5,,,,,,0,32,,,
impostor,Adrien_Brody,Anna_Kournikova,,5,,,,,,0,31,,,
impostor,Angelina_Jolie,Andre_Agassi,,5,,,,,,0,32,,,
impostor,Ana_Palacio,Atal_Bihari_Vajpayee,,5,,,,,,0,31,,,
impostor,Ali_Naimi,Ann_Veneman,,5,,,,,,0,32,,,
impostor,Al_Gore,Angelina_Jolie,,5,,,,,,0,32,,,
impostor,Bill_Graham,Ana_Palacio,,5,,,,,,0,31,,,
impostor,Bill_Graham,Andy_Roddick,,5,,,,,,0,32,,,
impostor,Bill_Frist,Al_Gore,,5,,,,,,0,32,,,
impostor,Atal_Bihari_Vajpayee,Antonio_Palocci,,5,,,,,,0,32,,,
impostor,Arminio_Fraga,Alejandro_Toledo,,5,,,,,,0,32,,,
impostor,Abdullah_Gul,Angelina_Jolie,,5,,,,,,0,32,,,
impostor,Bill_Graham,Ali_Naimi,,5,,,,,,0,32,,,
impostor,Bill_McBride,Bill_Clinton,,5,,,,,,0,32,,,
impostor,Amelie_Mauresmo,Al_Sharpton,,5,,,,,,0,32,,,
impostor,Amelia_Vega,Ari_Fleischer,,5,,,,,,0,32,,,
impostor,Bill_Frist,Ali_Naimi,,5,,,,,,0,32,,,
impostor,Ana_Guevara,Alejandro_Toledo,,5,,,,,,0,32,,,
impostor,Angelina_Jolie,Adrien_Brody,,5,,,,,,0,32,,,
impostor,Arnold_Schwarzenegger,Ali_Naimi,,5,,,,,,0,32,,,
impostor,Angela_Bassett,Ann_Veneman,,5,,,,,,0,32,,,
impostor,Ann_Veneman,Ariel_Sharon,,5,,,,,,0,32,,,
impostor,Arnold_Schwarzenegger,Bill_Gates,,5,,,,,,0,32,,,
impostor,Andre_Agassi,Bill_Graham,,5,,,,,,0,32,,,
impostor,Bill_Clinton,Ben_Affleck,,5,,,,,,0,32,,,
impostor,Arnold_Schwarzenegger,Amelia_Vega,,5,,,,,,0,32,,,
impostor,Bill_Graham,Antonio_Palocci,,5,,,,,,0,31,,,
impostor,Atal_Bihari_Vajpayee,Albert_Costa,,5,,,,,,0,32,,,
impostor,Alvaro_Uribe,Antonio_Palocci,,5,,,,,,0,32,,,
impostor,Anna_Kournikova,Arminio_Fraga,,5,,,,,,0,32,,,
impostor,Angela_Bassett,Adrien_Brody,,5,,,,,,0,32,,,
impostor,Ari_Fleischer,Al_Gore,,5,,,,,,0,32,,,
impostor,Ali_Naimi,Bill_Gates,,5,,,,,,0,31,,,
impostor,Adrien_Brody,Andre_Agassi,,5,,,,,,0,32,,,
impostor,Andy_Roddick,Abdullah_Gul,,5,,,,,,0,32,,,
impostor,Andy_Roddick,Ali_Naimi,,5,,,,,,0,32,,,
impostor,Anna_Kournikova,Alvaro_Uribe,,5,,,,,,0,32,,,
impostor,Angela_Bassett,Bill_Graham,,5,,,,,,0,32,,,
impostor,Al_Gore,Amelie_Mauresmo,,5,,,,,,0,32,,,
impostor,Ariel_Sharon,Bill_Clinton,,5,,,,,,0,32,,,
impostor,Abdullah_Gul,Atal_Bihari_Vajpayee,,5,,,,,,0,32,,,
impostor,Al_Gore,Antonio_Palocci,,5,,,,,,0,32,,,
impostor,Ali_Naimi,Albert_Costa,,5,,,,,,0,32,,,
impostor,Adrien_Brody,Ben_Affleck,,5,,,,,,0,32,,,
impostor,Bill_Clinton,Bill_Frist,,5,,,,,,0,32,,,
impostor,Al_Gore,Bill_Graham,,5,,,,,,0,32,,,
impostor,Bill_Clinton,Antonio_Palocci,,5,,,,,,0,31,,,
impostor,Bill_Gates,Angela_Bassett,,5,,,,,,0,32,,,
impostor,Bill_Clinton,Bill_Graham,,5,,,,,,0,32,,,
impostor,Arnold_Schwarzenegger,Angela_Bassett,,5,,,,,,0,32,,,
impostor,Andy_Roddick,Al_Gore,,5,,,,,,0,31,,,
impostor,Abdullah_Gul,Adrien_Brody,,5,,,,,,0,32,,,
impostor,Amelia_Vega,Ali_Naimi,,5,,,,,,0,32,,,
impostor,Ana_Guevara,Arminio_Fraga,,5,,,,,,0,32,,,
impostor,Antonio_Palocci,Alejandro_Toledo,,5,,,,,,0,32,,,
impostor,Angelina_Jolie,Antonio_Palocci,,5,,,,,,0,32,,,
impostor,Andre_Agassi,Bill_Gates,,5,,,,,,0,32,,,
impostor,Ali_Naimi,Angela_Bassett,,5,,,,,,0,32,,,
impostor,Anna_Kournikova,Ben_Affleck,,5,,,,,,0,32,,,
impostor,Adrien_Brody,Andy_Roddick,,5,,,,,,0,32,,,
impostor,Adrien_Brody,Ari_Fleischer,,5,,,,,,0,32,,,
impostor,Alvaro_Uribe,Bill_McBride,,5,,,,,,0,32,,,
impostor,Bill_Frist,Arminio_Fraga,,5,,,,,,0,32,,,
impostor,Angela_Bassett,Abdullah_Gul,,5,,,,,,0,32,,,
impostor,Angelina_Jolie,Ann_Veneman,,5,,,,,,0,32,,,
impostor,Bill_Graham,Ana_Guevara,,5,,,,,,0,32,,,
impostor,Ali_Naimi,Al_Gore,,5,,,,,,0,32,,,
impostor,Alejandro_Toledo,Ana_Palacio,,5,,,,,,0,32,,,
impostor,Bill_McBride,Ben_Affleck,,5,,,,,,0,32,,,
impostor,Ali_Naimi,Ana_Palacio,,5,,,,,,0,32,,,
impostor,Andy_Roddick,Albert_Costa,,5,,,,,,0,32,,,
impostor,Amelie_Mauresmo,Amelia_Vega,,5,,,,,,0,31,,,
impostor,Atal_Bihari_Vajpayee,Ali_Naimi,,5,,,,,,0,31,,,
impostor,Albert_Costa,Andre_Agassi,,5,,,,,,0,31,,,
impostor,Ben_Affleck,Bill_Graham,,5,,,,,,0,32,,,
impostor,Ariel_Sharon,Arnold_Schwarzenegger,,5,,,,,,0,32,,,
impostor,Ann_Veneman,Ben_Affleck,,5,,,,,,0,32,,,
impostor,Albert_Costa,Ben_Affleck,,5,,,,,,0,31,,,
impostor,Alejandro_Toledo,Atal_Bihari_Vajpayee,,5,,,,,,0,32,,,
impostor,Alvaro_Uribe,Ali_Naimi,,5,,,,,,0,32,,,
impostor,Abdullah_Gul,Bill_McBride,,5,,,,,,0,32,,,
impostor,Al_Sharpton,Ana_Guevara,,5,,,,,,0,32,,,
impostor,Bill_Clinton,Al_Sharpton,,5,,,,,,0,32,,,
impostor,Adrien_Brody,Arnold_Schwarzenegger,,5,,,,,,0,32,,,
impostor,Anna_Kournikova,Ana_Guevara,,5,,,,,,0,32,,,
impostor,Ari_Fleischer,Bill_Clinton,,5,,,,,,0,31,,,
impostor,Adrien_Brody,Al_Sharpton,,5,,,,,,0,32,,,
impostor,Amelia_Vega,Ann_Veneman,,5,,,,,,0,32,,,
impostor,Bill_McBride,Anna_Kournikova,,5,,,,,,0,32,,,
impostor,Bill_Frist,Angela_Bassett,,5,,,,,,0,32,,,
impostor,Ariel_Sharon,Adrien_Brody,,5,,,,,,0,32,,,
impostor,Ariel_Sharon,Angela_Bassett,,5,,,,,,0,32,,,
impostor,Arminio_Fraga,Amelie_Mauresmo,,5,,,,,,0,32,,,
impostor,Andre_Agassi,Amelia_Vega,,5,,,,,,0,32,,,
impostor,Abdullah_Gul,Ali_Naimi,,5,,,,,,0,32,,,
impostor,Andre_Agassi,Ana_Guevara,,5,,,,,,0,32,,,
impostor,Bill_Gates,Ana_Palacio,,5,,,,,,0,31,,,
impostor,Anna_Kournikova,Bill_Frist,,5,,,,,,0,32,,,
impostor,Alvaro_Uribe,Angela_Bassett,,5,,,,,,0,32,,,
impostor,Ann_Veneman,Atal_Bihari_Vajpayee,,5,,,,,,0,32,,,
impostor,Ana_Guevara,Ben_Affleck,,5,,,,,,0,32,,,
impostor,Ariel_Sharon,Bill_Frist,,5,,,,,,0,32,,,
impostor,Arnold_Schwarzenegger,Andre_Agassi,,5,,,,,,0,32,,,
impostor,Bill_Frist,Amelia_Vega,,5,,,,,,0,32,,,
impostor,Bill_McBride,Adrien_Brody,,5,,,,,,0,32,,,
impostor,Bill_Graham,Bill_McBride,,5,,,,,,0,32,,,
impostor,Bill_Frist,Ana_Palacio,,5,,,,,,0,32,,,
impostor,Ari_Fleischer,Angelina_Jolie,,5,,,,,,0,32,,,
impostor,Bill_Graham,Amelia_Vega,,5,,,,,,0,31,,,
impostor,Alejandro_Toledo,Angelina_Jolie,,5,,,,,,0,32,,,
impostor,Ben_Affleck,Alejandro_Toledo,,5,,,,,,0,32,,,
impostor,Bill_Frist,Al_Sharpton,,5,,,,,,0,32,,,
impostor,Angelina_Jolie,Andy_Roddick,,5,,,,,,0,32,,,
impostor,Ann_Veneman,Ana_Palacio,,5,,,,,,0,32,,,
impostor,Ana_Palacio,Bill_Clinton,,5,,,,,,0,32,,,
impostor,Ben_Affleck,Antonio_Palocci,,5,,,,,,0,32,,,
impostor,Bill_McBride,Ana_Guevara,,5,,,,,,0,32,,,
impostor,Ariel_Sharon,Angelina_Jolie,,5,,,,,,0,32,,,
impostor,Ariel_Sharon,Ari_Fleischer,,5,,,,,,0,32,,,
impostor,Ben_Affleck,Andre_Agassi,,5,,,,,,0,31,,,
impostor,Ben_Affleck,Amelia_Vega,,5,,,,,,0,32,,,
impostor,Arminio_Fraga,Bill_Graham,,5,,,,,,0,32,,,
impostor,Ali_Naimi,Angelina_Jolie,,5,,,,,,0,31,,,
impostor,Abdullah_Gul,Antonio_Palocci,,5,,,,,,0,32,,,
impostor,Albert_Costa,Al_Gore,,5,,,,,,0,32,,,
impostor,Amelie_Mauresmo,Antonio_Palocci,,5,,,,,,0,32,,,
impostor,Anna_Kournikova,Ana_Palacio,,5,,,,,,0,32,,,
impostor,Ben_Affleck,Atal_Bihari_Vajpayee,,5,,,,,,0,32,,,
impostor,Ana_Guevara,Ari_Fleischer,,5,,,,,,0,32,,,
impostor,Abdullah_Gul,Amelia_Vega,,5,,,,,,0,32,,,
impostor,Bill_McBride,Alejandro_Toledo,,5,,,,,,0,32,,,
impostor,Ana_Guevara,Bill_Gates,,5,,,,,,0,32,,,
impostor,Alvaro_Uribe,Amelie_Mauresmo,,5,,,,,,0,32,,,
impostor,Ana_Guevara,Amelie_Mauresmo,,5,,,,,,0,32,,,
impostor,Antonio_Palocci,Ari_Fleischer,,5,,,,,,0,32,,,
impostor,Ari_Fleischer,Ann_Veneman,,5,,,,,,0,32,,,
impostor,Ariel_Sharon,Bill_Graham,,5,,,,,,0,32,,,
impostor,Bill_Frist,Alejandro_Toledo,,5,,,,,,0,32,,,
impostor,Atal_Bihari_Vajpayee,Amelie_Mauresmo,,5,,,,,,0,32,,,
impostor,Amelie_Mauresmo,Bill_McBride,,5,,,,,,0,32,,,
impostor,Ben_Affleck,Angela_Bassett,,5,,,,,,0,32,,,
impostor,Alejandro_Toledo,Arnold_Schwarzenegger,,5,,,,,,0,32,,,
impostor,Al_Sharpton,Abdullah_Gul,,5,,,,,,0,32,,,
impostor,Abdullah_Gul,Ben_Affleck,,5,,,,,,0,32,,,
impostor,Angela_Bassett,Angelina_Jolie,,5,,,,,,0,32,,,
impostor,Bill_Graham,Anna_Kournikova,,5,,,,,,0,32,,,
impostor,Angela_Bassett,Bill_Clinton,,5,,,,,,0,32,,,
impostor,Bill_Frist,Abdullah_Gul,,5,,,,,,0,32,,,
impostor,Al_Sharpton,Al_Gore,,5,,,,,,0,32,,,
impostor,Andre_Agassi,Ann_Veneman,,5,,,,,,0,31,,,
impostor,Arnold_Schwarzenegger,Ari_Fleischer,,5,,,,,,0,32,,,
impostor,Bill_Graham,Adrien_Brody,,5,,,,,,0,32,,,
impostor,Anna_Kournikova,Bill_Gates,,5,,,,,,0,32,,,
impostor,Ariel_Sharon,Andy_Roddick,,5,,,,,,0,32,,,
impostor,Ann_Veneman,Alejandro_Toledo,,5,,,,,,0,32,,,
impostor,Ana_Guevara,Atal_Bihari_Vajpayee,,5,,,,,,0,32,,,
impostor,Andy_Roddick,Alvaro_Uribe,,5,,,,,,0,32,,,
impostor,Amelia_Vega,Arminio_Fraga,,5,,,,,,0,30,,,
impostor,Ann_Veneman,Al_Sharpton,,5,,,,,,0,32,,,
impostor,Alvaro_Uribe,Adrien_Brody,,5,,,,,,0,32,,,
impostor,Al_Sharpton,Andre_Agassi,,5,,,,,,0,31,,,
impostor,Ana_Guevara,Abdullah_Gul,,5,,,,,,0,32,,,
impostor,Bill_Clinton,Ann_Veneman,,5,,,,,,0,32,,,
impostor,Arnold_Schwarzenegger,Bill_McBride,,5,,,,,,0,31,,,
impostor,Anna_Kournikova,Ari_Fleischer,,5,,,,,,0,32,,,
impostor,Bill_Clinton,Alvaro_Uribe,,5,,,,,,0,32,,,
impostor,Albert_Costa,Amelie_Mauresmo,,5,,,,,,0,32,,,
impostor,Alejandro_Toledo,Andre_Agassi,,5,,,,,,0,32,,,
impostor,Atal_Bihari_Vajpayee,Angelina_Jolie,,5,,,,,,0,32,,,
impostor,Ariel_Sharon,Atal_Bihari_Vajpayee,,5,,,,,,0,32,,,
impostor,Alejandro_Toledo,Abdullah_Gul,,5,,,,,,0,32,,,
impostor,Albert_Costa,Bill_Frist,,5,,,,,,0,32,,,
impostor,Arnold_Schwarzenegger,Ana_Palacio,,5,,,,,,0,32,,,
impostor,Bill_Gates,Bill_Graham,,5,,,,,,0,32,,,
impostor,Andy_Roddick,Andre_Agassi,,5,,,,,,0,32,,,
impostor,Bill_Clinton,Arnold_Schwarzenegger,,5,,,,,,0,32,,,
impostor,Adrien_Brody,Amelia_Vega,,5,,,,,,0,32,,,
impostor,Bill_Gates,Adrien_Brody,,5,,,,,,0,32,,,
impostor,Antonio_Palocci,Arminio_Fraga,,5,,,,,,0,32,,,
impostor,Alejandro_Toledo,Bill_Graham,,5,,,,,,0,31,,,
impostor,Andy_Roddick,Ben_Affleck,,5,,,,,,0,32,,,
impostor,Alejandro_Toledo,Albert_Costa,,5,,,,,,0,30,,,
impostor,Bill_Gates,Ari_Fleischer,,5,,,,,,0,32,,,
impostor,Angela_Bassett,Ana_Guevara,,5,,,,,,0,32,,,
impostor,Andy_Roddick,Antonio_Palocci,,5,,,,,,0,32,,,
impostor,Ali_Naimi,Bill_McBride,,5,,,,,,0,32,,,
impostor,Angelina_Jolie,Arminio_Fraga,,5,,,,,,0,31,,,
impostor,Amelie_Mauresmo,Ali_Naimi,,5,,,,,,0,32,,,
impostor,Abdullah_Gul,Alvaro_Uribe,,5,,,,,,0,32,,,
impostor,Ana_Palacio,Al_Sharpton,,5,,,,,,0,31,,,
impostor,Alvaro_Uribe,Al_Sharpton,,5,,,,,,0,32,,,
impostor,Al_Gore,Ana_Palacio,,5,,,,,,0,32,,,
impostor,Ari_Fleischer,Andre_Agassi,,5,,,,,,0,32,,,
impostor,Ana_Guevara,Amelia_Vega,,5,,,,,,0,32,,,
impostor,Arminio_Fraga,Angela_Bassett,,5,,,,,,0,32,,,
impostor,Ana_Palacio,Antonio_Palocci,,5,,,,,,0,32,,,
impostor,Bill_Clinton,Ali_Naimi,,5,,,,,,0,32,,,
impostor,Adrien_Brody,Al_Gore,,5,,,,,,0,32,,,
impostor,Al_Sharpton,Ali_Naimi,,5,,,,,,0,32,,,
impostor,Al_Sharpton,Amelia_Vega,,5,,,,,,0,32,,,
impostor,Ana_Palacio,Arminio_Fraga,,5,,,,,,0,32,,,
impostor,Alvaro_Uribe,Atal_Bihari_Vajpayee,,5,,,,,,0,32,,,
impostor,Bill_Gates,Albert_Costa,,5,,,,,,0,32,,,
impostor,Ben_Affleck,Al_Gore,,5,,,,,,0,32,,,
impostor,Anna_Kournikova,Ariel_Sharon,,5,,,,,,0,32,,,
impostor,Angela_Bassett,Antonio_Palocci,,5,,,,,,0,32,,,
impostor,Bill_Gates,Atal_Bihari_Vajpayee,,5,,,,,,0,32,,,
impostor,Al_Sharpton,Antonio_Palocci,,5,,,,,,0,32,,,
impostor,Bill_Frist,Alvaro_Uribe,,5,,,,,,0,32,,,
impostor,Ann_Veneman,Bill_Gates,,5,,,,,,0,32,,,
impostor,Ann_Veneman,Adrien_Brody,,5,,,,,,0,32,,,
impostor,Al_Gore,Ana_Guevara,,5,,,,,,0,32,,,
impostor,Ben_Affleck,Ana_Palacio,,5,,,,,,0,32,,,
synthetic_rs_threshold_scan,Abdullah_Gul,,,5,,,,,,1,0,0,0,20260817
synthetic_rs_threshold_scan,Abdullah_Gul,,,5,,,,,,1,1,1,1,20260818
synthetic_rs_threshold_scan,Abdullah_Gul,,,5,,,,,,1,2,2,2,20260819
synthetic_rs_threshold_scan,Abdullah_Gul,,,5,,,,,,1,3,3,3,20260820
synthetic_rs_threshold_scan,Abdullah_Gul,,,5,,,,,,1,4,4,4,20260821
synthetic_rs_threshold_scan,Abdullah_Gul,,,5,,,,,,1,5,5,5,20260822
synthetic_rs_threshold_scan,Abdullah_Gul,,,5,,,,,,1,6,6,6,20260823
synthetic_rs_threshold_scan,Abdullah_Gul,,,5,,,,,,1,7,7,7,20260824
synthetic_rs_threshold_scan,Abdullah_Gul,,,5,,,,,,1,8,8,8,20260825
synthetic_rs_threshold_scan,Abdullah_Gul,,,5,,,,,,1,9,9,9,20260826
synthetic_rs_threshold_scan,Abdullah_Gul,,,5,,,,,,1,10,10,10,20260827
synthetic_rs_threshold_scan,Abdullah_Gul,,,5,,,,,,1,11,11,11,20260828
synthetic_rs_threshold_scan,Abdullah_Gul,,,5,,,,,,1,12,12,12,20260829
synthetic_rs_threshold_scan,Abdullah_Gul,,,5,,,,,,1,13,13,13,20260830
synthetic_rs_threshold_scan,Abdullah_Gul,,,5,,,,,,1,14,14,14,20260831
synthetic_rs_threshold_scan,Abdullah_Gul,,,5,,,,,,1,15,15,15,20260832
synthetic_rs_threshold_scan,Abdullah_Gul,,,5,,,,,,1,16,16,16,20260833
synthetic_rs_threshold_scan,Abdullah_Gul,,,5,,,,,,1,17,17,17,20260834
synthetic_rs_threshold_scan,Abdullah_Gul,,,5,,,,,,1,18,18,18,20260835
synthetic_rs_threshold_scan,Abdullah_Gul,,,5,,,,,,1,19,19,19,20260836
synthetic_rs_threshold_scan,Abdullah_Gul,,,5,,,,,,1,20,20,20,20260837
synthetic_rs_threshold_scan,Abdullah_Gul,,,5,,,,,,1,21,21,21,20260838
synthetic_rs_threshold_scan,Abdullah_Gul,,,5,,,,,,1,22,22,22,20260839
synthetic_rs_threshold_scan,Abdullah_Gul,,,5,,,,,,1,23,23,23,20260840
synthetic_rs_threshold_scan,Abdullah_Gul,,,5,,,,,,1,24,24,24,20260841
synthetic_rs_threshold_scan,Abdullah_Gul,,,5,,,,,,1,25,25,25,20260842
synthetic_rs_threshold_scan,Abdullah_Gul,,,5,,,,,,1,26,26,26,20260843
synthetic_rs_threshold_scan,Abdullah_Gul,,,5,,,,,,1,27,27,27,20260844
synthetic_rs_threshold_scan,Abdullah_Gul,,,5,,,,,,1,28,28,28,20260845
synthetic_rs_threshold_scan,Abdullah_Gul,,,5,,,,,,0,29,29,29,20260846
synthetic_rs_threshold_scan,Abdullah_Gul,,,5,,,,,,0,30,30,30,20260847
synthetic_rs_threshold_scan,Abdullah_Gul,,,5,,,,,,0,31,31,31,20260848
synthetic_rs_threshold_scan,Abdullah_Gul,,,5,,,,,,0,32,32,32,20260849
synthetic_rs_threshold_scan,Adrien_Brody,,,5,,,,,,1,0,0,0,20260817
synthetic_rs_threshold_scan,Adrien_Brody,,,5,,,,,,1,1,1,1,20260818
synthetic_rs_threshold_scan,Adrien_Brody,,,5,,,,,,1,2,2,2,20260819
synthetic_rs_threshold_scan,Adrien_Brody,,,5,,,,,,1,3,3,3,20260820
synthetic_rs_threshold_scan,Adrien_Brody,,,5,,,,,,1,4,4,4,20260821
synthetic_rs_threshold_scan,Adrien_Brody,,,5,,,,,,1,5,5,5,20260822
synthetic_rs_threshold_scan,Adrien_Brody,,,5,,,,,,1,6,6,6,20260823
synthetic_rs_threshold_scan,Adrien_Brody,,,5,,,,,,1,7,7,7,20260824
synthetic_rs_threshold_scan,Adrien_Brody,,,5,,,,,,1,8,8,8,20260825
synthetic_rs_threshold_scan,Adrien_Brody,,,5,,,,,,1,9,9,9,20260826
synthetic_rs_threshold_scan,Adrien_Brody,,,5,,,,,,1,10,10,10,20260827
synthetic_rs_threshold_scan,Adrien_Brody,,,5,,,,,,1,11,11,11,20260828
synthetic_rs_threshold_scan,Adrien_Brody,,,5,,,,,,1,12,12,12,20260829
synthetic_rs_threshold_scan,Adrien_Brody,,,5,,,,,,1,13,13,13,20260830
synthetic_rs_threshold_scan,Adrien_Brody,,,5,,,,,,1,14,14,14,20260831
synthetic_rs_threshold_scan,Adrien_Brody,,,5,,,,,,1,15,15,15,20260832
synthetic_rs_threshold_scan,Adrien_Brody,,,5,,,,,,1,16,16,16,20260833
synthetic_rs_threshold_scan,Adrien_Brody,,,5,,,,,,1,17,17,17,20260834
synthetic_rs_threshold_scan,Adrien_Brody,,,5,,,,,,1,18,18,18,20260835
synthetic_rs_threshold_scan,Adrien_Brody,,,5,,,,,,1,19,19,19,20260836
synthetic_rs_threshold_scan,Adrien_Brody,,,5,,,,,,1,20,20,20,20260837
synthetic_rs_threshold_scan,Adrien_Brody,,,5,,,,,,1,21,21,21,20260838
synthetic_rs_threshold_scan,Adrien_Brody,,,5,,,,,,1,22,22,22,20260839
synthetic_rs_threshold_scan,Adrien_Brody,,,5,,,,,,1,23,23,23,20260840
synthetic_rs_threshold_scan,Adrien_Brody,,,5,,,,,,1,24,24,24,20260841
synthetic_rs_threshold_scan,Adrien_Brody,,,5,,,,,,1,25,25,25,20260842
synthetic_rs_threshold_scan,Adrien_Brody,,,5,,,,,,1,26,26,26,20260843
synthetic_rs_threshold_scan,Adrien_Brody,,,5,,,,,,1,27,27,27,20260844
synthetic_rs_threshold_scan,Adrien_Brody,,,5,,,,,,1,28,28,28,20260845
synthetic_rs_threshold_scan,Adrien_Brody,,,5,,,,,,0,29,29,29,20260846
synthetic_rs_threshold_scan,Adrien_Brody,,,5,,,,,,0,30,30,30,20260847
synthetic_rs_threshold_scan,Adrien_Brody,,,5,,,,,,0,31,31,31,20260848
synthetic_rs_threshold_scan,Adrien_Brody,,,5,,,,,,0,32,32,32,20260849
synthetic_rs_threshold_scan,Al_Gore,,,5,,,,,,1,0,0,0,20260817
synthetic_rs_threshold_scan,Al_Gore,,,5,,,,,,1,1,1,1,20260818
synthetic_rs_threshold_scan,Al_Gore,,,5,,,,,,1,2,2,2,20260819
synthetic_rs_threshold_scan,Al_Gore,,,5,,,,,,1,3,3,3,20260820
synthetic_rs_threshold_scan,Al_Gore,,,5,,,,,,1,4,4,4,20260821
synthetic_rs_threshold_scan,Al_Gore,,,5,,,,,,1,5,5,5,20260822
synthetic_rs_threshold_scan,Al_Gore,,,5,,,,,,1,6,6,6,20260823
synthetic_rs_threshold_scan,Al_Gore,,,5,,,,,,1,7,7,7,20260824
synthetic_rs_threshold_scan,Al_Gore,,,5,,,,,,1,8,8,8,20260825
synthetic_rs_threshold_scan,Al_Gore,,,5,,,,,,1,9,9,9,20260826
synthetic_rs_threshold_scan,Al_Gore,,,5,,,,,,1,10,10,10,20260827
synthetic_rs_threshold_scan,Al_Gore,,,5,,,,,,1,11,11,11,20260828
synthetic_rs_threshold_scan,Al_Gore,,,5,,,,,,1,12,12,12,20260829
synthetic_rs_threshold_scan,Al_Gore,,,5,,,,,,1,13,13,13,20260830
synthetic_rs_threshold_scan,Al_Gore,,,5,,,,,,1,14,14,14,20260831
synthetic_rs_threshold_scan,Al_Gore,,,5,,,,,,1,15,15,15,20260832
synthetic_rs_threshold_scan,Al_Gore,,,5,,,,,,1,16,16,16,20260833
synthetic_rs_threshold_scan,Al_Gore,,,5,,,,,,1,17,17,17,20260834
synthetic_rs_threshold_scan,Al_Gore,,,5,,,,,,1,18,18,18,20260835
synthetic_rs_threshold_scan,Al_Gore,,,5,,,,,,1,19,19,19,20260836
synthetic_rs_threshold_scan,Al_Gore,,,5,,,,,,1,20,20,20,20260837
synthetic_rs_threshold_scan,Al_Gore,,,5,,,,,,1,21,21,21,20260838
synthetic_rs_threshold_scan,Al_Gore,,,5,,,,,,1,22,22,22,20260839
synthetic_rs_threshold_scan,Al_Gore,,,5,,,,,,1,23,23,23,20260840
synthetic_rs_threshold_scan,Al_Gore,,,5,,,,,,1,24,24,24,20260841
synthetic_rs_threshold_scan,Al_Gore,,,5,,,,,,1,25,25,25,20260842
synthetic_rs_threshold_scan,Al_Gore,,,5,,,,,,1,26,26,26,20260843
synthetic_rs_threshold_scan,Al_Gore,,,5,,,,,,1,27,27,27,20260844
synthetic_rs_threshold_scan,Al_Gore,,,5,,,,,,1,28,28,28,20260845
synthetic_rs_threshold_scan,Al_Gore,,,5,,,,,,0,29,29,29,20260846
synthetic_rs_threshold_scan,Al_Gore,,,5,,,,,,0,30,30,30,20260847
synthetic_rs_threshold_scan,Al_Gore,,,5,,,,,,0,31,31,31,20260848
synthetic_rs_threshold_scan,Al_Gore,,,5,,,,,,0,32,32,32,20260849
synthetic_rs_threshold_scan,Al_Sharpton,,,5,,,,,,1,0,0,0,20260817
synthetic_rs_threshold_scan,Al_Sharpton,,,5,,,,,,1,1,1,1,20260818
synthetic_rs_threshold_scan,Al_Sharpton,,,5,,,,,,1,2,2,2,20260819
synthetic_rs_threshold_scan,Al_Sharpton,,,5,,,,,,1,3,3,3,20260820
synthetic_rs_threshold_scan,Al_Sharpton,,,5,,,,,,1,4,4,4,20260821
synthetic_rs_threshold_scan,Al_Sharpton,,,5,,,,,,1,5,5,5,20260822
synthetic_rs_threshold_scan,Al_Sharpton,,,5,,,,,,1,6,6,6,20260823
synthetic_rs_threshold_scan,Al_Sharpton,,,5,,,,,,1,7,7,7,20260824
synthetic_rs_threshold_scan,Al_Sharpton,,,5,,,,,,1,8,8,8,20260825
synthetic_rs_threshold_scan,Al_Sharpton,,,5,,,,,,1,9,9,9,20260826
synthetic_rs_threshold_scan,Al_Sharpton,,,5,,,,,,1,10,10,10,20260827
synthetic_rs_threshold_scan,Al_Sharpton,,,5,,,,,,1,11,11,11,20260828
synthetic_rs_threshold_scan,Al_Sharpton,,,5,,,,,,1,12,12,12,20260829
synthetic_rs_threshold_scan,Al_Sharpton,,,5,,,,,,1,13,13,13,20260830
synthetic_rs_threshold_scan,Al_Sharpton,,,5,,,,,,1,14,14,14,20260831
synthetic_rs_threshold_scan,Al_Sharpton,,,5,,,,,,1,15,15,15,20260832
synthetic_rs_threshold_scan,Al_Sharpton,,,5,,,,,,1,16,16,16,20260833
synthetic_rs_threshold_scan,Al_Sharpton,,,5,,,,,,1,17,17,17,20260834
synthetic_rs_threshold_scan,Al_Sharpton,,,5,,,,,,1,18,18,18,20260835
synthetic_rs_threshold_scan,Al_Sharpton,,,5,,,,,,1,19,19,19,20260836
synthetic_rs_threshold_scan,Al_Sharpton,,,5,,,,,,1,20,20,20,20260837
synthetic_rs_threshold_scan,Al_Sharpton,,,5,,,,,,1,21,21,21,20260838
synthetic_rs_threshold_scan,Al_Sharpton,,,5,,,,,,1,22,22,22,20260839
synthetic_rs_threshold_scan,Al_Sharpton,,,5,,,,,,1,23,23,23,20260840
synthetic_rs_threshold_scan,Al_Sharpton,,,5,,,,,,1,24,24,24,20260841
synthetic_rs_threshold_scan,Al_Sharpton,,,5,,,,,,1,25,25,25,20260842
synthetic_rs_threshold_scan,Al_Sharpton,,,5,,,,,,1,26,26,26,20260843
synthetic_rs_threshold_scan,Al_Sharpton,,,5,,,,,,1,27,27,27,20260844
synthetic_rs_threshold_scan,Al_Sharpton,,,5,,,,,,1,28,28,28,20260845
synthetic_rs_threshold_scan,Al_Sharpton,,,5,,,,,,0,29,29,29,20260846
synthetic_rs_threshold_scan,Al_Sharpton,,,5,,,,,,0,30,30,30,20260847
synthetic_rs_threshold_scan,Al_Sharpton,,,5,,,,,,0,31,31,31,20260848
synthetic_rs_threshold_scan,Al_Sharpton,,,5,,,,,,0,32,32,32,20260849
synthetic_rs_threshold_scan,Albert_Costa,,,5,,,,,,1,0,0,0,20260817
synthetic_rs_threshold_scan,Albert_Costa,,,5,,,,,,1,1,1,1,20260818
synthetic_rs_threshold_scan,Albert_Costa,,,5,,,,,,1,2,2,2,20260819
synthetic_rs_threshold_scan,Albert_Costa,,,5,,,,,,1,3,3,3,20260820
synthetic_rs_threshold_scan,Albert_Costa,,,5,,,,,,1,4,4,4,20260821
synthetic_rs_threshold_scan,Albert_Costa,,,5,,,,,,1,5,5,5,20260822
synthetic_rs_threshold_scan,Albert_Costa,,,5,,,,,,1,6,6,6,20260823
synthetic_rs_threshold_scan,Albert_Costa,,,5,,,,,,1,7,7,7,20260824
synthetic_rs_threshold_scan,Albert_Costa,,,5,,,,,,1,8,8,8,20260825
synthetic_rs_threshold_scan,Albert_Costa,,,5,,,,,,1,9,9,9,20260826
synthetic_rs_threshold_scan,Albert_Costa,,,5,,,,,,1,10,10,10,20260827
synthetic_rs_threshold_scan,Albert_Costa,,,5,,,,,,1,11,11,11,20260828
synthetic_rs_threshold_scan,Albert_Costa,,,5,,,,,,1,12,12,12,20260829
synthetic_rs_threshold_scan,Albert_Costa,,,5,,,,,,1,13,13,13,20260830
synthetic_rs_threshold_scan,Albert_Costa,,,5,,,,,,1,14,14,14,20260831
synthetic_rs_threshold_scan,Albert_Costa,,,5,,,,,,1,15,15,15,20260832
synthetic_rs_threshold_scan,Albert_Costa,,,5,,,,,,1,16,16,16,20260833
synthetic_rs_threshold_scan,Albert_Costa,,,5,,,,,,1,17,17,17,20260834
synthetic_rs_threshold_scan,Albert_Costa,,,5,,,,,,1,18,18,18,20260835
synthetic_rs_threshold_scan,Albert_Costa,,,5,,,,,,1,19,19,19,20260836
synthetic_rs_threshold_scan,Albert_Costa,,,5,,,,,,1,20,20,20,20260837
synthetic_rs_threshold_scan,Albert_Costa,,,5,,,,,,1,21,21,21,20260838
synthetic_rs_threshold_scan,Albert_Costa,,,5,,,,,,1,22,22,22,20260839
synthetic_rs_threshold_scan,Albert_Costa,,,5,,,,,,1,23,23,23,20260840
synthetic_rs_threshold_scan,Albert_Costa,,,5,,,,,,1,24,24,24,20260841
synthetic_rs_threshold_scan,Albert_Costa,,,5,,,,,,1,25,25,25,20260842
synthetic_rs_threshold_scan,Albert_Costa,,,5,,,,,,1,26,26,26,20260843
synthetic_rs_threshold_scan,Albert_Costa,,,5,,,,,,1,27,27,27,20260844
synthetic_rs_threshold_scan,Albert_Costa,,,5,,,,,,1,28,28,28,20260845
synthetic_rs_threshold_scan,Albert_Costa,,,5,,,,,,0,29,29,29,20260846
synthetic_rs_threshold_scan,Albert_Costa,,,5,,,,,,0,30,30,30,20260847
synthetic_rs_threshold_scan,Albert_Costa,,,5,,,,,,0,31,31,31,20260848
synthetic_rs_threshold_scan,Albert_Costa,,,5,,,,,,0,32,32,32,20260849
synthetic_rs_threshold_scan,Alejandro_Toledo,,,5,,,,,,1,0,0,0,20260817
synthetic_rs_threshold_scan,Alejandro_Toledo,,,5,,,,,,1,1,1,1,20260818
synthetic_rs_threshold_scan,Alejandro_Toledo,,,5,,,,,,1,2,2,2,20260819
synthetic_rs_threshold_scan,Alejandro_Toledo,,,5,,,,,,1,3,3,3,20260820
synthetic_rs_threshold_scan,Alejandro_Toledo,,,5,,,,,,1,4,4,4,20260821
synthetic_rs_threshold_scan,Alejandro_Toledo,,,5,,,,,,1,5,5,5,20260822
synthetic_rs_threshold_scan,Alejandro_Toledo,,,5,,,,,,1,6,6,6,20260823
synthetic_rs_threshold_scan,Alejandro_Toledo,,,5,,,,,,1,7,7,7,20260824
synthetic_rs_threshold_scan,Alejandro_Toledo,,,5,,,,,,1,8,8,8,20260825
synthetic_rs_threshold_scan,Alejandro_Toledo,,,5,,,,,,1,9,9,9,20260826
synthetic_rs_threshold_scan,Alejandro_Toledo,,,5,,,,,,1,10,10,10,20260827
synthetic_rs_threshold_scan,Alejandro_Toledo,,,5,,,,,,1,11,11,11,20260828
synthetic_rs_threshold_scan,Alejandro_Toledo,,,5,,,,,,1,12,12,12,20260829
synthetic_rs_threshold_scan,Alejandro_Toledo,,,5,,,,,,1,13,13,13,20260830
synthetic_rs_threshold_scan,Alejandro_Toledo,,,5,,,,,,1,14,14,14,20260831
synthetic_rs_threshold_scan,Alejandro_Toledo,,,5,,,,,,1,15,15,15,20260832
synthetic_rs_threshold_scan,Alejandro_Toledo,,,5,,,,,,1,16,16,16,20260833
synthetic_rs_threshold_scan,Alejandro_Toledo,,,5,,,,,,1,17,17,17,20260834
synthetic_rs_threshold_scan,Alejandro_Toledo,,,5,,,,,,1,18,18,18,20260835
synthetic_rs_threshold_scan,Alejandro_Toledo,,,5,,,,,,1,19,19,19,20260836
synthetic_rs_threshold_scan,Alejandro_Toledo,,,5,,,,,,1,20,20,20,20260837
synthetic_rs_threshold_scan,Alejandro_Toledo,,,5,,,,,,1,21,21,21,20260838
synthetic_rs_threshold_scan,Alejandro_Toledo,,,5,,,,,,1,22,22,22,20260839
synthetic_rs_threshold_scan,Alejandro_Toledo,,,5,,,,,,1,23,23,23,20260840
synthetic_rs_threshold_scan,Alejandro_Toledo,,,5,,,,,,1,24,24,24,20260841
synthetic_rs_threshold_scan,Alejandro_Toledo,,,5,,,,,,1,25,25,25,20260842
synthetic_rs_threshold_scan,Alejandro_Toledo,,,5,,,,,,1,26,26,26,20260843
synthetic_rs_threshold_scan,Alejandro_Toledo,,,5,,,,,,1,27,27,27,20260844
synthetic_rs_threshold_scan,Alejandro_Toledo,,,5,,,,,,1,28,28,28,20260845
synthetic_rs_threshold_scan,Alejandro_Toledo,,,5,,,,,,0,29,29,29,20260846
synthetic_rs_threshold_scan,Alejandro_Toledo,,,5,,,,,,0,30,30,30,20260847
synthetic_rs_threshold_scan,Alejandro_Toledo,,,5,,,,,,0,31,31,31,20260848
synthetic_rs_threshold_scan,Alejandro_Toledo,,,5,,,,,,0,32,32,32,20260849
synthetic_rs_threshold_scan,Ali_Naimi,,,5,,,,,,1,0,0,0,20260817
synthetic_rs_threshold_scan,Ali_Naimi,,,5,,,,,,1,1,1,1,20260818
synthetic_rs_threshold_scan,Ali_Naimi,,,5,,,,,,1,2,2,2,20260819
synthetic_rs_threshold_scan,Ali_Naimi,,,5,,,,,,1,3,3,3,20260820
synthetic_rs_threshold_scan,Ali_Naimi,,,5,,,,,,1,4,4,4,20260821
synthetic_rs_threshold_scan,Ali_Naimi,,,5,,,,,,1,5,5,5,20260822
synthetic_rs_threshold_scan,Ali_Naimi,,,5,,,,,,1,6,6,6,20260823
synthetic_rs_threshold_scan,Ali_Naimi,,,5,,,,,,1,7,7,7,20260824
synthetic_rs_threshold_scan,Ali_Naimi,,,5,,,,,,1,8,8,8,20260825
synthetic_rs_threshold_scan,Ali_Naimi,,,5,,,,,,1,9,9,9,20260826
synthetic_rs_threshold_scan,Ali_Naimi,,,5,,,,,,1,10,10,10,20260827
synthetic_rs_threshold_scan,Ali_Naimi,,,5,,,,,,1,11,11,11,20260828
synthetic_rs_threshold_scan,Ali_Naimi,,,5,,,,,,1,12,12,12,20260829
synthetic_rs_threshold_scan,Ali_Naimi,,,5,,,,,,1,13,13,13,20260830
synthetic_rs_threshold_scan,Ali_Naimi,,,5,,,,,,1,14,14,14,20260831
synthetic_rs_threshold_scan,Ali_Naimi,,,5,,,,,,1,15,15,15,20260832
synthetic_rs_threshold_scan,Ali_Naimi,,,5,,,,,,1,16,16,16,20260833
synthetic_rs_threshold_scan,Ali_Naimi,,,5,,,,,,1,17,17,17,20260834
synthetic_rs_threshold_scan,Ali_Naimi,,,5,,,,,,1,18,18,18,20260835
synthetic_rs_threshold_scan,Ali_Naimi,,,5,,,,,,1,19,19,19,20260836
synthetic_rs_threshold_scan,Ali_Naimi,,,5,,,,,,1,20,20,20,20260837
synthetic_rs_threshold_scan,Ali_Naimi,,,5,,,,,,1,21,21,21,20260838
synthetic_rs_threshold_scan,Ali_Naimi,,,5,,,,,,1,22,22,22,20260839
synthetic_rs_threshold_scan,Ali_Naimi,,,5,,,,,,1,23,23,23,20260840
synthetic_rs_threshold_scan,Ali_Naimi,,,5,,,,,,1,24,24,24,20260841
synthetic_rs_threshold_scan,Ali_Naimi,,,5,,,,,,1,25,25,25,20260842
synthetic_rs_threshold_scan,Ali_Naimi,,,5,,,,,,1,26,26,26,20260843
synthetic_rs_threshold_scan,Ali_Naimi,,,5,,,,,,1,27,27,27,20260844
synthetic_rs_threshold_scan,Ali_Naimi,,,5,,,,,,1,28,28,28,20260845
synthetic_rs_threshold_scan,Ali_Naimi,,,5,,,,,,0,29,29,29,20260846
synthetic_rs_threshold_scan,Ali_Naimi,,,5,,,,,,0,30,30,30,20260847
synthetic_rs_threshold_scan,Ali_Naimi,,,5,,,,,,0,31,31,31,20260848
synthetic_rs_threshold_scan,Ali_Naimi,,,5,,,,,,0,32,32,32,20260849
synthetic_rs_threshold_scan,Alvaro_Uribe,,,5,,,,,,1,0,0,0,20260817
synthetic_rs_threshold_scan,Alvaro_Uribe,,,5,,,,,,1,1,1,1,20260818
synthetic_rs_threshold_scan,Alvaro_Uribe,,,5,,,,,,1,2,2,2,20260819
synthetic_rs_threshold_scan,Alvaro_Uribe,,,5,,,,,,1,3,3,3,20260820
synthetic_rs_threshold_scan,Alvaro_Uribe,,,5,,,,,,1,4,4,4,20260821
synthetic_rs_threshold_scan,Alvaro_Uribe,,,5,,,,,,1,5,5,5,20260822
synthetic_rs_threshold_scan,Alvaro_Uribe,,,5,,,,,,1,6,6,6,20260823
synthetic_rs_threshold_scan,Alvaro_Uribe,,,5,,,,,,1,7,7,7,20260824
synthetic_rs_threshold_scan,Alvaro_Uribe,,,5,,,,,,1,8,8,8,20260825
synthetic_rs_threshold_scan,Alvaro_Uribe,,,5,,,,,,1,9,9,9,20260826
synthetic_rs_threshold_scan,Alvaro_Uribe,,,5,,,,,,1,10,10,10,20260827
synthetic_rs_threshold_scan,Alvaro_Uribe,,,5,,,,,,1,11,11,11,20260828
synthetic_rs_threshold_scan,Alvaro_Uribe,,,5,,,,,,1,12,12,12,20260829
synthetic_rs_threshold_scan,Alvaro_Uribe,,,5,,,,,,1,13,13,13,20260830
synthetic_rs_threshold_scan,Alvaro_Uribe,,,5,,,,,,1,14,14,14,20260831
synthetic_rs_threshold_scan,Alvaro_Uribe,,,5,,,,,,1,15,15,15,20260832
synthetic_rs_threshold_scan,Alvaro_Uribe,,,5,,,,,,1,16,16,16,20260833
synthetic_rs_threshold_scan,Alvaro_Uribe,,,5,,,,,,1,17,17,17,20260834
synthetic_rs_threshold_scan,Alvaro_Uribe,,,5,,,,,,1,18,18,18,20260835
synthetic_rs_threshold_scan,Alvaro_Uribe,,,5,,,,,,1,19,19,19,20260836
synthetic_rs_threshold_scan,Alvaro_Uribe,,,5,,,,,,1,20,20,20,20260837
synthetic_rs_threshold_scan,Alvaro_Uribe,,,5,,,,,,1,21,21,21,20260838
synthetic_rs_threshold_scan,Alvaro_Uribe,,,5,,,,,,1,22,22,22,20260839
synthetic_rs_threshold_scan,Alvaro_Uribe,,,5,,,,,,1,23,23,23,20260840
synthetic_rs_threshold_scan,Alvaro_Uribe,,,5,,,,,,1,24,24,24,20260841
synthetic_rs_threshold_scan,Alvaro_Uribe,,,5,,,,,,1,25,25,25,20260842
synthetic_rs_threshold_scan,Alvaro_Uribe,,,5,,,,,,1,26,26,26,20260843
synthetic_rs_threshold_scan,Alvaro_Uribe,,,5,,,,,,1,27,27,27,20260844
synthetic_rs_threshold_scan,Alvaro_Uribe,,,5,,,,,,1,28,28,28,20260845
synthetic_rs_threshold_scan,Alvaro_Uribe,,,5,,,,,,0,29,29,29,20260846
synthetic_rs_threshold_scan,Alvaro_Uribe,,,5,,,,,,0,30,30,30,20260847
synthetic_rs_threshold_scan,Alvaro_Uribe,,,5,,,,,,0,31,31,31,20260848
synthetic_rs_threshold_scan,Alvaro_Uribe,,,5,,,,,,0,32,32,32,20260849
synthetic_rs_threshold_scan,Amelia_Vega,,,5,,,,,,1,0,0,0,20260817
synthetic_rs_threshold_scan,Amelia_Vega,,,5,,,,,,1,1,1,1,20260818
synthetic_rs_threshold_scan,Amelia_Vega,,,5,,,,,,1,2,2,2,20260819
synthetic_rs_threshold_scan,Amelia_Vega,,,5,,,,,,1,3,3,3,20260820
synthetic_rs_threshold_scan,Amelia_Vega,,,5,,,,,,1,4,4,4,20260821
synthetic_rs_threshold_scan,Amelia_Vega,,,5,,,,,,1,5,5,5,20260822
synthetic_rs_threshold_scan,Amelia_Vega,,,5,,,,,,1,6,6,6,20260823
synthetic_rs_threshold_scan,Amelia_Vega,,,5,,,,,,1,7,7,7,20260824
synthetic_rs_threshold_scan,Amelia_Vega,,,5,,,,,,1,8,8,8,20260825
synthetic_rs_threshold_scan,Amelia_Vega,,,5,,,,,,1,9,9,9,20260826
synthetic_rs_threshold_scan,Amelia_Vega,,,5,,,,,,1,10,10,10,20260827
synthetic_rs_threshold_scan,Amelia_Vega,,,5,,,,,,1,11,11,11,20260828
synthetic_rs_threshold_scan,Amelia_Vega,,,5,,,,,,1,12,12,12,20260829
synthetic_rs_threshold_scan,Amelia_Vega,,,5,,,,,,1,13,13,13,20260830
synthetic_rs_threshold_scan,Amelia_Vega,,,5,,,,,,1,14,14,14,20260831
synthetic_rs_threshold_scan,Amelia_Vega,,,5,,,,,,1,15,15,15,20260832
synthetic_rs_threshold_scan,Amelia_Vega,,,5,,,,,,1,16,16,16,20260833
synthetic_rs_threshold_scan,Amelia_Vega,,,5,,,,,,1,17,17,17,20260834
synthetic_rs_threshold_scan,Amelia_Vega,,,5,,,,,,1,18,18,18,20260835
synthetic_rs_threshold_scan,Amelia_Vega,,,5,,,,,,1,19,19,19,20260836
synthetic_rs_threshold_scan,Amelia_Vega,,,5,,,,,,1,20,20,20,20260837
synthetic_rs_threshold_scan,Amelia_Vega,,,5,,,,,,1,21,21,21,20260838
synthetic_rs_threshold_scan,Amelia_Vega,,,5,,,,,,1,22,22,22,20260839
synthetic_rs_threshold_scan,Amelia_Vega,,,5,,,,,,1,23,23,23,20260840
synthetic_rs_threshold_scan,Amelia_Vega,,,5,,,,,,1,24,24,24,20260841
synthetic_rs_threshold_scan,Amelia_Vega,,,5,,,,,,1,25,25,25,20260842
synthetic_rs_threshold_scan,Amelia_Vega,,,5,,,,,,1,26,26,26,20260843
synthetic_rs_threshold_scan,Amelia_Vega,,,5,,,,,,1,27,27,27,20260844
synthetic_rs_threshold_scan,Amelia_Vega,,,5,,,,,,1,28,28,28,20260845
synthetic_rs_threshold_scan,Amelia_Vega,,,5,,,,,,0,29,29,29,20260846
synthetic_rs_threshold_scan,Amelia_Vega,,,5,,,,,,0,30,30,30,20260847
synthetic_rs_threshold_scan,Amelia_Vega,,,5,,,,,,0,31,31,31,20260848
synthetic_rs_threshold_scan,Amelia_Vega,,,5,,,,,,0,32,32,32,20260849
synthetic_rs_threshold_scan,Amelie_Mauresmo,,,5,,,,,,1,0,0,0,20260817
synthetic_rs_threshold_scan,Amelie_Mauresmo,,,5,,,,,,1,1,1,1,20260818
synthetic_rs_threshold_scan,Amelie_Mauresmo,,,5,,,,,,1,2,2,2,20260819
synthetic_rs_threshold_scan,Amelie_Mauresmo,,,5,,,,,,1,3,3,3,20260820
synthetic_rs_threshold_scan,Amelie_Mauresmo,,,5,,,,,,1,4,4,4,20260821
synthetic_rs_threshold_scan,Amelie_Mauresmo,,,5,,,,,,1,5,5,5,20260822
synthetic_rs_threshold_scan,Amelie_Mauresmo,,,5,,,,,,1,6,6,6,20260823
synthetic_rs_threshold_scan,Amelie_Mauresmo,,,5,,,,,,1,7,7,7,20260824
synthetic_rs_threshold_scan,Amelie_Mauresmo,,,5,,,,,,1,8,8,8,20260825
synthetic_rs_threshold_scan,Amelie_Mauresmo,,,5,,,,,,1,9,9,9,20260826
synthetic_rs_threshold_scan,Amelie_Mauresmo,,,5,,,,,,1,10,10,10,20260827
synthetic_rs_threshold_scan,Amelie_Mauresmo,,,5,,,,,,1,11,11,11,20260828
synthetic_rs_threshold_scan,Amelie_Mauresmo,,,5,,,,,,1,12,12,12,20260829
synthetic_rs_threshold_scan,Amelie_Mauresmo,,,5,,,,,,1,13,13,13,20260830
synthetic_rs_threshold_scan,Amelie_Mauresmo,,,5,,,,,,1,14,14,14,20260831
synthetic_rs_threshold_scan,Amelie_Mauresmo,,,5,,,,,,1,15,15,15,20260832
synthetic_rs_threshold_scan,Amelie_Mauresmo,,,5,,,,,,1,16,16,16,20260833
synthetic_rs_threshold_scan,Amelie_Mauresmo,,,5,,,,,,1,17,17,17,20260834
synthetic_rs_threshold_scan,Amelie_Mauresmo,,,5,,,,,,1,18,18,18,20260835
synthetic_rs_threshold_scan,Amelie_Mauresmo,,,5,,,,,,1,19,19,19,20260836
synthetic_rs_threshold_scan,Amelie_Mauresmo,,,5,,,,,,1,20,20,20,20260837
synthetic_rs_threshold_scan,Amelie_Mauresmo,,,5,,,,,,1,21,21,21,20260838
synthetic_rs_threshold_scan,Amelie_Mauresmo,,,5,,,,,,1,22,22,22,20260839
synthetic_rs_threshold_scan,Amelie_Mauresmo,,,5,,,,,,1,23,23,23,20260840
synthetic_rs_threshold_scan,Amelie_Mauresmo,,,5,,,,,,1,24,24,24,20260841
synthetic_rs_threshold_scan,Amelie_Mauresmo,,,5,,,,,,1,25,25,25,20260842
synthetic_rs_threshold_scan,Amelie_Mauresmo,,,5,,,,,,1,26,26,26,20260843
synthetic_rs_threshold_scan,Amelie_Mauresmo,,,5,,,,,,1,27,27,27,20260844
synthetic_rs_threshold_scan,Amelie_Mauresmo,,,5,,,,,,1,28,28,28,20260845
synthetic_rs_threshold_scan,Amelie_Mauresmo,,,5,,,,,,0,29,29,29,20260846
synthetic_rs_threshold_scan,Amelie_Mauresmo,,,5,,,,,,0,30,30,30,20260847
synthetic_rs_threshold_scan,Amelie_Mauresmo,,,5,,,,,,0,31,31,31,20260848
synthetic_rs_threshold_scan,Amelie_Mauresmo,,,5,,,,,,0,32,32,32,20260849
synthetic_rs_threshold_scan,Ana_Guevara,,,5,,,,,,1,0,0,0,20260817
synthetic_rs_threshold_scan,Ana_Guevara,,,5,,,,,,1,1,1,1,20260818
synthetic_rs_threshold_scan,Ana_Guevara,,,5,,,,,,1,2,2,2,20260819
synthetic_rs_threshold_scan,Ana_Guevara,,,5,,,,,,1,3,3,3,20260820
synthetic_rs_threshold_scan,Ana_Guevara,,,5,,,,,,1,4,4,4,20260821
synthetic_rs_threshold_scan,Ana_Guevara,,,5,,,,,,1,5,5,5,20260822
synthetic_rs_threshold_scan,Ana_Guevara,,,5,,,,,,1,6,6,6,20260823
synthetic_rs_threshold_scan,Ana_Guevara,,,5,,,,,,1,7,7,7,20260824
synthetic_rs_threshold_scan,Ana_Guevara,,,5,,,,,,1,8,8,8,20260825
synthetic_rs_threshold_scan,Ana_Guevara,,,5,,,,,,1,9,9,9,20260826
synthetic_rs_threshold_scan,Ana_Guevara,,,5,,,,,,1,10,10,10,20260827
synthetic_rs_threshold_scan,Ana_Guevara,,,5,,,,,,1,11,11,11,20260828
synthetic_rs_threshold_scan,Ana_Guevara,,,5,,,,,,1,12,12,12,20260829
synthetic_rs_threshold_scan,Ana_Guevara,,,5,,,,,,1,13,13,13,20260830
synthetic_rs_threshold_scan,Ana_Guevara,,,5,,,,,,1,14,14,14,20260831
synthetic_rs_threshold_scan,Ana_Guevara,,,5,,,,,,1,15,15,15,20260832
synthetic_rs_threshold_scan,Ana_Guevara,,,5,,,,,,1,16,16,16,20260833
synthetic_rs_threshold_scan,Ana_Guevara,,,5,,,,,,1,17,17,17,20260834
synthetic_rs_threshold_scan,Ana_Guevara,,,5,,,,,,1,18,18,18,20260835
synthetic_rs_threshold_scan,Ana_Guevara,,,5,,,,,,1,19,19,19,20260836
synthetic_rs_threshold_scan,Ana_Guevara,,,5,,,,,,1,20,20,20,20260837
synthetic_rs_threshold_scan,Ana_Guevara,,,5,,,,,,1,21,21,21,20260838
synthetic_rs_threshold_scan,Ana_Guevara,,,5,,,,,,1,22,22,22,20260839
synthetic_rs_threshold_scan,Ana_Guevara,,,5,,,,,,1,23,23,23,20260840
synthetic_rs_threshold_scan,Ana_Guevara,,,5,,,,,,1,24,24,24,20260841
synthetic_rs_threshold_scan,Ana_Guevara,,,5,,,,,,1,25,25,25,20260842
synthetic_rs_threshold_scan,Ana_Guevara,,,5,,,,,,1,26,26,26,20260843
synthetic_rs_threshold_scan,Ana_Guevara,,,5,,,,,,1,27,27,27,20260844
synthetic_rs_threshold_scan,Ana_Guevara,,,5,,,,,,1,28,28,28,20260845
synthetic_rs_threshold_scan,Ana_Guevara,,,5,,,,,,0,29,29,29,20260846
synthetic_rs_threshold_scan,Ana_Guevara,,,5,,,,,,0,30,30,30,20260847
synthetic_rs_threshold_scan,Ana_Guevara,,,5,,,,,,0,31,31,31,20260848
synthetic_rs_threshold_scan,Ana_Guevara,,,5,,,,,,0,32,32,32,20260849
synthetic_rs_threshold_scan,Ana_Palacio,,,5,,,,,,1,0,0,0,20260817
synthetic_rs_threshold_scan,Ana_Palacio,,,5,,,,,,1,1,1,1,20260818
synthetic_rs_threshold_scan,Ana_Palacio,,,5,,,,,,1,2,2,2,20260819
synthetic_rs_threshold_scan,Ana_Palacio,,,5,,,,,,1,3,3,3,20260820
synthetic_rs_threshold_scan,Ana_Palacio,,,5,,,,,,1,4,4,4,20260821
synthetic_rs_threshold_scan,Ana_Palacio,,,5,,,,,,1,5,5,5,20260822
synthetic_rs_threshold_scan,Ana_Palacio,,,5,,,,,,1,6,6,6,20260823
synthetic_rs_threshold_scan,Ana_Palacio,,,5,,,,,,1,7,7,7,20260824
synthetic_rs_threshold_scan,Ana_Palacio,,,5,,,,,,1,8,8,8,20260825
synthetic_rs_threshold_scan,Ana_Palacio,,,5,,,,,,1,9,9,9,20260826
synthetic_rs_threshold_scan,Ana_Palacio,,,5,,,,,,1,10,10,10,20260827
synthetic_rs_threshold_scan,Ana_Palacio,,,5,,,,,,1,11,11,11,20260828
synthetic_rs_threshold_scan,Ana_Palacio,,,5,,,,,,1,12,12,12,20260829
synthetic_rs_threshold_scan,Ana_Palacio,,,5,,,,,,1,13,13,13,20260830
synthetic_rs_threshold_scan,Ana_Palacio,,,5,,,,,,1,14,14,14,20260831
synthetic_rs_threshold_scan,Ana_Palacio,,,5,,,,,,1,15,15,15,20260832
synthetic_rs_threshold_scan,Ana_Palacio,,,5,,,,,,1,16,16,16,20260833
synthetic_rs_threshold_scan,Ana_Palacio,,,5,,,,,,1,17,17,17,20260834
synthetic_rs_threshold_scan,Ana_Palacio,,,5,,,,,,1,18,18,18,20260835
synthetic_rs_threshold_scan,Ana_Palacio,,,5,,,,,,1,19,19,19,20260836
synthetic_rs_threshold_scan,Ana_Palacio,,,5,,,,,,1,20,20,20,20260837
synthetic_rs_threshold_scan,Ana_Palacio,,,5,,,,,,1,21,21,21,20260838
synthetic_rs_threshold_scan,Ana_Palacio,,,5,,,,,,1,22,22,22,20260839
synthetic_rs_threshold_scan,Ana_Palacio,,,5,,,,,,1,23,23,23,20260840
synthetic_rs_threshold_scan,Ana_Palacio,,,5,,,,,,1,24,24,24,20260841
synthetic_rs_threshold_scan,Ana_Palacio,,,5,,,,,,1,25,25,25,20260842
synthetic_rs_threshold_scan,Ana_Palacio,,,5,,,,,,1,26,26,26,20260843
synthetic_rs_threshold_scan,Ana_Palacio,,,5,,,,,,1,27,27,27,20260844
synthetic_rs_threshold_scan,Ana_Palacio,,,5,,,,,,1,28,28,28,20260845
synthetic_rs_threshold_scan,Ana_Palacio,,,5,,,,,,0,29,29,29,20260846
synthetic_rs_threshold_scan,Ana_Palacio,,,5,,,,,,0,30,30,30,20260847
synthetic_rs_threshold_scan,Ana_Palacio,,,5,,,,,,0,31,31,31,20260848
synthetic_rs_threshold_scan,Ana_Palacio,,,5,,,,,,0,32,32,32,20260849
synthetic_rs_threshold_scan,Andre_Agassi,,,5,,,,,,1,0,0,0,20260817
synthetic_rs_threshold_scan,Andre_Agassi,,,5,,,,,,1,1,1,1,20260818
synthetic_rs_threshold_scan,Andre_Agassi,,,5,,,,,,1,2,2,2,20260819
synthetic_rs_threshold_scan,Andre_Agassi,,,5,,,,,,1,3,3,3,20260820
synthetic_rs_threshold_scan,Andre_Agassi,,,5,,,,,,1,4,4,4,20260821
synthetic_rs_threshold_scan,Andre_Agassi,,,5,,,,,,1,5,5,5,20260822
synthetic_rs_threshold_scan,Andre_Agassi,,,5,,,,,,1,6,6,6,20260823
synthetic_rs_threshold_scan,Andre_Agassi,,,5,,,,,,1,7,7,7,20260824
synthetic_rs_threshold_scan,Andre_Agassi,,,5,,,,,,1,8,8,8,20260825
synthetic_rs_threshold_scan,Andre_Agassi,,,5,,,,,,1,9,9,9,20260826
synthetic_rs_threshold_scan,Andre_Agassi,,,5,,,,,,1,10,10,10,20260827
synthetic_rs_threshold_scan,Andre_Agassi,,,5,,,,,,1,11,11,11,20260828
synthetic_rs_threshold_scan,Andre_Agassi,,,5,,,,,,1,12,12,12,20260829
synthetic_rs_threshold_scan,Andre_Agassi,,,5,,,,,,1,13,13,13,20260830
synthetic_rs_threshold_scan,Andre_Agassi,,,5,,,,,,1,14,14,14,20260831
synthetic_rs_threshold_scan,Andre_Agassi,,,5,,,,,,1,15,15,15,20260832
synthetic_rs_threshold_scan,Andre_Agassi,,,5,,,,,,1,16,16,16,20260833
synthetic_rs_threshold_scan,Andre_Agassi,,,5,,,,,,1,17,17,17,20260834
synthetic_rs_threshold_scan,Andre_Agassi,,,5,,,,,,1,18,18,18,20260835
synthetic_rs_threshold_scan,Andre_Agassi,,,5,,,,,,1,19,19,19,20260836
synthetic_rs_threshold_scan,Andre_Agassi,,,5,,,,,,1,20,20,20,20260837
synthetic_rs_threshold_scan,Andre_Agassi,,,5,,,,,,1,21,21,21,20260838
synthetic_rs_threshold_scan,Andre_Agassi,,,5,,,,,,1,22,22,22,20260839
synthetic_rs_threshold_scan,Andre_Agassi,,,5,,,,,,1,23,23,23,20260840
synthetic_rs_threshold_scan,Andre_Agassi,,,5,,,,,,1,24,24,24,20260841
synthetic_rs_threshold_scan,Andre_Agassi,,,5,,,,,,1,25,25,25,20260842
synthetic_rs_threshold_scan,Andre_Agassi,,,5,,,,,,1,26,26,26,20260843
synthetic_rs_threshold_scan,Andre_Agassi,,,5,,,,,,1,27,27,27,20260844
synthetic_rs_threshold_scan,Andre_Agassi,,,5,,,,,,1,28,28,28,20260845
synthetic_rs_threshold_scan,Andre_Agassi,,,5,,,,,,0,29,29,29,20260846
synthetic_rs_threshold_scan,Andre_Agassi,,,5,,,,,,0,30,30,30,20260847
synthetic_rs_threshold_scan,Andre_Agassi,,,5,,,,,,0,31,31,31,20260848
synthetic_rs_threshold_scan,Andre_Agassi,,,5,,,,,,0,32,32,32,20260849
synthetic_rs_threshold_scan,Andy_Roddick,,,5,,,,,,1,0,0,0,20260817
synthetic_rs_threshold_scan,Andy_Roddick,,,5,,,,,,1,1,1,1,20260818
synthetic_rs_threshold_scan,Andy_Roddick,,,5,,,,,,1,2,2,2,20260819
synthetic_rs_threshold_scan,Andy_Roddick,,,5,,,,,,1,3,3,3,20260820
synthetic_rs_threshold_scan,Andy_Roddick,,,5,,,,,,1,4,4,4,20260821
synthetic_rs_threshold_scan,Andy_Roddick,,,5,,,,,,1,5,5,5,20260822
synthetic_rs_threshold_scan,Andy_Roddick,,,5,,,,,,1,6,6,6,20260823
synthetic_rs_threshold_scan,Andy_Roddick,,,5,,,,,,1,7,7,7,20260824
synthetic_rs_threshold_scan,Andy_Roddick,,,5,,,,,,1,8,8,8,20260825
synthetic_rs_threshold_scan,Andy_Roddick,,,5,,,,,,1,9,9,9,20260826
synthetic_rs_threshold_scan,Andy_Roddick,,,5,,,,,,1,10,10,10,20260827
synthetic_rs_threshold_scan,Andy_Roddick,,,5,,,,,,1,11,11,11,20260828
synthetic_rs_threshold_scan,Andy_Roddick,,,5,,,,,,1,12,12,12,20260829
synthetic_rs_threshold_scan,Andy_Roddick,,,5,,,,,,1,13,13,13,20260830
synthetic_rs_threshold_scan,Andy_Roddick,,,5,,,,,,1,14,14,14,20260831
synthetic_rs_threshold_scan,Andy_Roddick,,,5,,,,,,1,15,15,15,20260832
synthetic_rs_threshold_scan,Andy_Roddick,,,5,,,,,,1,16,16,16,20260833
synthetic_rs_threshold_scan,Andy_Roddick,,,5,,,,,,1,17,17,17,20260834
synthetic_rs_threshold_scan,Andy_Roddick,,,5,,,,,,1,18,18,18,20260835
synthetic_rs_threshold_scan,Andy_Roddick,,,5,,,,,,1,19,19,19,20260836
synthetic_rs_threshold_scan,Andy_Roddick,,,5,,,,,,1,20,20,20,20260837
synthetic_rs_threshold_scan,Andy_Roddick,,,5,,,,,,1,21,21,21,20260838
synthetic_rs_threshold_scan,Andy_Roddick,,,5,,,,,,1,22,22,22,20260839
synthetic_rs_threshold_scan,Andy_Roddick,,,5,,,,,,1,23,23,23,20260840
synthetic_rs_threshold_scan,Andy_Roddick,,,5,,,,,,1,24,24,24,20260841
synthetic_rs_threshold_scan,Andy_Roddick,,,5,,,,,,1,25,25,25,20260842
synthetic_rs_threshold_scan,Andy_Roddick,,,5,,,,,,1,26,26,26,20260843
synthetic_rs_threshold_scan,Andy_Roddick,,,5,,,,,,1,27,27,27,20260844
synthetic_rs_threshold_scan,Andy_Roddick,,,5,,,,,,1,28,28,28,20260845
synthetic_rs_threshold_scan,Andy_Roddick,,,5,,,,,,0,29,29,29,20260846
synthetic_rs_threshold_scan,Andy_Roddick,,,5,,,,,,0,30,30,30,20260847
synthetic_rs_threshold_scan,Andy_Roddick,,,5,,,,,,0,31,31,31,20260848
synthetic_rs_threshold_scan,Andy_Roddick,,,5,,,,,,0,32,32,32,20260849
synthetic_rs_threshold_scan,Angela_Bassett,,,5,,,,,,1,0,0,0,20260817
synthetic_rs_threshold_scan,Angela_Bassett,,,5,,,,,,1,1,1,1,20260818
synthetic_rs_threshold_scan,Angela_Bassett,,,5,,,,,,1,2,2,2,20260819
synthetic_rs_threshold_scan,Angela_Bassett,,,5,,,,,,1,3,3,3,20260820
synthetic_rs_threshold_scan,Angela_Bassett,,,5,,,,,,1,4,4,4,20260821
synthetic_rs_threshold_scan,Angela_Bassett,,,5,,,,,,1,5,5,5,20260822
synthetic_rs_threshold_scan,Angela_Bassett,,,5,,,,,,1,6,6,6,20260823
synthetic_rs_threshold_scan,Angela_Bassett,,,5,,,,,,1,7,7,7,20260824
synthetic_rs_threshold_scan,Angela_Bassett,,,5,,,,,,1,8,8,8,20260825
synthetic_rs_threshold_scan,Angela_Bassett,,,5,,,,,,1,9,9,9,20260826
synthetic_rs_threshold_scan,Angela_Bassett,,,5,,,,,,1,10,10,10,20260827
synthetic_rs_threshold_scan,Angela_Bassett,,,5,,,,,,1,11,11,11,20260828
synthetic_rs_threshold_scan,Angela_Bassett,,,5,,,,,,1,12,12,12,20260829
synthetic_rs_threshold_scan,Angela_Bassett,,,5,,,,,,1,13,13,13,20260830
synthetic_rs_threshold_scan,Angela_Bassett,,,5,,,,,,1,14,14,14,20260831
synthetic_rs_threshold_scan,Angela_Bassett,,,5,,,,,,1,15,15,15,20260832
synthetic_rs_threshold_scan,Angela_Bassett,,,5,,,,,,1,16,16,16,20260833
synthetic_rs_threshold_scan,Angela_Bassett,,,5,,,,,,1,17,17,17,20260834
synthetic_rs_threshold_scan,Angela_Bassett,,,5,,,,,,1,18,18,18,20260835
synthetic_rs_threshold_scan,Angela_Bassett,,,5,,,,,,1,19,19,19,20260836
synthetic_rs_threshold_scan,Angela_Bassett,,,5,,,,,,1,20,20,20,20260837
synthetic_rs_threshold_scan,Angela_Bassett,,,5,,,,,,1,21,21,21,20260838
synthetic_rs_threshold_scan,Angela_Bassett,,,5,,,,,,1,22,22,22,20260839
synthetic_rs_threshold_scan,Angela_Bassett,,,5,,,,,,1,23,23,23,20260840
synthetic_rs_threshold_scan,Angela_Bassett,,,5,,,,,,1,24,24,24,20260841
synthetic_rs_threshold_scan,Angela_Bassett,,,5,,,,,,1,25,25,25,20260842
synthetic_rs_threshold_scan,Angela_Bassett,,,5,,,,,,1,26,26,26,20260843
synthetic_rs_threshold_scan,Angela_Bassett,,,5,,,,,,1,27,27,27,20260844
synthetic_rs_threshold_scan,Angela_Bassett,,,5,,,,,,1,28,28,28,20260845
synthetic_rs_threshold_scan,Angela_Bassett,,,5,,,,,,0,29,29,29,20260846
synthetic_rs_threshold_scan,Angela_Bassett,,,5,,,,,,0,30,30,30,20260847
synthetic_rs_threshold_scan,Angela_Bassett,,,5,,,,,,0,31,31,31,20260848
synthetic_rs_threshold_scan,Angela_Bassett,,,5,,,,,,0,32,32,32,20260849
synthetic_rs_threshold_scan,Angelina_Jolie,,,5,,,,,,1,0,0,0,20260817
synthetic_rs_threshold_scan,Angelina_Jolie,,,5,,,,,,1,1,1,1,20260818
synthetic_rs_threshold_scan,Angelina_Jolie,,,5,,,,,,1,2,2,2,20260819
synthetic_rs_threshold_scan,Angelina_Jolie,,,5,,,,,,1,3,3,3,20260820
synthetic_rs_threshold_scan,Angelina_Jolie,,,5,,,,,,1,4,4,4,20260821
synthetic_rs_threshold_scan,Angelina_Jolie,,,5,,,,,,1,5,5,5,20260822
synthetic_rs_threshold_scan,Angelina_Jolie,,,5,,,,,,1,6,6,6,20260823
synthetic_rs_threshold_scan,Angelina_Jolie,,,5,,,,,,1,7,7,7,20260824
synthetic_rs_threshold_scan,Angelina_Jolie,,,5,,,,,,1,8,8,8,20260825
synthetic_rs_threshold_scan,Angelina_Jolie,,,5,,,,,,1,9,9,9,20260826
synthetic_rs_threshold_scan,Angelina_Jolie,,,5,,,,,,1,10,10,10,20260827
synthetic_rs_threshold_scan,Angelina_Jolie,,,5,,,,,,1,11,11,11,20260828
synthetic_rs_threshold_scan,Angelina_Jolie,,,5,,,,,,1,12,12,12,20260829
synthetic_rs_threshold_scan,Angelina_Jolie,,,5,,,,,,1,13,13,13,20260830
synthetic_rs_threshold_scan,Angelina_Jolie,,,5,,,,,,1,14,14,14,20260831
synthetic_rs_threshold_scan,Angelina_Jolie,,,5,,,,,,1,15,15,15,20260832
synthetic_rs_threshold_scan,Angelina_Jolie,,,5,,,,,,1,16,16,16,20260833
synthetic_rs_threshold_scan,Angelina_Jolie,,,5,,,,,,1,17,17,17,20260834
synthetic_rs_threshold_scan,Angelina_Jolie,,,5,,,,,,1,18,18,18,20260835
synthetic_rs_threshold_scan,Angelina_Jolie,,,5,,,,,,1,19,19,19,20260836
synthetic_rs_threshold_scan,Angelina_Jolie,,,5,,,,,,1,20,20,20,20260837
synthetic_rs_threshold_scan,Angelina_Jolie,,,5,,,,,,1,21,21,21,20260838
synthetic_rs_threshold_scan,Angelina_Jolie,,,5,,,,,,1,22,22,22,20260839
synthetic_rs_threshold_scan,Angelina_Jolie,,,5,,,,,,1,23,23,23,20260840
synthetic_rs_threshold_scan,Angelina_Jolie,,,5,,,,,,1,24,24,24,20260841
synthetic_rs_threshold_scan,Angelina_Jolie,,,5,,,,,,1,25,25,25,20260842
synthetic_rs_threshold_scan,Angelina_Jolie,,,5,,,,,,1,26,26,26,20260843
synthetic_rs_threshold_scan,Angelina_Jolie,,,5,,,,,,1,27,27,27,20260844
synthetic_rs_threshold_scan,Angelina_Jolie,,,5,,,,,,1,28,28,28,20260845
synthetic_rs_threshold_scan,Angelina_Jolie,,,5,,,,,,0,29,29,29,20260846
synthetic_rs_threshold_scan,Angelina_Jolie,,,5,,,,,,0,30,30,30,20260847
synthetic_rs_threshold_scan,Angelina_Jolie,,,5,,,,,,0,31,31,31,20260848
synthetic_rs_threshold_scan,Angelina_Jolie,,,5,,,,,,0,32,32,32,20260849
synthetic_rs_threshold_scan,Ann_Veneman,,,5,,,,,,1,0,0,0,20260817
synthetic_rs_threshold_scan,Ann_Veneman,,,5,,,,,,1,1,1,1,20260818
synthetic_rs_threshold_scan,Ann_Veneman,,,5,,,,,,1,2,2,2,20260819
synthetic_rs_threshold_scan,Ann_Veneman,,,5,,,,,,1,3,3,3,20260820
synthetic_rs_threshold_scan,Ann_Veneman,,,5,,,,,,1,4,4,4,20260821
synthetic_rs_threshold_scan,Ann_Veneman,,,5,,,,,,1,5,5,5,20260822
synthetic_rs_threshold_scan,Ann_Veneman,,,5,,,,,,1,6,6,6,20260823
synthetic_rs_threshold_scan,Ann_Veneman,,,5,,,,,,1,7,7,7,20260824
synthetic_rs_threshold_scan,Ann_Veneman,,,5,,,,,,1,8,8,8,20260825
synthetic_rs_threshold_scan,Ann_Veneman,,,5,,,,,,1,9,9,9,20260826
synthetic_rs_threshold_scan,Ann_Veneman,,,5,,,,,,1,10,10,10,20260827
synthetic_rs_threshold_scan,Ann_Veneman,,,5,,,,,,1,11,11,11,20260828
synthetic_rs_threshold_scan,Ann_Veneman,,,5,,,,,,1,12,12,12,20260829
synthetic_rs_threshold_scan,Ann_Veneman,,,5,,,,,,1,13,13,13,20260830
synthetic_rs_threshold_scan,Ann_Veneman,,,5,,,,,,1,14,14,14,20260831
synthetic_rs_threshold_scan,Ann_Veneman,,,5,,,,,,1,15,15,15,20260832
synthetic_rs_threshold_scan,Ann_Veneman,,,5,,,,,,1,16,16,16,20260833
synthetic_rs_threshold_scan,Ann_Veneman,,,5,,,,,,1,17,17,17,20260834
synthetic_rs_threshold_scan,Ann_Veneman,,,5,,,,,,1,18,18,18,20260835
synthetic_rs_threshold_scan,Ann_Veneman,,,5,,,,,,1,19,19,19,20260836
synthetic_rs_threshold_scan,Ann_Veneman,,,5,,,,,,1,20,20,20,20260837
synthetic_rs_threshold_scan,Ann_Veneman,,,5,,,,,,1,21,21,21,20260838
synthetic_rs_threshold_scan,Ann_Veneman,,,5,,,,,,1,22,22,22,20260839
synthetic_rs_threshold_scan,Ann_Veneman,,,5,,,,,,1,23,23,23,20260840
synthetic_rs_threshold_scan,Ann_Veneman,,,5,,,,,,1,24,24,24,20260841
synthetic_rs_threshold_scan,Ann_Veneman,,,5,,,,,,1,25,25,25,20260842
synthetic_rs_threshold_scan,Ann_Veneman,,,5,,,,,,1,26,26,26,20260843
synthetic_rs_threshold_scan,Ann_Veneman,,,5,,,,,,1,27,27,27,20260844
synthetic_rs_threshold_scan,Ann_Veneman,,,5,,,,,,1,28,28,28,20260845
synthetic_rs_threshold_scan,Ann_Veneman,,,5,,,,,,0,29,29,29,20260846
synthetic_rs_threshold_scan,Ann_Veneman,,,5,,,,,,0,30,30,30,20260847
synthetic_rs_threshold_scan,Ann_Veneman,,,5,,,,,,0,31,31,31,20260848
synthetic_rs_threshold_scan,Ann_Veneman,,,5,,,,,,0,32,32,32,20260849
synthetic_rs_threshold_scan,Anna_Kournikova,,,5,,,,,,1,0,0,0,20260817
synthetic_rs_threshold_scan,Anna_Kournikova,,,5,,,,,,1,1,1,1,20260818
synthetic_rs_threshold_scan,Anna_Kournikova,,,5,,,,,,1,2,2,2,20260819
synthetic_rs_threshold_scan,Anna_Kournikova,,,5,,,,,,1,3,3,3,20260820
synthetic_rs_threshold_scan,Anna_Kournikova,,,5,,,,,,1,4,4,4,20260821
synthetic_rs_threshold_scan,Anna_Kournikova,,,5,,,,,,1,5,5,5,20260822
synthetic_rs_threshold_scan,Anna_Kournikova,,,5,,,,,,1,6,6,6,20260823
synthetic_rs_threshold_scan,Anna_Kournikova,,,5,,,,,,1,7,7,7,20260824
synthetic_rs_threshold_scan,Anna_Kournikova,,,5,,,,,,1,8,8,8,20260825
synthetic_rs_threshold_scan,Anna_Kournikova,,,5,,,,,,1,9,9,9,20260826
synthetic_rs_threshold_scan,Anna_Kournikova,,,5,,,,,,1,10,10,10,20260827
synthetic_rs_threshold_scan,Anna_Kournikova,,,5,,,,,,1,11,11,11,20260828
synthetic_rs_threshold_scan,Anna_Kournikova,,,5,,,,,,1,12,12,12,20260829
synthetic_rs_threshold_scan,Anna_Kournikova,,,5,,,,,,1,13,13,13,20260830
synthetic_rs_threshold_scan,Anna_Kournikova,,,5,,,,,,1,14,14,14,20260831
synthetic_rs_threshold_scan,Anna_Kournikova,,,5,,,,,,1,15,15,15,20260832
synthetic_rs_threshold_scan,Anna_Kournikova,,,5,,,,,,1,16,16,16,20260833
synthetic_rs_threshold_scan,Anna_Kournikova,,,5,,,,,,1,17,17,17,20260834
synthetic_rs_threshold_scan,Anna_Kournikova,,,5,,,,,,1,18,18,18,20260835
synthetic_rs_threshold_scan,Anna_Kournikova,,,5,,,,,,1,19,19,19,20260836
synthetic_rs_threshold_scan,Anna_Kournikova,,,5,,,,,,1,20,20,20,20260837
synthetic_rs_threshold_scan,Anna_Kournikova,,,5,,,,,,1,21,21,21,20260838
synthetic_rs_threshold_scan,Anna_Kournikova,,,5,,,,,,1,22,22,22,20260839
synthetic_rs_threshold_scan,Anna_Kournikova,,,5,,,,,,1,23,23,23,20260840
synthetic_rs_threshold_scan,Anna_Kournikova,,,5,,,,,,1,24,24,24,20260841
synthetic_rs_threshold_scan,Anna_Kournikova,,,5,,,,,,1,25,25,25,20260842
synthetic_rs_threshold_scan,Anna_Kournikova,,,5,,,,,,1,26,26,26,20260843
synthetic_rs_threshold_scan,Anna_Kournikova,,,5,,,,,,1,27,27,27,20260844
synthetic_rs_threshold_scan,Anna_Kournikova,,,5,,,,,,1,28,28,28,20260845
synthetic_rs_threshold_scan,Anna_Kournikova,,,5,,,,,,0,29,29,29,20260846
synthetic_rs_threshold_scan,Anna_Kournikova,,,5,,,,,,0,30,30,30,20260847
synthetic_rs_threshold_scan,Anna_Kournikova,,,5,,,,,,0,31,31,31,20260848
synthetic_rs_threshold_scan,Anna_Kournikova,,,5,,,,,,0,32,32,32,20260849
synthetic_rs_threshold_scan,Antonio_Palocci,,,5,,,,,,1,0,0,0,20260817
synthetic_rs_threshold_scan,Antonio_Palocci,,,5,,,,,,1,1,1,1,20260818
synthetic_rs_threshold_scan,Antonio_Palocci,,,5,,,,,,1,2,2,2,20260819
synthetic_rs_threshold_scan,Antonio_Palocci,,,5,,,,,,1,3,3,3,20260820
synthetic_rs_threshold_scan,Antonio_Palocci,,,5,,,,,,1,4,4,4,20260821
synthetic_rs_threshold_scan,Antonio_Palocci,,,5,,,,,,1,5,5,5,20260822
synthetic_rs_threshold_scan,Antonio_Palocci,,,5,,,,,,1,6,6,6,20260823
synthetic_rs_threshold_scan,Antonio_Palocci,,,5,,,,,,1,7,7,7,20260824
synthetic_rs_threshold_scan,Antonio_Palocci,,,5,,,,,,1,8,8,8,20260825
synthetic_rs_threshold_scan,Antonio_Palocci,,,5,,,,,,1,9,9,9,20260826
synthetic_rs_threshold_scan,Antonio_Palocci,,,5,,,,,,1,10,10,10,20260827
synthetic_rs_threshold_scan,Antonio_Palocci,,,5,,,,,,1,11,11,11,20260828
synthetic_rs_threshold_scan,Antonio_Palocci,,,5,,,,,,1,12,12,12,20260829
synthetic_rs_threshold_scan,Antonio_Palocci,,,5,,,,,,1,13,13,13,20260830
synthetic_rs_threshold_scan,Antonio_Palocci,,,5,,,,,,1,14,14,14,20260831
synthetic_rs_threshold_scan,Antonio_Palocci,,,5,,,,,,1,15,15,15,20260832
synthetic_rs_threshold_scan,Antonio_Palocci,,,5,,,,,,1,16,16,16,20260833
synthetic_rs_threshold_scan,Antonio_Palocci,,,5,,,,,,1,17,17,17,20260834
synthetic_rs_threshold_scan,Antonio_Palocci,,,5,,,,,,1,18,18,18,20260835
synthetic_rs_threshold_scan,Antonio_Palocci,,,5,,,,,,1,19,19,19,20260836
synthetic_rs_threshold_scan,Antonio_Palocci,,,5,,,,,,1,20,20,20,20260837
synthetic_rs_threshold_scan,Antonio_Palocci,,,5,,,,,,1,21,21,21,20260838
synthetic_rs_threshold_scan,Antonio_Palocci,,,5,,,,,,1,22,22,22,20260839
synthetic_rs_threshold_scan,Antonio_Palocci,,,5,,,,,,1,23,23,23,20260840
synthetic_rs_threshold_scan,Antonio_Palocci,,,5,,,,,,1,24,24,24,20260841
synthetic_rs_threshold_scan,Antonio_Palocci,,,5,,,,,,1,25,25,25,20260842
synthetic_rs_threshold_scan,Antonio_Palocci,,,5,,,,,,1,26,26,26,20260843
synthetic_rs_threshold_scan,Antonio_Palocci,,,5,,,,,,1,27,27,27,20260844
synthetic_rs_threshold_scan,Antonio_Palocci,,,5,,,,,,1,28,28,28,20260845
synthetic_rs_threshold_scan,Antonio_Palocci,,,5,,,,,,0,29,29,29,20260846
synthetic_rs_threshold_scan,Antonio_Palocci,,,5,,,,,,0,30,30,30,20260847
synthetic_rs_threshold_scan,Antonio_Palocci,,,5,,,,,,0,31,31,31,20260848
synthetic_rs_threshold_scan,Antonio_Palocci,,,5,,,,,,0,32,32,32,20260849
synthetic_rs_threshold_scan,Ari_Fleischer,,,5,,,,,,1,0,0,0,20260817
synthetic_rs_threshold_scan,Ari_Fleischer,,,5,,,,,,1,1,1,1,20260818
synthetic_rs_threshold_scan,Ari_Fleischer,,,5,,,,,,1,2,2,2,20260819
synthetic_rs_threshold_scan,Ari_Fleischer,,,5,,,,,,1,3,3,3,20260820
synthetic_rs_threshold_scan,Ari_Fleischer,,,5,,,,,,1,4,4,4,20260821
synthetic_rs_threshold_scan,Ari_Fleischer,,,5,,,,,,1,5,5,5,20260822
synthetic_rs_threshold_scan,Ari_Fleischer,,,5,,,,,,1,6,6,6,20260823
synthetic_rs_threshold_scan,Ari_Fleischer,,,5,,,,,,1,7,7,7,20260824
synthetic_rs_threshold_scan,Ari_Fleischer,,,5,,,,,,1,8,8,8,20260825
synthetic_rs_threshold_scan,Ari_Fleischer,,,5,,,,,,1,9,9,9,20260826
synthetic_rs_threshold_scan,Ari_Fleischer,,,5,,,,,,1,10,10,10,20260827
synthetic_rs_threshold_scan,Ari_Fleischer,,,5,,,,,,1,11,11,11,20260828
synthetic_rs_threshold_scan,Ari_Fleischer,,,5,,,,,,1,12,12,12,20260829
synthetic_rs_threshold_scan,Ari_Fleischer,,,5,,,,,,1,13,13,13,20260830
synthetic_rs_threshold_scan,Ari_Fleischer,,,5,,,,,,1,14,14,14,20260831
synthetic_rs_threshold_scan,Ari_Fleischer,,,5,,,,,,1,15,15,15,20260832
synthetic_rs_threshold_scan,Ari_Fleischer,,,5,,,,,,1,16,16,16,20260833
synthetic_rs_threshold_scan,Ari_Fleischer,,,5,,,,,,1,17,17,17,20260834
synthetic_rs_threshold_scan,Ari_Fleischer,,,5,,,,,,1,18,18,18,20260835
synthetic_rs_threshold_scan,Ari_Fleischer,,,5,,,,,,1,19,19,19,20260836
synthetic_rs_threshold_scan,Ari_Fleischer,,,5,,,,,,1,20,20,20,20260837
synthetic_rs_threshold_scan,Ari_Fleischer,,,5,,,,,,1,21,21,21,20260838
synthetic_rs_threshold_scan,Ari_Fleischer,,,5,,,,,,1,22,22,22,20260839
synthetic_rs_threshold_scan,Ari_Fleischer,,,5,,,,,,1,23,23,23,20260840
synthetic_rs_threshold_scan,Ari_Fleischer,,,5,,,,,,1,24,24,24,20260841
synthetic_rs_threshold_scan,Ari_Fleischer,,,5,,,,,,1,25,25,25,20260842
synthetic_rs_threshold_scan,Ari_Fleischer,,,5,,,,,,1,26,26,26,20260843
synthetic_rs_threshold_scan,Ari_Fleischer,,,5,,,,,,1,27,27,27,20260844
synthetic_rs_threshold_scan,Ari_Fleischer,,,5,,,,,,1,28,28,28,20260845
synthetic_rs_threshold_scan,Ari_Fleischer,,,5,,,,,,0,29,29,29,20260846
synthetic_rs_threshold_scan,Ari_Fleischer,,,5,,,,,,0,30,30,30,20260847
synthetic_rs_threshold_scan,Ari_Fleischer,,,5,,,,,,0,31,31,31,20260848
synthetic_rs_threshold_scan,Ari_Fleischer,,,5,,,,,,0,32,32,32,20260849
synthetic_rs_threshold_scan,Ariel_Sharon,,,5,,,,,,1,0,0,0,20260817
synthetic_rs_threshold_scan,Ariel_Sharon,,,5,,,,,,1,1,1,1,20260818
synthetic_rs_threshold_scan,Ariel_Sharon,,,5,,,,,,1,2,2,2,20260819
synthetic_rs_threshold_scan,Ariel_Sharon,,,5,,,,,,1,3,3,3,20260820
synthetic_rs_threshold_scan,Ariel_Sharon,,,5,,,,,,1,4,4,4,20260821
synthetic_rs_threshold_scan,Ariel_Sharon,,,5,,,,,,1,5,5,5,20260822
synthetic_rs_threshold_scan,Ariel_Sharon,,,5,,,,,,1,6,6,6,20260823
synthetic_rs_threshold_scan,Ariel_Sharon,,,5,,,,,,1,7,7,7,20260824
synthetic_rs_threshold_scan,Ariel_Sharon,,,5,,,,,,1,8,8,8,20260825
synthetic_rs_threshold_scan,Ariel_Sharon,,,5,,,,,,1,9,9,9,20260826
synthetic_rs_threshold_scan,Ariel_Sharon,,,5,,,,,,1,10,10,10,20260827
synthetic_rs_threshold_scan,Ariel_Sharon,,,5,,,,,,1,11,11,11,20260828
synthetic_rs_threshold_scan,Ariel_Sharon,,,5,,,,,,1,12,12,12,20260829
synthetic_rs_threshold_scan,Ariel_Sharon,,,5,,,,,,1,13,13,13,20260830
synthetic_rs_threshold_scan,Ariel_Sharon,,,5,,,,,,1,14,14,14,20260831
synthetic_rs_threshold_scan,Ariel_Sharon,,,5,,,,,,1,15,15,15,20260832
synthetic_rs_threshold_scan,Ariel_Sharon,,,5,,,,,,1,16,16,16,20260833
synthetic_rs_threshold_scan,Ariel_Sharon,,,5,,,,,,1,17,17,17,20260834
synthetic_rs_threshold_scan,Ariel_Sharon,,,5,,,,,,1,18,18,18,20260835
synthetic_rs_threshold_scan,Ariel_Sharon,,,5,,,,,,1,19,19,19,20260836
synthetic_rs_threshold_scan,Ariel_Sharon,,,5,,,,,,1,20,20,20,20260837
synthetic_rs_threshold_scan,Ariel_Sharon,,,5,,,,,,1,21,21,21,20260838
synthetic_rs_threshold_scan,Ariel_Sharon,,,5,,,,,,1,22,22,22,20260839
synthetic_rs_threshold_scan,Ariel_Sharon,,,5,,,,,,1,23,23,23,20260840
synthetic_rs_threshold_scan,Ariel_Sharon,,,5,,,,,,1,24,24,24,20260841
synthetic_rs_threshold_scan,Ariel_Sharon,,,5,,,,,,1,25,25,25,20260842
synthetic_rs_threshold_scan,Ariel_Sharon,,,5,,,,,,1,26,26,26,20260843
synthetic_rs_threshold_scan,Ariel_Sharon,,,5,,,,,,1,27,27,27,20260844
synthetic_rs_threshold_scan,Ariel_Sharon,,,5,,,,,,1,28,28,28,20260845
synthetic_rs_threshold_scan,Ariel_Sharon,,,5,,,,,,0,29,29,29,20260846
synthetic_rs_threshold_scan,Ariel_Sharon,,,5,,,,,,0,30,30,30,20260847
synthetic_rs_threshold_scan,Ariel_Sharon,,,5,,,,,,0,31,31,31,20260848
synthetic_rs_threshold_scan,Ariel_Sharon,,,5,,,,,,0,32,32,32,20260849
synthetic_rs_threshold_scan,Arminio_Fraga,,,5,,,,,,1,0,0,0,20260817
synthetic_rs_threshold_scan,Arminio_Fraga,,,5,,,,,,1,1,1,1,20260818
synthetic_rs_threshold_scan,Arminio_Fraga,,,5,,,,,,1,2,2,2,20260819
synthetic_rs_threshold_scan,Arminio_Fraga,,,5,,,,,,1,3,3,3,20260820
synthetic_rs_threshold_scan,Arminio_Fraga,,,5,,,,,,1,4,4,4,20260821
synthetic_rs_threshold_scan,Arminio_Fraga,,,5,,,,,,1,5,5,5,20260822
synthetic_rs_threshold_scan,Arminio_Fraga,,,5,,,,,,1,6,6,6,20260823
synthetic_rs_threshold_scan,Arminio_Fraga,,,5,,,,,,1,7,7,7,20260824
synthetic_rs_threshold_scan,Arminio_Fraga,,,5,,,,,,1,8,8,8,20260825
synthetic_rs_threshold_scan,Arminio_Fraga,,,5,,,,,,1,9,9,9,20260826
synthetic_rs_threshold_scan,Arminio_Fraga,,,5,,,,,,1,10,10,10,20260827
synthetic_rs_threshold_scan,Arminio_Fraga,,,5,,,,,,1,11,11,11,20260828
synthetic_rs_threshold_scan,Arminio_Fraga,,,5,,,,,,1,12,12,12,20260829
synthetic_rs_threshold_scan,Arminio_Fraga,,,5,,,,,,1,13,13,13,20260830
synthetic_rs_threshold_scan,Arminio_Fraga,,,5,,,,,,1,14,14,14,20260831
synthetic_rs_threshold_scan,Arminio_Fraga,,,5,,,,,,1,15,15,15,20260832
synthetic_rs_threshold_scan,Arminio_Fraga,,,5,,,,,,1,16,16,16,20260833
synthetic_rs_threshold_scan,Arminio_Fraga,,,5,,,,,,1,17,17,17,20260834
synthetic_rs_threshold_scan,Arminio_Fraga,,,5,,,,,,1,18,18,18,20260835
synthetic_rs_threshold_scan,Arminio_Fraga,,,5,,,,,,1,19,19,19,20260836
synthetic_rs_threshold_scan,Arminio_Fraga,,,5,,,,,,1,20,20,20,20260837
synthetic_rs_threshold_scan,Arminio_Fraga,,,5,,,,,,1,21,21,21,20260838
synthetic_rs_threshold_scan,Arminio_Fraga,,,5,,,,,,1,22,22,22,20260839
synthetic_rs_threshold_scan,Arminio_Fraga,,,5,,,,,,1,23,23,23,20260840
synthetic_rs_threshold_scan,Arminio_Fraga,,,5,,,,,,1,24,24,24,20260841
synthetic_rs_threshold_scan,Arminio_Fraga,,,5,,,,,,1,25,25,25,20260842
synthetic_rs_threshold_scan,Arminio_Fraga,,,5,,,,,,1,26,26,26,20260843
synthetic_rs_threshold_scan,Arminio_Fraga,,,5,,,,,,1,27,27,27,20260844
synthetic_rs_threshold_scan,Arminio_Fraga,,,5,,,,,,1,28,28,28,20260845
synthetic_rs_threshold_scan,Arminio_Fraga,,,5,,,,,,0,29,29,29,20260846
synthetic_rs_threshold_scan,Arminio_Fraga,,,5,,,,,,0,30,30,30,20260847
synthetic_rs_threshold_scan,Arminio_Fraga,,,5,,,,,,0,31,31,31,20260848
synthetic_rs_threshold_scan,Arminio_Fraga,,,5,,,,,,0,32,32,32,20260849
synthetic_rs_threshold_scan,Arnold_Schwarzenegger,,,5,,,,,,1,0,0,0,20260817
synthetic_rs_threshold_scan,Arnold_Schwarzenegger,,,5,,,,,,1,1,1,1,20260818
synthetic_rs_threshold_scan,Arnold_Schwarzenegger,,,5,,,,,,1,2,2,2,20260819
synthetic_rs_threshold_scan,Arnold_Schwarzenegger,,,5,,,,,,1,3,3,3,20260820
synthetic_rs_threshold_scan,Arnold_Schwarzenegger,,,5,,,,,,1,4,4,4,20260821
synthetic_rs_threshold_scan,Arnold_Schwarzenegger,,,5,,,,,,1,5,5,5,20260822
synthetic_rs_threshold_scan,Arnold_Schwarzenegger,,,5,,,,,,1,6,6,6,20260823
synthetic_rs_threshold_scan,Arnold_Schwarzenegger,,,5,,,,,,1,7,7,7,20260824
synthetic_rs_threshold_scan,Arnold_Schwarzenegger,,,5,,,,,,1,8,8,8,20260825
synthetic_rs_threshold_scan,Arnold_Schwarzenegger,,,5,,,,,,1,9,9,9,20260826
synthetic_rs_threshold_scan,Arnold_Schwarzenegger,,,5,,,,,,1,10,10,10,20260827
synthetic_rs_threshold_scan,Arnold_Schwarzenegger,,,5,,,,,,1,11,11,11,20260828
synthetic_rs_threshold_scan,Arnold_Schwarzenegger,,,5,,,,,,1,12,12,12,20260829
synthetic_rs_threshold_scan,Arnold_Schwarzenegger,,,5,,,,,,1,13,13,13,20260830
synthetic_rs_threshold_scan,Arnold_Schwarzenegger,,,5,,,,,,1,14,14,14,20260831
synthetic_rs_threshold_scan,Arnold_Schwarzenegger,,,5,,,,,,1,15,15,15,20260832
synthetic_rs_threshold_scan,Arnold_Schwarzenegger,,,5,,,,,,1,16,16,16,20260833
synthetic_rs_threshold_scan,Arnold_Schwarzenegger,,,5,,,,,,1,17,17,17,20260834
synthetic_rs_threshold_scan,Arnold_Schwarzenegger,,,5,,,,,,1,18,18,18,20260835
synthetic_rs_threshold_scan,Arnold_Schwarzenegger,,,5,,,,,,1,19,19,19,20260836
synthetic_rs_threshold_scan,Arnold_Schwarzenegger,,,5,,,,,,1,20,20,20,20260837
synthetic_rs_threshold_scan,Arnold_Schwarzenegger,,,5,,,,,,1,21,21,21,20260838
synthetic_rs_threshold_scan,Arnold_Schwarzenegger,,,5,,,,,,1,22,22,22,20260839
synthetic_rs_threshold_scan,Arnold_Schwarzenegger,,,5,,,,,,1,23,23,23,20260840
synthetic_rs_threshold_scan,Arnold_Schwarzenegger,,,5,,,,,,1,24,24,24,20260841
synthetic_rs_threshold_scan,Arnold_Schwarzenegger,,,5,,,,,,1,25,25,25,20260842
synthetic_rs_threshold_scan,Arnold_Schwarzenegger,,,5,,,,,,1,26,26,26,20260843
synthetic_rs_threshold_scan,Arnold_Schwarzenegger,,,5,,,,,,1,27,27,27,20260844
synthetic_rs_threshold_scan,Arnold_Schwarzenegger,,,5,,,,,,1,28,28,28,20260845
synthetic_rs_threshold_scan,Arnold_Schwarzenegger,,,5,,,,,,0,29,29,29,20260846
synthetic_rs_threshold_scan,Arnold_Schwarzenegger,,,5,,,,,,0,30,30,30,20260847
synthetic_rs_threshold_scan,Arnold_Schwarzenegger,,,5,,,,,,0,31,31,31,20260848
synthetic_rs_threshold_scan,Arnold_Schwarzenegger,,,5,,,,,,0,32,32,32,20260849
synthetic_rs_threshold_scan,Atal_Bihari_Vajpayee,,,5,,,,,,1,0,0,0,20260817
synthetic_rs_threshold_scan,Atal_Bihari_Vajpayee,,,5,,,,,,1,1,1,1,20260818
synthetic_rs_threshold_scan,Atal_Bihari_Vajpayee,,,5,,,,,,1,2,2,2,20260819
synthetic_rs_threshold_scan,Atal_Bihari_Vajpayee,,,5,,,,,,1,3,3,3,20260820
synthetic_rs_threshold_scan,Atal_Bihari_Vajpayee,,,5,,,,,,1,4,4,4,20260821
synthetic_rs_threshold_scan,Atal_Bihari_Vajpayee,,,5,,,,,,1,5,5,5,20260822
synthetic_rs_threshold_scan,Atal_Bihari_Vajpayee,,,5,,,,,,1,6,6,6,20260823
synthetic_rs_threshold_scan,Atal_Bihari_Vajpayee,,,5,,,,,,1,7,7,7,20260824
synthetic_rs_threshold_scan,Atal_Bihari_Vajpayee,,,5,,,,,,1,8,8,8,20260825
synthetic_rs_threshold_scan,Atal_Bihari_Vajpayee,,,5,,,,,,1,9,9,9,20260826
synthetic_rs_threshold_scan,Atal_Bihari_Vajpayee,,,5,,,,,,1,10,10,10,20260827
synthetic_rs_threshold_scan,Atal_Bihari_Vajpayee,,,5,,,,,,1,11,11,11,20260828
synthetic_rs_threshold_scan,Atal_Bihari_Vajpayee,,,5,,,,,,1,12,12,12,20260829
synthetic_rs_threshold_scan,Atal_Bihari_Vajpayee,,,5,,,,,,1,13,13,13,20260830
synthetic_rs_threshold_scan,Atal_Bihari_Vajpayee,,,5,,,,,,1,14,14,14,20260831
synthetic_rs_threshold_scan,Atal_Bihari_Vajpayee,,,5,,,,,,1,15,15,15,20260832
synthetic_rs_threshold_scan,Atal_Bihari_Vajpayee,,,5,,,,,,1,16,16,16,20260833
synthetic_rs_threshold_scan,Atal_Bihari_Vajpayee,,,5,,,,,,1,17,17,17,20260834
synthetic_rs_threshold_scan,Atal_Bihari_Vajpayee,,,5,,,,,,1,18,18,18,20260835
synthetic_rs_threshold_scan,Atal_Bihari_Vajpayee,,,5,,,,,,1,19,19,19,20260836
synthetic_rs_threshold_scan,Atal_Bihari_Vajpayee,,,5,,,,,,1,20,20,20,20260837
synthetic_rs_threshold_scan,Atal_Bihari_Vajpayee,,,5,,,,,,1,21,21,21,20260838
synthetic_rs_threshold_scan,Atal_Bihari_Vajpayee,,,5,,,,,,1,22,22,22,20260839
synthetic_rs_threshold_scan,Atal_Bihari_Vajpayee,,,5,,,,,,1,23,23,23,20260840
synthetic_rs_threshold_scan,Atal_Bihari_Vajpayee,,,5,,,,,,1,24,24,24,20260841
synthetic_rs_threshold_scan,Atal_Bihari_Vajpayee,,,5,,,,,,1,25,25,25,20260842
synthetic_rs_threshold_scan,Atal_Bihari_Vajpayee,,,5,,,,,,1,26,26,26,20260843
synthetic_rs_threshold_scan,Atal_Bihari_Vajpayee,,,5,,,,,,1,27,27,27,20260844
synthetic_rs_threshold_scan,Atal_Bihari_Vajpayee,,,5,,,,,,1,28,28,28,20260845
synthetic_rs_threshold_scan,Atal_Bihari_Vajpayee,,,5,,,,,,0,29,29,29,20260846
synthetic_rs_threshold_scan,Atal_Bihari_Vajpayee,,,5,,,,,,0,30,30,30,20260847
synthetic_rs_threshold_scan,Atal_Bihari_Vajpayee,,,5,,,,,,0,31,31,31,20260848
synthetic_rs_threshold_scan,Atal_Bihari_Vajpayee,,,5,,,,,,0,32,32,32,20260849
synthetic_rs_threshold_scan,Ben_Affleck,,,5,,,,,,1,0,0,0,20260817
synthetic_rs_threshold_scan,Ben_Affleck,,,5,,,,,,1,1,1,1,20260818
synthetic_rs_threshold_scan,Ben_Affleck,,,5,,,,,,1,2,2,2,20260819
synthetic_rs_threshold_scan,Ben_Affleck,,,5,,,,,,1,3,3,3,20260820
synthetic_rs_threshold_scan,Ben_Affleck,,,5,,,,,,1,4,4,4,20260821
synthetic_rs_threshold_scan,Ben_Affleck,,,5,,,,,,1,5,5,5,20260822
synthetic_rs_threshold_scan,Ben_Affleck,,,5,,,,,,1,6,6,6,20260823
synthetic_rs_threshold_scan,Ben_Affleck,,,5,,,,,,1,7,7,7,20260824
synthetic_rs_threshold_scan,Ben_Affleck,,,5,,,,,,1,8,8,8,20260825
synthetic_rs_threshold_scan,Ben_Affleck,,,5,,,,,,1,9,9,9,20260826
synthetic_rs_threshold_scan,Ben_Affleck,,,5,,,,,,1,10,10,10,20260827
synthetic_rs_threshold_scan,Ben_Affleck,,,5,,,,,,1,11,11,11,20260828
synthetic_rs_threshold_scan,Ben_Affleck,,,5,,,,,,1,12,12,12,20260829
synthetic_rs_threshold_scan,Ben_Affleck,,,5,,,,,,1,13,13,13,20260830
synthetic_rs_threshold_scan,Ben_Affleck,,,5,,,,,,1,14,14,14,20260831
synthetic_rs_threshold_scan,Ben_Affleck,,,5,,,,,,1,15,15,15,20260832
synthetic_rs_threshold_scan,Ben_Affleck,,,5,,,,,,1,16,16,16,20260833
synthetic_rs_threshold_scan,Ben_Affleck,,,5,,,,,,1,17,17,17,20260834
synthetic_rs_threshold_scan,Ben_Affleck,,,5,,,,,,1,18,18,18,20260835
synthetic_rs_threshold_scan,Ben_Affleck,,,5,,,,,,1,19,19,19,20260836
synthetic_rs_threshold_scan,Ben_Affleck,,,5,,,,,,1,20,20,20,20260837
synthetic_rs_threshold_scan,Ben_Affleck,,,5,,,,,,1,21,21,21,20260838
synthetic_rs_threshold_scan,Ben_Affleck,,,5,,,,,,1,22,22,22,20260839
synthetic_rs_threshold_scan,Ben_Affleck,,,5,,,,,,1,23,23,23,20260840
synthetic_rs_threshold_scan,Ben_Affleck,,,5,,,,,,1,24,24,24,20260841
synthetic_rs_threshold_scan,Ben_Affleck,,,5,,,,,,1,25,25,25,20260842
synthetic_rs_threshold_scan,Ben_Affleck,,,5,,,,,,1,26,26,26,20260843
synthetic_rs_threshold_scan,Ben_Affleck,,,5,,,,,,1,27,27,27,20260844
synthetic_rs_threshold_scan,Ben_Affleck,,,5,,,,,,1,28,28,28,20260845
synthetic_rs_threshold_scan,Ben_Affleck,,,5,,,,,,0,29,29,29,20260846
synthetic_rs_threshold_scan,Ben_Affleck,,,5,,,,,,0,30,30,30,20260847
synthetic_rs_threshold_scan,Ben_Affleck,,,5,,,,,,0,31,31,31,20260848
synthetic_rs_threshold_scan,Ben_Affleck,,,5,,,,,,0,32,32,32,20260849
synthetic_rs_threshold_scan,Bill_Clinton,,,5,,,,,,1,0,0,0,20260817
synthetic_rs_threshold_scan,Bill_Clinton,,,5,,,,,,1,1,1,1,20260818
synthetic_rs_threshold_scan,Bill_Clinton,,,5,,,,,,1,2,2,2,20260819
synthetic_rs_threshold_scan,Bill_Clinton,,,5,,,,,,1,3,3,3,20260820
synthetic_rs_threshold_scan,Bill_Clinton,,,5,,,,,,1,4,4,4,20260821
synthetic_rs_threshold_scan,Bill_Clinton,,,5,,,,,,1,5,5,5,20260822
synthetic_rs_threshold_scan,Bill_Clinton,,,5,,,,,,1,6,6,6,20260823
synthetic_rs_threshold_scan,Bill_Clinton,,,5,,,,,,1,7,7,7,20260824
synthetic_rs_threshold_scan,Bill_Clinton,,,5,,,,,,1,8,8,8,20260825
synthetic_rs_threshold_scan,Bill_Clinton,,,5,,,,,,1,9,9,9,20260826
synthetic_rs_threshold_scan,Bill_Clinton,,,5,,,,,,1,10,10,10,20260827
synthetic_rs_threshold_scan,Bill_Clinton,,,5,,,,,,1,11,11,11,20260828
synthetic_rs_threshold_scan,Bill_Clinton,,,5,,,,,,1,12,12,12,20260829
synthetic_rs_threshold_scan,Bill_Clinton,,,5,,,,,,1,13,13,13,20260830
synthetic_rs_threshold_scan,Bill_Clinton,,,5,,,,,,1,14,14,14,20260831
synthetic_rs_threshold_scan,Bill_Clinton,,,5,,,,,,1,15,15,15,20260832
synthetic_rs_threshold_scan,Bill_Clinton,,,5,,,,,,1,16,16,16,20260833
synthetic_rs_threshold_scan,Bill_Clinton,,,5,,,,,,1,17,17,17,20260834
synthetic_rs_threshold_scan,Bill_Clinton,,,5,,,,,,1,18,18,18,20260835
synthetic_rs_threshold_scan,Bill_Clinton,,,5,,,,,,1,19,19,19,20260836
synthetic_rs_threshold_scan,Bill_Clinton,,,5,,,,,,1,20,20,20,20260837
synthetic_rs_threshold_scan,Bill_Clinton,,,5,,,,,,1,21,21,21,20260838
synthetic_rs_threshold_scan,Bill_Clinton,,,5,,,,,,1,22,22,22,20260839
synthetic_rs_threshold_scan,Bill_Clinton,,,5,,,,,,1,23,23,23,20260840
synthetic_rs_threshold_scan,Bill_Clinton,,,5,,,,,,1,24,24,24,20260841
synthetic_rs_threshold_scan,Bill_Clinton,,,5,,,,,,1,25,25,25,20260842
synthetic_rs_threshold_scan,Bill_Clinton,,,5,,,,,,1,26,26,26,20260843
synthetic_rs_threshold_scan,Bill_Clinton,,,5,,,,,,1,27,27,27,20260844
synthetic_rs_threshold_scan,Bill_Clinton,,,5,,,,,,1,28,28,28,20260845
synthetic_rs_threshold_scan,Bill_Clinton,,,5,,,,,,0,29,29,29,20260846
synthetic_rs_threshold_scan,Bill_Clinton,,,5,,,,,,0,30,30,30,20260847
synthetic_rs_threshold_scan,Bill_Clinton,,,5,,,,,,0,31,31,31,20260848
synthetic_rs_threshold_scan,Bill_Clinton,,,5,,,,,,0,32,32,32,20260849
synthetic_rs_threshold_scan,Bill_Frist,,,5,,,,,,1,0,0,0,20260817
synthetic_rs_threshold_scan,Bill_Frist,,,5,,,,,,1,1,1,1,20260818
synthetic_rs_threshold_scan,Bill_Frist,,,5,,,,,,1,2,2,2,20260819
synthetic_rs_threshold_scan,Bill_Frist,,,5,,,,,,1,3,3,3,20260820
synthetic_rs_threshold_scan,Bill_Frist,,,5,,,,,,1,4,4,4,20260821
synthetic_rs_threshold_scan,Bill_Frist,,,5,,,,,,1,5,5,5,20260822
synthetic_rs_threshold_scan,Bill_Frist,,,5,,,,,,1,6,6,6,20260823
synthetic_rs_threshold_scan,Bill_Frist,,,5,,,,,,1,7,7,7,20260824
synthetic_rs_threshold_scan,Bill_Frist,,,5,,,,,,1,8,8,8,20260825
synthetic_rs_threshold_scan,Bill_Frist,,,5,,,,,,1,9,9,9,20260826
synthetic_rs_threshold_scan,Bill_Frist,,,5,,,,,,1,10,10,10,20260827
synthetic_rs_threshold_scan,Bill_Frist,,,5,,,,,,1,11,11,11,20260828
synthetic_rs_threshold_scan,Bill_Frist,,,5,,,,,,1,12,12,12,20260829
synthetic_rs_threshold_scan,Bill_Frist,,,5,,,,,,1,13,13,13,20260830
synthetic_rs_threshold_scan,Bill_Frist,,,5,,,,,,1,14,14,14,20260831
synthetic_rs_threshold_scan,Bill_Frist,,,5,,,,,,1,15,15,15,20260832
synthetic_rs_threshold_scan,Bill_Frist,,,5,,,,,,1,16,16,16,20260833
synthetic_rs_threshold_scan,Bill_Frist,,,5,,,,,,1,17,17,17,20260834
synthetic_rs_threshold_scan,Bill_Frist,,,5,,,,,,1,18,18,18,20260835
synthetic_rs_threshold_scan,Bill_Frist,,,5,,,,,,1,19,19,19,20260836
synthetic_rs_threshold_scan,Bill_Frist,,,5,,,,,,1,20,20,20,20260837
synthetic_rs_threshold_scan,Bill_Frist,,,5,,,,,,1,21,21,21,20260838
synthetic_rs_threshold_scan,Bill_Frist,,,5,,,,,,1,22,22,22,20260839
synthetic_rs_threshold_scan,Bill_Frist,,,5,,,,,,1,23,23,23,20260840
synthetic_rs_threshold_scan,Bill_Frist,,,5,,,,,,1,24,24,24,20260841
synthetic_rs_threshold_scan,Bill_Frist,,,5,,,,,,1,25,25,25,20260842
synthetic_rs_threshold_scan,Bill_Frist,,,5,,,,,,1,26,26,26,20260843
synthetic_rs_threshold_scan,Bill_Frist,,,5,,,,,,1,27,27,27,20260844
synthetic_rs_threshold_scan,Bill_Frist,,,5,,,,,,1,28,28,28,20260845
synthetic_rs_threshold_scan,Bill_Frist,,,5,,,,,,0,29,29,29,20260846
synthetic_rs_threshold_scan,Bill_Frist,,,5,,,,,,0,30,30,30,20260847
synthetic_rs_threshold_scan,Bill_Frist,,,5,,,,,,0,31,31,31,20260848
synthetic_rs_threshold_scan,Bill_Frist,,,5,,,,,,0,32,32,32,20260849
synthetic_rs_threshold_scan,Bill_Gates,,,5,,,,,,1,0,0,0,20260817
synthetic_rs_threshold_scan,Bill_Gates,,,5,,,,,,1,1,1,1,20260818
synthetic_rs_threshold_scan,Bill_Gates,,,5,,,,,,1,2,2,2,20260819
synthetic_rs_threshold_scan,Bill_Gates,,,5,,,,,,1,3,3,3,20260820
synthetic_rs_threshold_scan,Bill_Gates,,,5,,,,,,1,4,4,4,20260821
synthetic_rs_threshold_scan,Bill_Gates,,,5,,,,,,1,5,5,5,20260822
synthetic_rs_threshold_scan,Bill_Gates,,,5,,,,,,1,6,6,6,20260823
synthetic_rs_threshold_scan,Bill_Gates,,,5,,,,,,1,7,7,7,20260824
synthetic_rs_threshold_scan,Bill_Gates,,,5,,,,,,1,8,8,8,20260825
synthetic_rs_threshold_scan,Bill_Gates,,,5,,,,,,1,9,9,9,20260826
synthetic_rs_threshold_scan,Bill_Gates,,,5,,,,,,1,10,10,10,20260827
synthetic_rs_threshold_scan,Bill_Gates,,,5,,,,,,1,11,11,11,20260828
synthetic_rs_threshold_scan,Bill_Gates,,,5,,,,,,1,12,12,12,20260829
synthetic_rs_threshold_scan,Bill_Gates,,,5,,,,,,1,13,13,13,20260830
synthetic_rs_threshold_scan,Bill_Gates,,,5,,,,,,1,14,14,14,20260831
synthetic_rs_threshold_scan,Bill_Gates,,,5,,,,,,1,15,15,15,20260832
synthetic_rs_threshold_scan,Bill_Gates,,,5,,,,,,1,16,16,16,20260833
synthetic_rs_threshold_scan,Bill_Gates,,,5,,,,,,1,17,17,17,20260834
synthetic_rs_threshold_scan,Bill_Gates,,,5,,,,,,1,18,18,18,20260835
synthetic_rs_threshold_scan,Bill_Gates,,,5,,,,,,1,19,19,19,20260836
synthetic_rs_threshold_scan,Bill_Gates,,,5,,,,,,1,20,20,20,20260837
synthetic_rs_threshold_scan,Bill_Gates,,,5,,,,,,1,21,21,21,20260838
synthetic_rs_threshold_scan,Bill_Gates,,,5,,,,,,1,22,22,22,20260839
synthetic_rs_threshold_scan,Bill_Gates,,,5,,,,,,1,23,23,23,20260840
synthetic_rs_threshold_scan,Bill_Gates,,,5,,,,,,1,24,24,24,20260841
synthetic_rs_threshold_scan,Bill_Gates,,,5,,,,,,1,25,25,25,20260842
synthetic_rs_threshold_scan,Bill_Gates,,,5,,,,,,1,26,26,26,20260843
synthetic_rs_threshold_scan,Bill_Gates,,,5,,,,,,1,27,27,27,20260844
synthetic_rs_threshold_scan,Bill_Gates,,,5,,,,,,1,28,28,28,20260845
synthetic_rs_threshold_scan,Bill_Gates,,,5,,,,,,0,29,29,29,20260846
synthetic_rs_threshold_scan,Bill_Gates,,,5,,,,,,0,30,30,30,20260847
synthetic_rs_threshold_scan,Bill_Gates,,,5,,,,,,0,31,31,31,20260848
synthetic_rs_threshold_scan,Bill_Gates,,,5,,,,,,0,32,32,32,20260849
synthetic_rs_threshold_scan,Bill_Graham,,,5,,,,,,1,0,0,0,20260817
synthetic_rs_threshold_scan,Bill_Graham,,,5,,,,,,1,1,1,1,20260818
synthetic_rs_threshold_scan,Bill_Graham,,,5,,,,,,1,2,2,2,20260819
synthetic_rs_threshold_scan,Bill_Graham,,,5,,,,,,1,3,3,3,20260820
synthetic_rs_threshold_scan,Bill_Graham,,,5,,,,,,1,4,4,4,20260821
synthetic_rs_threshold_scan,Bill_Graham,,,5,,,,,,1,5,5,5,20260822
synthetic_rs_threshold_scan,Bill_Graham,,,5,,,,,,1,6,6,6,20260823
synthetic_rs_threshold_scan,Bill_Graham,,,5,,,,,,1,7,7,7,20260824
synthetic_rs_threshold_scan,Bill_Graham,,,5,,,,,,1,8,8,8,20260825
synthetic_rs_threshold_scan,Bill_Graham,,,5,,,,,,1,9,9,9,20260826
synthetic_rs_threshold_scan,Bill_Graham,,,5,,,,,,1,10,10,10,20260827
synthetic_rs_threshold_scan,Bill_Graham,,,5,,,,,,1,11,11,11,20260828
synthetic_rs_threshold_scan,Bill_Graham,,,5,,,,,,1,12,12,12,20260829
synthetic_rs_threshold_scan,Bill_Graham,,,5,,,,,,1,13,13,13,20260830
synthetic_rs_threshold_scan,Bill_Graham,,,5,,,,,,1,14,14,14,20260831
synthetic_rs_threshold_scan,Bill_Graham,,,5,,,,,,1,15,15,15,20260832
synthetic_rs_threshold_scan,Bill_Graham,,,5,,,,,,1,16,16,16,20260833
synthetic_rs_threshold_scan,Bill_Graham,,,5,,,,,,1,17,17,17,20260834
synthetic_rs_threshold_scan,Bill_Graham,,,5,,,,,,1,18,18,18,20260835
synthetic_rs_threshold_scan,Bill_Graham,,,5,,,,,,1,19,19,19,20260836
synthetic_rs_threshold_scan,Bill_Graham,,,5,,,,,,1,20,20,20,20260837
synthetic_rs_threshold_scan,Bill_Graham,,,5,,,,,,1,21,21,21,20260838
synthetic_rs_threshold_scan,Bill_Graham,,,5,,,,,,1,22,22,22,20260839
synthetic_rs_threshold_scan,Bill_Graham,,,5,,,,,,1,23,23,23,20260840
synthetic_rs_threshold_scan,Bill_Graham,,,5,,,,,,1,24,24,24,20260841
synthetic_rs_threshold_scan,Bill_Graham,,,5,,,,,,1,25,25,25,20260842
synthetic_rs_threshold_scan,Bill_Graham,,,5,,,,,,1,26,26,26,20260843
synthetic_rs_threshold_scan,Bill_Graham,,,5,,,,,,1,27,27,27,20260844
synthetic_rs_threshold_scan,Bill_Graham,,,5,,,,,,1,28,28,28,20260845
synthetic_rs_threshold_scan,Bill_Graham,,,5,,,,,,0,29,29,29,20260846
synthetic_rs_threshold_scan,Bill_Graham,,,5,,,,,,0,30,30,30,20260847
synthetic_rs_threshold_scan,Bill_Graham,,,5,,,,,,0,31,31,31,20260848
synthetic_rs_threshold_scan,Bill_Graham,,,5,,,,,,0,32,32,32,20260849
synthetic_rs_threshold_scan,Bill_McBride,,,5,,,,,,1,0,0,0,20260817
synthetic_rs_threshold_scan,Bill_McBride,,,5,,,,,,1,1,1,1,20260818
synthetic_rs_threshold_scan,Bill_McBride,,,5,,,,,,1,2,2,2,20260819
synthetic_rs_threshold_scan,Bill_McBride,,,5,,,,,,1,3,3,3,20260820
synthetic_rs_threshold_scan,Bill_McBride,,,5,,,,,,1,4,4,4,20260821
synthetic_rs_threshold_scan,Bill_McBride,,,5,,,,,,1,5,5,5,20260822
synthetic_rs_threshold_scan,Bill_McBride,,,5,,,,,,1,6,6,6,20260823
synthetic_rs_threshold_scan,Bill_McBride,,,5,,,,,,1,7,7,7,20260824
synthetic_rs_threshold_scan,Bill_McBride,,,5,,,,,,1,8,8,8,20260825
synthetic_rs_threshold_scan,Bill_McBride,,,5,,,,,,1,9,9,9,20260826
synthetic_rs_threshold_scan,Bill_McBride,,,5,,,,,,1,10,10,10,20260827
synthetic_rs_threshold_scan,Bill_McBride,,,5,,,,,,1,11,11,11,20260828
synthetic_rs_threshold_scan,Bill_McBride,,,5,,,,,,1,12,12,12,20260829
synthetic_rs_threshold_scan,Bill_McBride,,,5,,,,,,1,13,13,13,20260830
synthetic_rs_threshold_scan,Bill_McBride,,,5,,,,,,1,14,14,14,20260831
synthetic_rs_threshold_scan,Bill_McBride,,,5,,,,,,1,15,15,15,20260832
synthetic_rs_threshold_scan,Bill_McBride,,,5,,,,,,1,16,16,16,20260833
synthetic_rs_threshold_scan,Bill_McBride,,,5,,,,,,1,17,17,17,20260834
synthetic_rs_threshold_scan,Bill_McBride,,,5,,,,,,1,18,18,18,20260835
synthetic_rs_threshold_scan,Bill_McBride,,,5,,,,,,1,19,19,19,20260836
synthetic_rs_threshold_scan,Bill_McBride,,,5,,,,,,1,20,20,20,20260837
synthetic_rs_threshold_scan,Bill_McBride,,,5,,,,,,1,21,21,21,20260838
synthetic_rs_threshold_scan,Bill_McBride,,,5,,,,,,1,22,22,22,20260839
synthetic_rs_threshold_scan,Bill_McBride,,,5,,,,,,1,23,23,23,20260840
synthetic_rs_threshold_scan,Bill_McBride,,,5,,,,,,1,24,24,24,20260841
synthetic_rs_threshold_scan,Bill_McBride,,,5,,,,,,1,25,25,25,20260842
synthetic_rs_threshold_scan,Bill_McBride,,,5,,,,,,1,26,26,26,20260843
synthetic_rs_threshold_scan,Bill_McBride,,,5,,,,,,1,27,27,27,20260844
synthetic_rs_threshold_scan,Bill_McBride,,,5,,,,,,1,28,28,28,20260845
synthetic_rs_threshold_scan,Bill_McBride,,,5,,,,,,0,29,29,29,20260846
synthetic_rs_threshold_scan,Bill_McBride,,,5,,,,,,0,30,30,30,20260847
synthetic_rs_threshold_scan,Bill_McBride,,,5,,,,,,0,31,31,31,20260848
synthetic_rs_threshold_scan,Bill_McBride,,,5,,,,,,0,32,32,32,20260849
